# Blender 5.1.0
# www.blender.org
mtllib Untitled.mtl
o tree
v -0.321424 9.585039 -9.742423
v -0.937604 9.610226 -9.050707
v -0.555108 9.613401 -8.217249
v 0.334337 9.594800 -8.023734
v 0.874918 9.570786 -8.759368
v 0.614828 9.563710 -9.656199
v 0.481985 11.751582 -9.691430
v 0.388537 12.099968 -9.382713
v 0.601200 12.149834 -8.948336
v 0.933353 11.802422 -8.843678
v 1.026800 11.454037 -9.152390
v 0.814137 11.404177 -9.586768
v 1.586653 12.824915 -10.348044
v 1.399613 13.041534 -9.996167
v 1.604153 13.035281 -9.604495
v 2.025711 12.890841 -9.547420
v 2.192752 12.638653 -9.885405
v 1.954303 12.584646 -10.253520
v 2.173684 14.597023 -10.790042
v 1.947302 14.785295 -10.483296
v 2.117859 14.867281 -10.116038
v 2.529439 14.812160 -10.035564
v 2.736172 14.570568 -10.317841
v 2.552641 14.453373 -10.668940
v 2.824118 15.969574 -11.724326
v 2.652030 16.159824 -11.466153
v 2.828939 16.375248 -11.202456
v 3.180963 16.236450 -11.135310
v 3.336054 15.996317 -11.360584
v 3.203877 15.912132 -11.710844
v 3.264701 17.460398 -12.603801
v 3.028162 17.633680 -12.425470
v 3.143574 17.833241 -12.164584
v 3.480365 17.849779 -12.111876
v 3.713222 17.739832 -12.338749
v 3.598319 17.531511 -12.592916
v 2.759313 18.880230 -13.914739
v 2.566582 18.931622 -13.691423
v 2.631626 19.123463 -13.445422
v 2.947701 19.153721 -13.418734
v 3.138362 19.109804 -13.645405
v 3.045650 19.018353 -13.936232
v 2.450007 20.650181 -13.977571
v 2.286083 20.692753 -13.781980
v 2.364633 20.768154 -13.548375
v 2.620901 20.767113 -13.495361
v 2.781866 20.683931 -13.680075
v 2.705809 20.642769 -13.922853
v -0.814652 11.898275 -9.122792
v -0.954062 11.576639 -8.803222
v -0.780638 11.542534 -8.350787
v -0.437118 11.875870 -8.239355
v -0.297707 12.197506 -8.558925
v -0.471133 12.231611 -9.011357
v -1.922660 13.032463 -8.527001
v -2.170597 12.869642 -8.187474
v -1.952269 12.823568 -7.798711
v -1.567879 13.017107 -7.715824
v -1.346464 13.234793 -8.042710
v -1.518155 13.184412 -8.453704
v -2.261226 14.990772 -8.392622
v -2.500038 14.896351 -8.037902
v -2.338968 14.869278 -7.658314
v -1.916945 14.944048 -7.568861
v -1.678030 14.890888 -7.931996
v -1.839093 14.906911 -8.312213
v -1.891060 16.777924 -8.247893
v -2.104671 16.724754 -7.959309
v -2.012921 16.829987 -7.593582
v -1.631049 16.764324 -7.555159
v -1.418239 16.717344 -7.845409
v -1.508189 16.836174 -8.207405
v -2.137686 18.537460 -8.248218
v -2.390886 18.473330 -8.013106
v -2.274592 18.451279 -7.679060
v -1.948533 18.530355 -7.608228
v -1.735190 18.699596 -7.830397
v -1.835118 18.678463 -8.169760
v -2.450913 15.392092 -8.254950
v -1.922856 15.151186 -8.183505
v -2.662688 14.990417 -8.346020
v -2.138097 14.700350 -8.279438
v -2.762437 14.943277 -7.896224
v -2.250679 14.649099 -7.785995
v -2.550663 15.344957 -7.805148
v -2.035438 15.099936 -7.690061
v -3.302090 15.946224 -8.491500
v -3.615200 15.704418 -8.628687
v -3.741870 15.671906 -8.230914
v -3.509013 16.005657 -8.132365
v -4.128808 16.998186 -8.551572
v -4.349837 16.723347 -8.681611
v -4.430624 16.621544 -8.328934
v -4.210072 16.896690 -8.198897
v -4.715680 17.314556 -8.628313
v -4.963434 17.081980 -8.745952
v -4.960959 16.939875 -8.415613
v -4.791627 17.229965 -8.287150
v -5.183704 17.860069 -8.120562
v -5.486573 17.731318 -8.201195
v -5.442826 17.498558 -7.958929
v -5.164189 17.657385 -7.849734
v -1.397947 13.599122 -8.259550
v -1.762062 13.145615 -8.479666
v -1.557822 13.547866 -7.790277
v -1.946211 13.076565 -7.964013
v -1.173095 13.245824 -7.694606
v -1.530962 12.727524 -7.862456
v -1.013220 13.297073 -8.163874
v -1.346813 12.796574 -8.378110
v -0.398142 14.207617 -7.995429
v -0.547740 14.225429 -7.666546
v -0.445990 13.885992 -7.593797
v -0.296391 13.868179 -7.922680
v 0.191190 14.406479 -7.550014
v 0.018298 14.435432 -7.251487
v 0.081911 14.097975 -7.207594
v 0.347464 14.122530 -7.428341
v 0.596391 14.702040 -7.157673
v 0.388973 14.727049 -6.909319
v 0.583996 14.545013 -6.724496
v 0.755659 14.473906 -6.990589
v 0.869834 15.217743 -7.158855
v 0.745222 15.319845 -6.897283
v 1.001153 15.237883 -6.748433
v 1.135902 15.164869 -7.014679
v 1.004308 16.049240 -7.368388
v 0.894751 16.015343 -7.078559
v 1.170927 16.103765 -6.964281
v 1.272281 15.973200 -7.228536
v 0.947496 16.880520 -7.390328
v 0.860928 16.766897 -7.136314
v 1.108847 16.863003 -7.017062
v 1.190521 16.764570 -7.278898
v -1.321393 14.419887 -7.587439
v -1.439647 14.134995 -7.396748
v -1.104658 14.069351 -7.274347
v -0.986404 14.354242 -7.465038
v -1.386829 14.822168 -6.890478
v -1.500232 14.533651 -6.745107
v -1.174877 14.451824 -6.676688
v -1.077008 14.770661 -6.754129
v -1.582758 14.985302 -6.265151
v -1.680076 14.691713 -6.172685
v -1.429363 14.669258 -5.970564
v -1.308824 14.938951 -6.100756
v -1.927486 15.328965 -5.941046
v -2.110981 15.200157 -5.732218
v -1.885069 15.212561 -5.525620
v -1.700754 15.338943 -5.735213
v -1.942665 16.106773 -5.924778
v -2.129834 16.008726 -5.710051
v -1.930347 16.080067 -5.495888
v -1.725647 16.100868 -5.715925
v -2.286432 16.867352 -5.824446
v -2.391743 16.661789 -5.621737
v -2.265471 16.844627 -5.409467
v -2.061948 16.784292 -5.631690
v 3.520792 17.152971 -12.628051
v 3.410684 17.238113 -11.949539
v 3.548471 16.765060 -12.575171
v 3.445273 16.797585 -11.905982
v 3.167206 16.727818 -12.660656
v 3.010914 16.755320 -11.988110
v 3.139525 17.115730 -12.713541
v 2.976325 17.195910 -12.031666
v 3.684727 17.040205 -13.279440
v 3.708212 16.682184 -13.210966
v 3.345591 16.661482 -13.249542
v 3.344868 16.992306 -13.404377
v 3.846048 16.713976 -13.911915
v 3.782186 16.428661 -13.718939
v 3.514868 16.361467 -13.935135
v 3.498318 16.710852 -13.954234
v 4.222267 16.544979 -14.451971
v 4.202170 16.225487 -14.419397
v 3.983566 16.212318 -14.655176
v 3.966121 16.533525 -14.646423
v 4.668314 16.595512 -14.874534
v 4.840672 16.328024 -14.961868
v 4.596544 16.351974 -15.182603
v 4.676454 16.671894 -15.195466
v 5.492043 16.773575 -14.976115
v 5.671819 16.539528 -15.015072
v 5.539660 16.559313 -15.281035
v 5.545719 16.855959 -15.257025
v 1.136931 17.781116 -7.082516
v -2.515816 17.666021 -5.598063
v 6.643809 22.454800 -12.461438
v 4.210017 24.849957 -11.486531
v 3.619727 21.392254 -10.932846
v 4.936985 19.597374 -13.699368
v 1.448345 20.226559 -13.489542
v 0.999052 23.472816 -12.121934
v 5.892095 25.191990 -14.595247
v 6.341406 21.945732 -15.962837
v 3.720713 24.026295 -17.151932
v 3.130424 20.568592 -16.598270
v 0.696649 22.963749 -15.623375
v 2.403455 25.821175 -14.385421
v -4.955569 23.194057 -5.350431
v -0.521696 22.904148 -4.695103
v -2.145453 25.579227 -7.916903
v -3.059175 19.200825 -4.556293
v 0.922970 19.118073 -6.631955
v 1.487682 23.060158 -8.708925
v -5.686477 23.529232 -9.769276
v -4.241807 19.743155 -11.706127
v -6.251181 19.587145 -7.692309
v -2.618047 17.068075 -8.484330
v 0.192068 19.453308 -11.050799
v -1.704325 23.446478 -11.844938
v -7.377430 20.261412 -4.821663
v -6.655019 21.823288 -7.117387
v -8.613260 19.740276 -7.357968
v -7.795907 17.557484 -5.684937
v -7.332103 17.448208 -8.514196
v -6.626966 20.084637 -9.399501
v -4.627354 20.927898 -5.295666
v -5.332462 18.291470 -4.410365
v -3.346185 18.635834 -6.451891
v -5.304445 16.552820 -6.692473
v -4.582021 18.114697 -8.988201
v -4.163550 20.818626 -8.124928
v 0.015967 18.195366 -8.179726
v 1.079256 19.373251 -7.563942
v 1.670520 18.138340 -8.575199
v 0.836035 16.703930 -8.196766
v 2.406150 16.960026 -7.591518
v 2.556469 18.609800 -7.200415
v -0.120653 18.702045 -6.560516
v -0.270972 17.052273 -6.951620
v 0.614975 17.523733 -5.576838
v 1.206245 16.288822 -6.588093
v 2.269526 17.466707 -5.972309
v 1.449460 18.958141 -5.955269
v 8.525853 17.000086 -15.623009
v 7.086298 15.755601 -16.619770
v 7.132788 17.867727 -17.009151
v 7.504223 15.455733 -14.534068
v 5.479676 15.368853 -15.247164
v 5.250138 16.859512 -16.776882
v 7.579441 18.873186 -15.164104
v 5.972862 18.486439 -13.791498
v 7.809015 17.382484 -13.634411
v 5.926341 16.374331 -13.402122
v 4.533264 17.241911 -14.788248
v 5.554943 18.786331 -15.877206
v 1.227401 23.133846 -11.688707
v 2.786761 23.903790 -10.235518
v 1.863398 21.857161 -9.927485
v -0.324512 21.981810 -10.505212
v 0.275711 22.039816 -8.320578
v 2.198584 23.227684 -8.153895
v 1.169512 25.293364 -11.003616
v -0.753356 24.105494 -11.170297
v -0.418177 25.475956 -9.396710
v -1.341533 23.429327 -9.088678
v 0.217824 24.199333 -7.635485
v 1.769737 25.351368 -8.818983
v -0.222365 11.488044 -9.600372
v -0.772571 11.366714 -9.019076
v -0.437451 11.359751 -8.387424
v -0.724304 13.620481 -8.049815
v 0.296009 11.457473 -8.234020
v 0.807663 11.266420 -8.836339
v 0.523220 11.287369 -9.493584
v -0.029572 12.159082 -9.220975
v 0.198720 12.145619 -8.619234
v -1.174602 13.934314 -8.150159
v -1.380680 13.908808 -7.637421
v -0.932532 13.639322 -7.598134
v -0.885815 14.174185 -7.742867
v -2.540274 17.670738 -5.764339
v -2.653420 17.536350 -5.577758
v -2.490482 17.658365 -5.431860
v 0.968922 17.677416 -7.026875
v 1.188396 17.620634 -6.948808
v -2.359794 17.734318 -5.619961
v 1.065762 17.772541 -7.238238
v 1.286290 17.724764 -7.158996
vn -0.7072 0.3531 -0.6126
vn -0.5764 0.7945 0.1910
vn 0.1575 0.4199 0.8938
vn 0.7230 -0.3393 0.6018
vn 0.6240 -0.7500 -0.2194
vn 0.6240 -0.7500 -0.2195
vn -0.1249 -0.3938 -0.9107
vn -0.8344 0.1437 -0.5320
vn -0.8797 0.3396 0.3328
vn -0.0428 0.2565 0.9656
vn -0.0428 0.2566 0.9656
vn 0.8608 -0.0989 0.4992
vn 0.8124 -0.3353 -0.4770
vn 0.0893 -0.2433 -0.9658
vn -0.8070 -0.0084 -0.5904
vn -0.8071 -0.0084 -0.5904
vn -0.7961 0.5528 0.2463
vn -0.0738 0.6056 0.7923
vn 0.8270 0.0538 0.5596
vn 0.8087 -0.5353 -0.2440
vn 0.8086 -0.5353 -0.2440
vn 0.0336 -0.5908 -0.8061
vn 0.0337 -0.5908 -0.8061
vn -0.8612 -0.1040 -0.4974
vn -0.8612 -0.1040 -0.4975
vn -0.8787 0.3969 0.2652
vn -0.8787 0.3969 0.2653
vn 0.0383 0.5122 0.8580
vn 0.0383 0.5123 0.8580
vn 0.8632 0.0918 0.4965
vn 0.8632 0.0918 0.4964
vn 0.8629 0.0909 0.4972
vn 0.9037 -0.3409 -0.2591
vn 0.9037 -0.3408 -0.2591
vn -0.0399 -0.4705 -0.8815
vn -0.0399 -0.4704 -0.8815
vn -0.7140 -0.5949 -0.3691
vn -0.9205 0.0222 0.3902
vn -0.9204 0.0222 0.3902
vn -0.1467 0.6697 0.7280
vn -0.1468 0.6697 0.7280
vn 0.6693 0.6403 0.3768
vn 0.6694 0.6403 0.3768
vn 0.9169 -0.0193 -0.3986
vn 0.9169 -0.0194 -0.3986
vn 0.9169 -0.0194 -0.3987
vn 0.1588 -0.6287 -0.7612
vn 0.1589 -0.6287 -0.7612
vn -0.7653 -0.1559 -0.6245
vn -0.9288 -0.1301 0.3471
vn -0.0886 0.0479 0.9949
vn 0.7694 0.1849 0.6114
vn 0.7695 0.1849 0.6114
vn 0.9152 0.1944 -0.3529
vn 0.9153 0.1944 -0.3529
vn -0.0533 -0.0447 -0.9976
vn -0.6868 -0.3404 -0.6422
vn -0.6642 -0.7203 0.2003
vn 0.0463 -0.3593 0.9321
vn 0.6660 0.3603 0.6532
vn 0.6098 0.7729 -0.1755
vn 0.6098 0.7728 -0.1755
vn -0.0870 0.3954 -0.9144
vn -0.0870 0.3953 -0.9144
vn -0.8149 -0.0902 -0.5726
vn -0.8148 -0.0902 -0.5726
vn -0.8648 -0.1952 0.4625
vn -0.8649 -0.1952 0.4625
vn -0.1888 -0.1027 0.9766
vn 0.8376 0.1109 0.5349
vn 0.8376 0.1109 0.5348
vn 0.8952 0.1995 -0.3984
vn 0.1438 0.0925 -0.9853
vn -0.8364 0.2028 -0.5092
vn -0.9082 0.1380 0.3952
vn -0.2077 0.0023 0.9782
vn 0.8190 -0.1328 0.5583
vn 0.8189 -0.1328 0.5583
vn 0.9103 -0.1349 -0.3913
vn 0.1910 0.0206 -0.9814
vn -0.6647 -0.0933 -0.7413
vn -0.9487 -0.1467 0.2802
vn -0.0980 0.0123 0.9951
vn 0.6772 0.1028 0.7286
vn 0.9693 0.1564 -0.1895
vn 0.9693 0.1564 -0.1896
vn 0.0994 0.0379 -0.9943
vn 0.0994 0.0380 -0.9943
vn 0.1886 0.1175 -0.9750
vn 0.1886 0.1174 -0.9750
vn -0.4557 -0.8687 -0.1942
vn -0.2553 -0.0830 0.9633
vn 0.3876 0.9036 0.1822
vn 0.2433 0.2481 -0.9377
vn 0.2433 0.2480 -0.9377
vn -0.4474 -0.8267 -0.3412
vn -0.2710 -0.2251 0.9359
vn 0.4119 0.8461 0.3383
vn -0.1446 0.5650 -0.8123
vn -0.1446 0.5649 -0.8123
vn -0.8398 -0.5010 -0.2092
vn 0.2174 -0.4986 0.8392
vn 0.2173 -0.4986 0.8392
vn 0.8438 0.4461 0.2985
vn 0.8438 0.4461 0.2984
vn -0.7284 0.6634 -0.1713
vn -0.3094 -0.0929 0.9464
vn 0.7759 -0.5994 0.1967
vn 0.3567 0.1565 -0.9210
vn 0.3567 0.1564 -0.9210
vn -0.2130 0.9656 -0.1492
vn -0.2131 0.9656 -0.1492
vn -0.5904 -0.0039 0.8071
vn 0.2499 -0.9540 0.1654
vn 0.6061 0.0113 -0.7953
vn 0.6061 0.0112 -0.7953
vn -0.3604 0.8851 -0.2946
vn -0.6779 -0.0323 0.7344
vn 0.3891 -0.8417 0.3745
vn 0.6970 0.0782 -0.7127
vn -0.7269 0.4474 -0.5210
vn -0.4143 0.2794 0.8662
vn 0.7501 -0.4343 0.4988
vn 0.7501 -0.4344 0.4987
vn 0.4193 -0.2611 -0.8695
vn -0.8970 0.0340 -0.4406
vn -0.8971 0.0340 -0.4406
vn -0.4079 0.2953 0.8640
vn -0.4079 0.2953 0.8639
vn 0.9163 -0.0820 0.3920
vn 0.9163 -0.0819 0.3920
vn 0.3793 -0.2833 -0.8808
vn -0.9301 -0.0731 -0.3601
vn -0.9300 -0.0731 -0.3601
vn -0.3909 0.0320 0.9199
vn 0.9452 0.1170 0.3047
vn 0.9452 0.1171 0.3047
vn 0.4645 0.0084 -0.8855
vn -0.9439 0.2398 -0.2270
vn -0.3319 -0.8181 0.4696
vn 0.9420 -0.2231 0.2507
vn 0.3264 0.8332 -0.4464
vn -0.9212 0.1915 -0.3386
vn -0.2769 -0.9419 0.1902
vn 0.9050 -0.1848 0.3831
vn 0.9051 -0.1848 0.3831
vn 0.2319 0.9587 -0.1647
vn 0.2318 0.9587 -0.1647
vn -0.7077 0.0121 -0.7064
vn -0.4474 -0.7606 0.4705
vn 0.7113 0.0212 0.7026
vn 0.4022 0.8004 -0.4446
vn -0.7539 0.0004 -0.6570
vn -0.7201 -0.0613 0.6912
vn 0.7314 0.0148 0.6818
vn 0.6712 0.0286 -0.7407
vn -0.7336 -0.2481 -0.6327
vn -0.6235 -0.3522 0.6980
vn 0.7013 0.2312 0.6743
vn 0.7014 0.2312 0.6743
vn 0.6469 0.3796 -0.6614
vn 0.9847 0.0920 0.1483
vn 0.0852 -0.9945 0.0605
vn -0.9704 -0.0982 -0.2208
vn -0.0709 0.9886 -0.1332
vn 0.9689 0.1000 0.2265
vn 0.0640 -0.9874 0.1447
vn -0.9582 -0.1047 -0.2661
vn -0.0529 0.9802 -0.1909
vn 0.9753 0.1015 0.1964
vn 0.0093 -0.9152 0.4029
vn 0.0094 -0.9152 0.4029
vn -0.9753 -0.0953 -0.1991
vn 0.0397 0.8921 -0.4501
vn 0.0397 0.8921 -0.4500
vn 0.8666 0.1316 0.4814
vn 0.0533 -0.9704 0.2357
vn -0.8426 -0.0691 -0.5342
vn -0.8426 -0.0691 -0.5341
vn 0.0967 0.9779 -0.1852
vn 0.0967 0.9779 -0.1853
vn 0.6435 0.0375 0.7645
vn 0.0348 -0.9887 -0.1459
vn -0.6101 -0.0115 -0.7922
vn -0.6101 -0.0116 -0.7922
vn -0.1178 0.9883 0.0967
vn -0.1178 0.9883 0.0968
vn 0.1218 -0.2362 0.9640
vn 0.1948 -0.9662 -0.1687
vn -0.1005 -0.0148 -0.9948
vn -0.1867 0.9568 0.2230
vn -0.1868 0.9568 0.2230
vn -0.7422 0.0882 -0.6643
vn -0.7422 0.0882 -0.6644
vn -0.9062 0.0777 0.4156
vn -0.2093 0.1054 0.9721
vn -0.2093 0.1054 0.9722
vn 0.8043 0.0830 0.5884
vn 0.8043 0.0830 0.5883
vn 0.9574 0.0771 -0.2783
vn 0.0931 0.0693 -0.9932
vn -0.3017 0.5335 -0.7902
vn -0.3017 0.5334 -0.7902
vn 0.0060 0.9998 0.0201
vn 0.4544 0.4832 0.7484
vn 0.7264 -0.1612 0.6681
vn 0.4358 -0.8736 -0.2164
vn 0.4358 -0.8736 -0.2165
vn 0.0269 -0.3899 -0.9205
vn -0.6928 -0.1905 -0.6955
vn -0.4395 -0.8700 0.2236
vn -0.1213 -0.2001 0.9722
vn -0.1213 -0.2001 0.9723
vn 0.2787 0.4988 0.8207
vn 0.1465 0.9886 -0.0335
vn 0.1465 0.9886 -0.0334
vn -0.2768 0.5320 -0.8002
vn -0.8017 0.5190 -0.2964
vn -0.1679 -0.1368 0.9763
vn -0.1678 -0.1368 0.9763
vn 0.6450 -0.6911 0.3261
vn 0.6449 -0.6912 0.3261
vn 0.6449 -0.6911 0.3261
vn 0.2763 0.0906 -0.9568
vn -0.2934 0.9380 -0.1843
vn -0.1455 0.2702 0.9517
vn 0.4375 -0.8672 0.2379
vn 0.2028 -0.0220 -0.9790
vn 0.2029 -0.0220 -0.9790
vn -0.9535 0.1689 -0.2494
vn -0.9535 0.1690 -0.2494
vn -0.4137 -0.0601 0.9084
vn 0.9302 -0.1354 0.3411
vn 0.4423 0.0676 -0.8943
vn -0.9209 0.1423 -0.3630
vn -0.4428 -0.6457 0.6221
vn 0.9022 0.0375 0.4298
vn 0.2165 0.7664 -0.6048
vn 0.2158 0.7668 -0.6046
vn -0.7714 -0.2004 -0.6040
vn -0.5613 -0.2082 0.8010
vn 0.7481 0.2269 0.6236
vn 0.5719 0.1892 -0.7982
vn 0.5719 0.1891 -0.7982
vn 0.0761 0.8957 0.4380
vn 0.0295 0.8902 0.4547
vn 0.9094 -0.0522 -0.4127
vn -0.6650 0.7360 0.1269
vn -0.3964 0.9133 0.0934
vn 0.9485 0.2882 -0.1313
vn -0.3485 -0.1574 0.9240
vn -0.3484 -0.1574 0.9240
vn -0.7687 -0.5694 -0.2914
vn -0.7687 -0.5694 -0.2913
vn 0.7302 0.5932 0.3389
vn 0.2899 0.1600 -0.9436
vn -0.3440 -0.0314 0.9384
vn -0.5381 -0.8175 -0.2050
vn 0.4954 0.8457 0.1985
vn 0.3015 0.0568 -0.9518
vn 0.4301 0.0707 0.9000
vn 0.5204 -0.5817 0.6252
vn -0.1249 -0.8584 0.4975
vn -0.6140 -0.3771 0.6934
vn -0.2710 0.1971 0.9422
vn 0.6140 0.3771 -0.6934
vn 0.2710 -0.1971 -0.9422
vn -0.4301 -0.0707 -0.9000
vn -0.5204 0.5817 -0.6252
vn 0.1249 0.8584 -0.4975
vn 0.7123 0.5426 0.4451
vn 0.8584 -0.5129 0.0004
vn -0.1857 -0.9607 -0.2062
vn -0.9770 -0.1819 0.1108
vn -0.4221 0.7472 0.5134
vn 0.9770 0.1819 -0.1108
vn 0.4221 -0.7472 -0.5134
vn -0.7123 -0.5426 -0.4451
vn -0.8584 0.5129 -0.0004
vn 0.1857 0.9607 0.2062
vn -0.0469 0.7568 0.6520
vn -0.1366 0.1304 0.9820
vn 0.4407 -0.2698 0.8562
vn 0.8872 0.1091 0.4484
vn 0.5858 0.7436 0.3222
vn -0.8872 -0.1091 -0.4484
vn -0.5858 -0.7436 -0.3222
vn 0.0469 -0.7568 -0.6520
vn 0.1366 -0.1304 -0.9820
vn -0.4407 0.2698 -0.8562
vn -0.5541 0.8182 0.1537
vn -0.6993 -0.1953 0.6877
vn 0.2348 -0.8430 0.4841
vn 0.9573 -0.2297 -0.1758
vn 0.4697 0.7969 -0.3799
vn -0.9573 0.2297 0.1758
vn -0.4697 -0.7969 0.3799
vn 0.5541 -0.8182 -0.1537
vn 0.6993 0.1953 -0.6877
vn -0.2348 0.8430 -0.4841
vn -0.7235 0.6550 0.2180
vn -0.8989 -0.0008 0.4382
vn -0.8919 -0.4332 -0.1295
vn -0.7122 -0.0447 -0.7005
vn -0.6081 0.6278 -0.4858
vn 0.7122 0.0447 0.7005
vn 0.6081 -0.6278 0.4858
vn 0.7235 -0.6550 -0.2180
vn 0.8989 0.0008 -0.4382
vn 0.8919 0.4332 0.1295
vn -0.1108 0.8376 0.5350
vn -0.3946 -0.2235 0.8913
vn -0.3833 -0.9232 -0.0272
vn -0.0925 -0.2946 -0.9511
vn 0.0759 0.7936 -0.6037
vn 0.0925 0.2946 0.9511
vn -0.0759 -0.7936 0.6037
vn 0.1108 -0.8376 -0.5350
vn 0.3946 0.2235 -0.8913
vn 0.3833 0.9232 0.0272
vn -0.1717 0.5737 -0.8009
vn -0.2347 -0.1180 -0.9649
vn 0.3846 -0.4381 -0.8125
vn 0.8305 0.0557 -0.5543
vn 0.4866 0.6810 -0.5471
vn -0.8305 -0.0557 0.5543
vn -0.4866 -0.6810 0.5471
vn 0.1717 -0.5737 0.8009
vn 0.2347 0.1180 0.9649
vn -0.3846 0.4381 0.8125
vn -0.6358 0.7197 -0.2789
vn -0.7378 -0.3994 -0.5442
vn 0.2643 -0.9174 -0.2976
vn 0.9857 -0.1183 0.1202
vn 0.4293 0.8935 0.1318
vn -0.9857 0.1183 -0.1202
vn -0.4293 -0.8935 -0.1318
vn 0.6358 -0.7197 0.2789
vn 0.7378 0.3994 0.5442
vn -0.2643 0.9174 0.2976
vn 0.6480 -0.1519 -0.7463
vn 0.7243 -0.6471 -0.2382
vn 0.0988 -0.9820 -0.1610
vn -0.3639 -0.6938 -0.6215
vn -0.0245 -0.1807 -0.9832
vn 0.3639 0.6938 0.6215
vn 0.0245 0.1807 0.9832
vn -0.6480 0.1519 0.7463
vn -0.7243 0.6471 0.2382
vn -0.0988 0.9820 0.1610
vn 0.7493 0.4882 -0.4474
vn 0.8727 -0.3130 0.3748
vn -0.1393 -0.8550 0.4996
vn -0.8881 -0.3886 -0.2454
vn -0.3389 0.4415 -0.8308
vn 0.8881 0.3886 0.2454
vn 0.3389 -0.4415 0.8308
vn -0.7493 -0.4882 0.4475
vn -0.8727 0.3130 -0.3748
vn 0.1393 0.8550 -0.4996
vn 0.7220 -0.4096 -0.5577
vn 0.1165 -0.7837 -0.6101
vn -0.0688 -0.9966 0.0454
vn 0.4223 -0.7541 0.5029
vn 0.9110 -0.3914 0.1303
vn -0.4223 0.7541 -0.5029
vn -0.9110 0.3914 -0.1303
vn -0.7220 0.4096 0.5576
vn -0.1165 0.7837 0.6101
vn 0.0687 0.9966 -0.0453
vn 0.5869 0.2591 -0.7671
vn -0.3928 -0.3461 -0.8520
vn -0.6925 -0.6906 0.2086
vn 0.1020 -0.2983 0.9490
vn 0.8927 0.2886 0.3460
vn -0.1020 0.2983 -0.9490
vn -0.8927 -0.2886 -0.3460
vn -0.5869 -0.2591 0.7671
vn 0.3928 0.3461 0.8520
vn 0.6925 0.6906 -0.2086
vt 0.175435 0.163566
vt 0.227393 0.163566
vt 0.202202 0.288261
vt 0.150245 0.289632
vt 0.279351 0.163566
vt 0.254160 0.285937
vt 0.331308 0.163566
vt 0.306118 0.289632
vt 0.383266 0.163566
vt 0.358075 0.288261
vt 0.435223 0.163566
vt 0.410033 0.285937
vt 0.487181 0.163566
vt 0.461990 0.289632
vt 0.172788 0.435765
vt 0.120830 0.437733
vt 0.224745 0.434466
vt 0.276703 0.437733
vt 0.328660 0.435765
vt 0.380618 0.434466
vt 0.432576 0.437733
vt 0.144204 0.574706
vt 0.092247 0.576682
vt 0.196162 0.579905
vt 0.248120 0.576682
vt 0.300077 0.574706
vt 0.352035 0.579905
vt 0.403993 0.576682
vt 0.116520 0.717314
vt 0.064563 0.714772
vt 0.168478 0.716962
vt 0.220436 0.714772
vt 0.272393 0.717314
vt 0.324351 0.716962
vt 0.376309 0.714772
vt 0.087492 0.861430
vt 0.035535 0.861160
vt 0.139450 0.865035
vt 0.191408 0.861160
vt 0.243365 0.861430
vt 0.295323 0.865035
vt 0.347280 0.861160
vt 0.061958 0.988661
vt 0.010000 0.990000
vt 0.113915 0.989790
vt 0.165873 0.990000
vt 0.217831 0.988661
vt 0.269788 0.989790
vt 0.321746 0.990000
vt 0.227375 0.163655
vt 0.201632 0.292434
vt 0.149675 0.290455
vt 0.175418 0.163655
vt 0.279333 0.163655
vt 0.253590 0.288954
vt 0.331290 0.163655
vt 0.305548 0.290455
vt 0.383248 0.163655
vt 0.357505 0.292434
vt 0.435206 0.163655
vt 0.409463 0.288954
vt 0.487163 0.163655
vt 0.461421 0.290455
vt 0.173259 0.433000
vt 0.121302 0.437702
vt 0.225217 0.432648
vt 0.277175 0.437702
vt 0.329132 0.433000
vt 0.381090 0.432648
vt 0.433048 0.437702
vt 0.144368 0.572834
vt 0.092410 0.576020
vt 0.196326 0.579962
vt 0.248283 0.576020
vt 0.300241 0.572834
vt 0.352199 0.579962
vt 0.404156 0.576020
vt 0.065625 0.709654
vt 0.117582 0.713252
vt 0.169540 0.711774
vt 0.221498 0.709654
vt 0.273455 0.713252
vt 0.325413 0.711774
vt 0.377370 0.709654
vt 0.521660 0.295987
vt 0.529215 0.333762
vt 0.472124 0.333762
vt 0.464568 0.295987
vt 0.578752 0.295987
vt 0.586307 0.333762
vt 0.635843 0.295987
vt 0.643398 0.333762
vt 0.692935 0.295987
vt 0.700490 0.333762
vt 0.560793 0.489959
vt 0.569502 0.534311
vt 0.512411 0.531188
vt 0.503702 0.489940
vt 0.617885 0.489940
vt 0.626594 0.531188
vt 0.674977 0.489959
vt 0.683685 0.534311
vt 0.732068 0.489940
vt 0.740777 0.531188
vt 0.578416 0.577857
vt 0.521325 0.576322
vt 0.635508 0.576322
vt 0.692599 0.577857
vt 0.749691 0.576322
vt 0.452228 0.586489
vt 0.458819 0.619443
vt 0.412457 0.619443
vt 0.405866 0.586489
vt 0.498591 0.586489
vt 0.505182 0.619443
vt 0.544953 0.586489
vt 0.551544 0.619443
vt 0.591316 0.586489
vt 0.597907 0.619443
vt 0.425806 0.686190
vt 0.472169 0.686190
vt 0.482260 0.736613
vt 0.435897 0.733184
vt 0.518531 0.686190
vt 0.528622 0.733184
vt 0.564894 0.686190
vt 0.574985 0.736613
vt 0.611256 0.686190
vt 0.621347 0.733184
vt 0.490959 0.777583
vt 0.444596 0.779163
vt 0.537321 0.779163
vt 0.583684 0.777583
vt 0.630046 0.779163
vt 0.500113 0.824583
vt 0.453751 0.823776
vt 0.546476 0.823776
vt 0.592838 0.824583
vt 0.639201 0.823776
vt 0.510271 0.875009
vt 0.463908 0.879329
vt 0.556633 0.879329
vt 0.602996 0.875009
vt 0.649358 0.879329
vt 0.520698 0.924894
vt 0.474336 0.930396
vt 0.567061 0.930396
vt 0.613423 0.924894
vt 0.659786 0.930396
vt 0.425483 0.684572
vt 0.471845 0.684572
vt 0.482139 0.735481
vt 0.435777 0.733512
vt 0.518207 0.684572
vt 0.528502 0.733512
vt 0.564570 0.684572
vt 0.574864 0.735481
vt 0.610932 0.684572
vt 0.621227 0.733512
vt 0.491103 0.778269
vt 0.444741 0.779574
vt 0.537466 0.779574
vt 0.583828 0.778269
vt 0.630191 0.779574
vt 0.500215 0.824696
vt 0.453852 0.824765
vt 0.546577 0.824765
vt 0.592940 0.824696
vt 0.639302 0.824765
vt 0.510036 0.874687
vt 0.463673 0.876745
vt 0.556398 0.876745
vt 0.602761 0.874687
vt 0.649123 0.876745
vt 0.474026 0.929901
vt 0.520388 0.922535
vt 0.566751 0.929901
vt 0.613113 0.922535
vt 0.659476 0.929901
vt 0.521713 0.023547
vt 0.573561 0.023547
vt 0.565551 0.063599
vt 0.513703 0.063599
vt 0.625410 0.023547
vt 0.617399 0.063599
vt 0.677258 0.023547
vt 0.669248 0.063599
vt 0.729106 0.023547
vt 0.721096 0.063599
vt 0.557452 0.103931
vt 0.505604 0.101224
vt 0.609301 0.101224
vt 0.661149 0.103931
vt 0.712997 0.101224
vt 0.549303 0.138767
vt 0.497455 0.144623
vt 0.601152 0.144623
vt 0.653000 0.138767
vt 0.704849 0.144623
vt 0.540382 0.187948
vt 0.488534 0.189567
vt 0.592230 0.189567
vt 0.644079 0.187948
vt 0.695927 0.189567
vt 0.531090 0.238910
vt 0.479241 0.230896
vt 0.582938 0.230896
vt 0.634786 0.238910
vt 0.686635 0.230896
vt 0.520932 0.289510
vt 0.469084 0.283809
vt 0.572781 0.283809
vt 0.624629 0.289510
vt 0.676477 0.283809
vt 0.206149 0.010000
vt 0.258644 0.010000
vt 0.241328 0.102556
vt 0.187637 0.102556
vt 0.310384 0.010000
vt 0.289964 0.102556
vt 0.361159 0.010000
vt 0.342201 0.102556
vt 0.412970 0.010000
vt 0.396386 0.102556
vt 0.465546 0.010000
vt 0.445489 0.102556
vt 0.517894 0.010000
vt 0.499383 0.102556
vt 0.234079 0.130135
vt 0.287171 0.124463
vt 0.390700 0.126395
vt 0.442621 0.126578
vt 0.465536 0.643919
vt 0.417192 0.642528
vt 0.511448 0.642381
vt 0.554412 0.643808
vt 0.602642 0.642528
vt 0.467727 0.663983
vt 0.531276 0.982187
vt 0.484913 0.986216
vt 0.577638 0.981110
vt 0.624001 0.985614
vt 0.670363 0.986216
vt 0.560168 0.662561
vt 0.530881 0.979097
vt 0.484518 0.983842
vt 0.577243 0.982917
vt 0.623606 0.984496
vt 0.669968 0.983842
vt 0.170651 0.081439
vt 0.151488 0.062277
vt 0.170651 0.062277
vt 0.189813 0.062277
vt 0.170651 0.043114
vt 0.166540 0.017407
vt 0.188605 0.010000
vt 0.181276 0.024736
vt 0.173947 0.039471
vt 0.196012 0.032065
vt 0.601738 0.408093
vt 0.658830 0.412179
vt 0.544646 0.412179
vt 0.715921 0.408093
vt 0.487555 0.408093
vt 0.088423 0.846225
vt 0.010000 0.846225
vt 0.049211 0.990000
vt 0.166845 0.846225
vt 0.127634 0.990000
vt 0.245268 0.846225
vt 0.206057 0.990000
vt 0.323691 0.846225
vt 0.284480 0.990000
vt 0.402114 0.846225
vt 0.362902 0.990000
vt 0.049211 0.702450
vt 0.127634 0.702450
vt 0.088423 0.558675
vt 0.206057 0.702450
vt 0.166845 0.558675
vt 0.284480 0.702450
vt 0.245268 0.558675
vt 0.362902 0.702450
vt 0.323691 0.558675
vt 0.441325 0.702450
vt 0.402114 0.558675
vt 0.109188 0.373689
vt 0.059594 0.555533
vt 0.010000 0.373689
vt 0.208375 0.373689
vt 0.158782 0.555533
vt 0.307564 0.373689
vt 0.257969 0.555533
vt 0.406751 0.373689
vt 0.357157 0.555533
vt 0.505939 0.373689
vt 0.456345 0.555533
vt 0.059594 0.191844
vt 0.109188 0.010000
vt 0.158782 0.191844
vt 0.208375 0.010000
vt 0.257969 0.191844
vt 0.307564 0.010000
vt 0.357157 0.191844
vt 0.406751 0.010000
vt 0.456345 0.191844
vt 0.505939 0.010000
vt 0.555533 0.191844
vt 0.464198 0.872173
vt 0.400837 0.872173
vt 0.432518 0.988334
vt 0.527559 0.872173
vt 0.495878 0.988334
vt 0.590920 0.872173
vt 0.559239 0.988334
vt 0.654281 0.872173
vt 0.622601 0.988334
vt 0.717642 0.872173
vt 0.685962 0.988334
vt 0.432518 0.756011
vt 0.495878 0.756011
vt 0.464198 0.639849
vt 0.559239 0.756011
vt 0.527559 0.639849
vt 0.622601 0.756011
vt 0.590920 0.639849
vt 0.685962 0.756011
vt 0.654281 0.639849
vt 0.749323 0.756011
vt 0.717642 0.639849
vt 0.748090 0.583761
vt 0.710500 0.583761
vt 0.729295 0.652675
vt 0.785679 0.583761
vt 0.766884 0.652675
vt 0.823268 0.583761
vt 0.804473 0.652675
vt 0.860858 0.583761
vt 0.842063 0.652675
vt 0.898447 0.583761
vt 0.879652 0.652675
vt 0.729295 0.514847
vt 0.766884 0.514847
vt 0.748090 0.445934
vt 0.804473 0.514847
vt 0.785679 0.445934
vt 0.842063 0.514847
vt 0.823268 0.445934
vt 0.879652 0.514847
vt 0.860858 0.445934
vt 0.917241 0.514847
vt 0.898447 0.445934
vt 0.588077 0.268129
vt 0.564357 0.355103
vt 0.540636 0.268129
vt 0.635517 0.268129
vt 0.611797 0.355103
vt 0.682958 0.268129
vt 0.659238 0.355103
vt 0.730399 0.268129
vt 0.706678 0.355103
vt 0.777839 0.268129
vt 0.754119 0.355103
vt 0.564357 0.181155
vt 0.588077 0.094180
vt 0.611797 0.181155
vt 0.635517 0.094180
vt 0.659238 0.181155
vt 0.682958 0.094180
vt 0.706678 0.181155
vt 0.730399 0.094180
vt 0.754119 0.181155
vt 0.777839 0.094180
vt 0.801559 0.181155
vt 0.515525 0.543765
vt 0.465475 0.543765
vt 0.490500 0.635522
vt 0.565574 0.543765
vt 0.540550 0.635522
vt 0.615624 0.543765
vt 0.590599 0.635522
vt 0.665673 0.543765
vt 0.640649 0.635522
vt 0.715723 0.543765
vt 0.690698 0.635522
vt 0.490500 0.452007
vt 0.540550 0.452007
vt 0.515525 0.360250
vt 0.590599 0.452007
vt 0.565574 0.360250
vt 0.640649 0.452007
vt 0.615624 0.360250
vt 0.690698 0.452007
vt 0.665673 0.360250
vt 0.740748 0.452007
vt 0.715723 0.360250
s 1
usemtl Bark
f 7/1/1 8/2/1 14/3/1 13/4/1
f 9/5/2 15/6/2 14/3/2 8/2/2
f 10/7/3 16/8/3 15/6/3 9/5/3
f 11/9/4 17/10/4 16/8/4 10/7/4
f 11/9/5 12/11/6 18/12/5 17/10/5
f 12/11/7 7/13/7 13/14/7 18/12/7
f 13/4/8 14/3/8 20/15/8 19/16/8
f 21/17/9 20/15/9 14/3/9 15/6/9
f 16/8/10 22/18/11 21/17/11 15/6/10
f 16/8/12 17/10/12 23/19/12 22/18/12
f 17/10/13 18/12/13 24/20/13 23/19/13
f 18/12/14 13/14/14 19/21/14 24/20/14
f 20/15/15 26/22/16 25/23/15 19/16/15
f 21/17/17 27/24/17 26/22/17 20/15/17
f 21/17/18 22/18/18 28/25/18 27/24/18
f 22/18/19 23/19/19 29/26/19 28/25/19
f 24/20/20 30/27/20 29/26/21 23/19/20
f 24/20/22 19/21/23 25/28/23 30/27/23
f 26/22/24 32/29/25 31/30/25 25/23/25
f 26/22/26 27/24/26 33/31/27 32/29/26
f 28/25/28 34/32/29 33/31/28 27/24/28
f 29/26/30 35/33/31 34/32/30 28/25/32
f 29/26/33 30/27/33 36/34/33 35/33/34
f 30/27/35 25/28/35 31/35/36 36/34/35
f 31/30/37 32/29/37 38/36/37 37/37/37
f 33/31/38 39/38/38 38/36/39 32/29/38
f 34/32/40 40/39/41 39/38/40 33/31/41
f 35/33/42 41/40/43 40/39/43 34/32/42
f 36/34/44 42/41/45 41/40/46 35/33/44
f 36/34/47 31/35/48 37/42/48 42/41/47
f 37/37/49 38/36/49 44/43/49 43/44/49
f 38/36/50 39/38/50 45/45/50 44/43/50
f 39/38/51 40/39/51 46/46/51 45/45/51
f 40/39/52 41/40/52 47/47/52 46/46/53
f 42/41/54 48/48/54 47/47/55 41/40/54
f 37/42/56 43/49/56 48/48/56 42/41/56
f 50/50/57 56/51/57 55/52/57 49/53/57
f 50/50/58 51/54/58 57/55/58 56/51/58
f 51/54/59 52/56/59 58/57/59 57/55/59
f 52/56/60 53/58/60 59/59/60 58/57/60
f 54/60/61 60/61/61 59/59/61 53/58/62
f 49/62/63 55/63/63 60/61/63 54/60/64
f 62/64/65 61/65/65 55/52/65 56/51/66
f 57/55/67 63/66/68 62/64/67 56/51/67
f 63/66/69 57/55/69 58/57/69 64/67/69
f 64/67/70 58/57/70 59/59/70 65/68/71
f 60/61/72 66/69/72 65/68/72 59/59/72
f 55/63/73 61/70/73 66/69/73 60/61/73
f 62/64/74 68/71/74 67/72/74 61/65/74
f 63/66/75 69/73/75 68/71/75 62/64/75
f 63/66/76 64/67/76 70/74/76 69/73/76
f 64/67/77 65/68/77 71/75/77 70/74/78
f 66/69/79 72/76/79 71/75/79 65/68/79
f 66/69/80 61/70/80 67/77/80 72/76/80
f 73/78/81 67/72/81 68/71/81 74/79/81
f 68/71/82 69/73/82 75/80/82 74/79/82
f 70/74/83 76/81/83 75/80/83 69/73/83
f 77/82/84 76/81/84 70/74/84 71/75/84
f 71/75/85 72/76/85 78/83/85 77/82/86
f 72/76/87 67/77/87 73/84/88 78/83/88
f 82/85/89 81/86/90 79/87/89 80/88/90
f 82/85/91 84/89/91 83/90/91 81/86/91
f 84/89/92 86/91/92 85/92/92 83/90/92
f 80/93/93 79/94/93 85/92/93 86/91/93
f 92/95/94 96/96/94 95/97/95 91/98/94
f 92/95/96 93/99/96 97/100/96 96/96/96
f 94/101/97 98/102/97 97/100/97 93/99/97
f 91/103/98 95/104/98 98/102/98 94/101/98
f 96/96/99 100/105/100 99/106/99 95/97/99
f 96/96/101 97/100/101 101/107/101 100/105/101
f 97/100/102 98/102/103 102/108/102 101/107/103
f 95/104/104 99/109/104 102/108/105 98/102/104
f 106/110/106 105/111/106 103/112/106 104/113/106
f 108/114/107 107/115/107 105/111/107 106/110/107
f 108/114/108 110/116/108 109/117/108 107/115/108
f 110/116/109 104/118/110 103/119/109 109/117/110
f 111/120/111 112/121/112 116/122/111 115/123/112
f 112/121/113 113/124/113 117/125/113 116/122/113
f 114/126/114 118/127/114 117/125/114 113/124/114
f 114/126/115 111/128/116 115/129/115 118/127/116
f 115/123/117 116/122/117 120/130/117 119/131/117
f 117/125/118 121/132/118 120/130/118 116/122/118
f 117/125/119 118/127/119 122/133/119 121/132/119
f 118/127/120 115/129/120 119/134/120 122/133/120
f 124/135/121 123/136/121 119/131/121 120/130/121
f 125/137/122 124/135/122 120/130/122 121/132/122
f 125/137/123 121/132/124 122/133/124 126/138/124
f 126/138/125 122/133/125 119/134/125 123/139/125
f 123/136/126 124/135/126 128/140/126 127/141/127
f 125/137/128 129/142/129 128/140/129 124/135/128
f 129/142/130 125/137/131 126/138/130 130/143/131
f 127/144/132 130/143/132 126/138/132 123/139/132
f 127/141/133 128/140/134 132/145/133 131/146/134
f 129/142/135 133/147/135 132/145/135 128/140/135
f 130/143/136 134/148/136 133/147/137 129/142/136
f 127/144/138 131/149/138 134/148/138 130/143/138
f 135/150/139 136/151/139 140/152/139 139/153/139
f 136/151/140 137/154/140 141/155/140 140/152/140
f 138/156/141 142/157/141 141/155/141 137/154/141
f 138/156/142 135/158/142 139/159/142 142/157/142
f 139/153/143 140/152/143 144/160/143 143/161/143
f 141/155/144 145/162/144 144/160/144 140/152/144
f 141/155/145 142/157/146 146/163/146 145/162/145
f 142/157/147 139/159/148 143/164/147 146/163/148
f 144/160/149 148/165/149 147/166/149 143/161/149
f 145/162/150 149/167/150 148/165/150 144/160/150
f 145/162/151 146/163/151 150/168/151 149/167/151
f 146/163/152 143/164/152 147/169/152 150/168/152
f 152/170/153 151/171/153 147/166/153 148/165/153
f 153/172/154 152/170/154 148/165/154 149/167/154
f 153/172/155 149/167/155 150/168/155 154/173/155
f 147/169/156 151/174/156 154/173/156 150/168/156
f 155/175/157 151/171/157 152/170/157 156/176/157
f 153/172/158 157/177/158 156/176/158 152/170/158
f 153/172/159 154/173/160 158/178/160 157/177/159
f 151/174/161 155/179/161 158/178/161 154/173/161
f 160/180/162 162/181/162 161/182/162 159/183/162
f 164/184/163 163/185/163 161/182/163 162/181/163
f 166/186/164 165/187/164 163/185/164 164/184/164
f 166/186/165 160/188/165 159/189/165 165/187/165
f 159/183/166 161/182/166 168/190/166 167/191/166
f 161/182/167 163/185/167 169/192/167 168/190/167
f 165/187/168 170/193/168 169/192/168 163/185/168
f 165/187/169 159/189/169 167/194/169 170/193/169
f 167/191/170 168/190/170 172/195/170 171/196/170
f 169/192/171 173/197/172 172/195/172 168/190/172
f 169/192/173 170/193/173 174/198/173 173/197/173
f 167/194/174 171/199/175 174/198/174 170/193/175
f 172/195/176 176/200/176 175/201/176 171/196/176
f 173/197/177 177/202/177 176/200/177 172/195/177
f 173/197/178 174/198/179 178/203/179 177/202/179
f 178/203/180 174/198/180 171/199/180 175/204/181
f 176/200/182 180/205/182 179/206/182 175/201/182
f 180/205/183 176/200/183 177/202/183 181/207/183
f 178/203/184 182/208/184 181/207/185 177/202/184
f 178/203/186 175/204/187 179/209/186 182/208/186
f 180/205/188 184/210/188 183/211/188 179/206/188
f 185/212/189 184/210/189 180/205/189 181/207/189
f 181/207/190 182/208/190 186/213/190 185/212/190
f 182/208/191 179/209/191 183/214/192 186/213/191
f 1/215/193 2/216/193 262/217/193 261/218/194
f 2/216/195 3/219/195 263/220/195 262/217/195
f 4/221/196 265/222/196 263/220/197 3/219/196
f 4/221/198 5/223/198 266/224/199 265/222/198
f 6/225/200 267/226/200 266/224/200 5/223/200
f 1/227/201 261/228/201 267/226/201 6/225/201
f 261/218/202 268/229/202 8/2/202 7/1/203
f 269/230/204 9/5/204 8/2/204 268/229/204
f 265/222/205 10/7/205 9/5/205 269/230/205
f 265/222/206 266/224/206 11/9/206 10/7/206
f 266/224/207 267/226/208 12/11/207 11/9/207
f 261/228/209 7/13/209 12/11/209 267/226/209
f 261/218/210 262/217/210 50/50/210 49/53/210
f 263/220/211 51/54/211 50/50/211 262/217/211
f 52/56/212 51/54/213 263/220/212 265/222/212
f 265/222/214 269/231/214 53/58/214 52/56/214
f 268/232/215 54/60/216 53/58/216 269/231/215
f 261/228/217 49/62/217 54/60/217 268/232/217
f 271/233/218 270/234/218 103/112/218 105/111/218
f 272/235/219 271/233/220 105/111/219 107/115/220
f 264/236/221 272/235/222 107/115/222 109/117/223
f 264/236/224 109/117/224 103/119/224 270/237/224
f 111/120/225 270/234/225 273/238/225 112/121/225
f 272/235/226 113/124/226 112/121/226 273/238/226
f 272/235/227 264/236/227 114/126/227 113/124/227
f 270/237/228 111/128/229 114/126/228 264/236/229
f 131/146/230 132/145/230 277/239/231 280/240/231
f 132/145/232 133/147/232 278/241/232 277/239/232
f 134/148/233 281/242/233 278/241/233 133/147/233
f 134/148/234 131/149/234 280/243/234 281/242/234
f 270/234/235 271/233/235 136/151/235 135/150/235
f 272/235/236 137/154/236 136/151/236 271/233/236
f 272/235/237 273/244/237 138/156/237 137/154/237
f 270/237/238 135/158/238 138/156/238 273/244/239
f 156/176/240 275/245/240 274/246/240 155/175/240
f 275/245/241 156/176/241 157/177/241 276/247/241
f 158/178/242 279/248/242 276/247/242 157/177/242
f 279/248/243 158/178/243 155/179/244 274/249/243
f 277/250/245 278/251/245 187/252/245 280/253/245
f 278/251/246 281/254/246 280/253/246
f 278/251/247 280/253/247 187/252/247
f 275/255/248 276/256/248 188/257/248 274/258/248
f 276/256/249 279/259/249 274/258/249
f 276/256/250 274/258/250 188/257/250
f 93/99/251 89/260/252 90/261/251 94/101/251
f 88/262/253 89/260/254 93/99/254 92/95/253
f 91/103/255 94/101/255 90/261/255 87/263/255
f 88/262/256 92/95/256 91/98/256 87/264/256
f 83/90/257 85/92/257 90/261/257 89/260/257
f 83/90/258 89/260/258 88/262/258 81/86/258
f 79/94/259 87/263/259 90/261/259 85/92/259
f 79/87/260 81/86/260 88/262/260 87/264/260
usemtl Tree
f 189/265/261 190/266/261 191/267/261
f 192/268/262 189/265/262 191/269/262
f 193/270/263 192/268/263 191/271/263
f 194/272/264 193/270/264 191/273/264
f 190/274/265 194/272/265 191/275/265
f 195/276/266 196/277/266 197/278/266
f 196/277/267 198/279/267 197/280/267
f 198/279/268 199/281/268 197/282/268
f 199/281/269 200/283/269 197/284/269
f 200/283/270 195/285/270 197/286/270
f 189/265/271 195/276/271 190/266/271
f 192/268/272 196/277/272 189/265/272
f 193/270/273 198/279/273 192/268/273
f 194/272/274 199/281/274 193/270/274
f 190/274/275 200/283/275 194/272/275
f 195/276/276 189/265/276 196/277/276
f 196/277/277 192/268/277 198/279/277
f 198/279/278 193/270/278 199/281/278
f 199/281/279 194/272/279 200/283/279
f 200/283/280 190/274/280 195/285/280
f 201/287/281 202/288/281 203/289/281
f 204/290/282 202/291/282 201/287/282
f 205/292/283 202/293/283 204/290/283
f 206/294/284 202/295/284 205/292/284
f 203/296/285 202/297/285 206/294/285
f 207/298/286 208/299/286 209/300/286
f 209/300/287 208/301/287 210/302/287
f 210/302/288 208/303/288 211/304/288
f 211/304/289 208/305/289 212/306/289
f 212/306/290 208/307/290 207/308/290
f 201/287/291 203/289/291 207/298/291
f 204/290/292 201/287/292 209/300/292
f 205/292/293 204/290/293 210/302/293
f 206/294/294 205/292/294 211/304/294
f 203/296/295 206/294/295 212/306/295
f 207/298/296 209/300/296 201/287/296
f 209/300/297 210/302/297 204/290/297
f 210/302/298 211/304/298 205/292/298
f 211/304/299 212/306/299 206/294/299
f 212/306/300 207/308/300 203/296/300
f 213/309/301 214/310/301 215/311/301
f 216/312/302 213/309/302 215/313/302
f 217/314/303 216/312/303 215/315/303
f 218/316/304 217/314/304 215/317/304
f 214/318/305 218/316/305 215/319/305
f 219/320/306 220/321/306 221/322/306
f 220/321/307 222/323/307 221/324/307
f 222/323/308 223/325/308 221/326/308
f 223/325/309 224/327/309 221/328/309
f 224/327/310 219/329/310 221/330/310
f 213/309/311 219/320/311 214/310/311
f 216/312/312 220/321/312 213/309/312
f 217/314/313 222/323/313 216/312/313
f 218/316/314 223/325/314 217/314/314
f 214/318/315 224/327/315 218/316/315
f 219/320/316 213/309/316 220/321/316
f 220/321/317 216/312/317 222/323/317
f 222/323/318 217/314/318 223/325/318
f 223/325/319 218/316/319 224/327/319
f 224/327/320 214/318/320 219/329/320
f 225/331/321 226/332/321 227/333/321
f 228/334/322 225/331/322 227/335/322
f 229/336/323 228/334/323 227/337/323
f 230/338/324 229/336/324 227/339/324
f 226/340/325 230/338/325 227/341/325
f 231/342/326 232/343/326 233/344/326
f 232/343/327 234/345/327 233/346/327
f 234/345/328 235/347/328 233/348/328
f 235/347/329 236/349/329 233/350/329
f 236/349/330 231/351/330 233/352/330
f 225/331/331 231/342/331 226/332/331
f 228/334/332 232/343/332 225/331/332
f 229/336/333 234/345/333 228/334/333
f 230/338/334 235/347/334 229/336/334
f 226/340/335 236/349/335 230/338/335
f 231/342/336 225/331/336 232/343/336
f 232/343/337 228/334/337 234/345/337
f 234/345/338 229/336/338 235/347/338
f 235/347/339 230/338/339 236/349/339
f 236/349/340 226/340/340 231/351/340
f 237/353/341 238/354/341 239/355/341
f 240/356/342 238/357/342 237/353/342
f 241/358/343 238/359/343 240/356/343
f 242/360/344 238/361/344 241/358/344
f 239/362/345 238/363/345 242/360/345
f 243/364/346 244/365/346 245/366/346
f 245/366/347 244/367/347 246/368/347
f 246/368/348 244/369/348 247/370/348
f 247/370/349 244/371/349 248/372/349
f 248/372/350 244/373/350 243/374/350
f 237/353/351 239/355/351 243/364/351
f 240/356/352 237/353/352 245/366/352
f 241/358/353 240/356/353 246/368/353
f 242/360/354 241/358/354 247/370/354
f 239/362/355 242/360/355 248/372/355
f 243/364/356 245/366/356 237/353/356
f 245/366/357 246/368/357 240/356/357
f 246/368/358 247/370/358 241/358/358
f 247/370/359 248/372/359 242/360/359
f 248/372/360 243/374/360 239/362/360
f 249/375/361 250/376/361 251/377/361
f 252/378/362 249/375/362 251/379/362
f 253/380/363 252/378/363 251/381/363
f 254/382/364 253/380/364 251/383/364
f 250/384/365 254/382/365 251/385/365
f 255/386/366 256/387/366 257/388/366
f 256/387/367 258/389/367 257/390/367
f 258/389/368 259/391/368 257/392/368
f 259/391/369 260/393/369 257/394/369
f 260/393/370 255/395/370 257/396/370
f 249/375/371 255/386/371 250/376/371
f 252/378/372 256/387/372 249/375/372
f 253/380/373 258/389/373 252/378/373
f 254/382/374 259/391/374 253/380/374
f 250/384/375 260/393/375 254/382/375
f 255/386/376 249/375/376 256/387/376
f 256/387/377 252/378/377 258/389/377
f 258/389/378 253/380/378 259/391/378
f 259/391/379 254/382/379 260/393/379
f 260/393/380 250/384/380 255/395/380
o ground
v -16.102430 0.000000 -0.000000
v 0.000000 0.000000 16.102430
v 16.102430 0.000000 -0.000000
v 0.000000 0.000000 -16.102430
v 0.000000 9.836245 0.030359
v -16.102430 0.000000 8.051215
v 8.051215 0.000000 16.102430
v 16.102430 0.000000 -8.051215
v -8.051215 0.000000 -16.102430
v -16.102430 0.000000 -8.051215
v -8.051215 0.000000 16.102430
v 16.102430 0.000000 8.051215
v 8.051215 0.000000 -16.102430
v 0.000000 9.836245 -13.700299
v 0.000000 9.836245 13.761017
v -13.730659 9.836245 0.030359
v 13.730659 9.836245 0.030359
v 9.400968 9.836245 9.431325
v -9.400968 9.836245 9.431325
v -9.400968 9.836245 -9.370608
v 9.400968 9.836245 -9.370608
vn 0.6595 0.3608 -0.6595
vn -0.2209 0.3982 -0.8903
vn -0.0000 1.0000 -0.0000
vn 0.8915 0.3953 0.2212
vn 0.2214 0.3936 0.8922
vn 0.6604 0.3573 0.6604
vn -0.8915 0.3953 0.2212
vn -0.6604 0.3573 0.6604
vn -0.2214 0.3936 0.8922
vn -0.6595 0.3608 -0.6595
vn -0.8910 0.3965 -0.2211
vn 0.2209 0.3982 -0.8903
vn 0.8910 0.3965 -0.2211
vt 0.750000 0.750000
vt 1.000000 0.750000
vt 0.750000 1.000000
vt 0.250000 0.750000
vt 0.500000 0.750000
vt 0.500000 1.000000
vt 0.250000 1.000000
vt 0.250000 0.250000
vt 0.500000 0.250000
vt 0.500000 0.500000
vt 0.250000 0.500000
vt 0.750000 0.250000
vt 1.000000 0.250000
vt 1.000000 0.500000
vt 0.750000 0.500000
vt 0.500000 0.000000
vt 0.750000 0.000000
vt 0.000000 0.250000
vt 0.000000 0.500000
vt 0.250000 0.000000
vt 0.000000 0.750000
s 0
usemtl Material.001
f 302/397/381 289/398/381 294/399/381
f 301/400/382 295/401/382 285/402/382 290/403/382
f 300/404/383 296/405/383 286/406/383 297/407/383
f 299/408/384 293/409/384 284/410/384 298/411/384
f 296/405/383 299/408/383 298/411/383 286/406/383
f 283/412/385 288/413/385 299/408/385 296/405/385
f 288/413/386 293/409/386 299/408/386
f 287/414/387 300/404/387 297/407/387 282/415/387
f 287/414/388 292/416/388 300/404/388
f 292/416/389 283/412/389 296/405/389 300/404/389
f 291/417/390 301/400/390 290/403/390
f 282/415/391 297/407/391 301/400/391 291/417/391
f 297/407/383 286/406/383 295/401/383 301/400/383
f 295/401/392 302/397/392 294/399/392 285/402/392
f 286/406/383 298/411/383 302/397/383 295/401/383
f 298/411/393 284/410/393 289/398/393 302/397/393
o bench
v -6.652055 12.083661 -5.251548
v -6.658324 12.083682 -5.236413
v -6.652055 12.083661 -5.221277
v -6.636919 12.083612 -5.215007
v -6.621783 12.083562 -5.221277
v -6.615514 12.083542 -5.236413
v -6.621783 12.083562 -5.251548
v -6.636919 12.083612 -5.257818
v -6.656201 13.093427 -5.258993
v -6.665554 13.093458 -5.236413
v -6.656201 13.093427 -5.213832
v -6.633621 13.093353 -5.204479
v -6.611042 13.093281 -5.213832
v -6.601688 13.093249 -5.236413
v -6.611042 13.093281 -5.258993
v -6.633621 13.093353 -5.268346
v -6.637208 11.995237 -5.236413
v -6.633616 13.095017 -5.236413
v -6.611094 13.077097 -5.258993
v -6.601741 13.077066 -5.236413
v -6.611094 13.077097 -5.213832
v -6.633675 13.077170 -5.204479
v -6.656254 13.077245 -5.213832
v -6.665606 13.077275 -5.236413
v -6.656254 13.077245 -5.258993
v -6.633675 13.077170 -5.268346
v -6.612314 13.063141 -5.236413
v -6.618584 13.063161 -5.221277
v -6.633720 13.063210 -5.215007
v -6.648856 13.063260 -5.221277
v -6.655125 13.063280 -5.236413
v -6.648856 13.063260 -5.251548
v -6.633720 13.063210 -5.257818
v -6.618584 13.063161 -5.251548
v -6.131198 12.081961 -5.251548
v -6.137467 12.081981 -5.236413
v -6.131198 12.081961 -5.221277
v -6.116062 12.081911 -5.215007
v -6.100926 12.081861 -5.221277
v -6.094657 12.081841 -5.236413
v -6.100926 12.081861 -5.251548
v -6.116062 12.081911 -5.257818
v -6.135344 13.091726 -5.258993
v -6.144697 13.091757 -5.236413
v -6.135344 13.091726 -5.213832
v -6.112764 13.091653 -5.204479
v -6.090184 13.091579 -5.213832
v -6.080832 13.091548 -5.236413
v -6.090184 13.091579 -5.258993
v -6.112764 13.091653 -5.268346
v -6.116350 11.993537 -5.236413
v -6.112759 13.093316 -5.236413
v -6.090237 13.075396 -5.258993
v -6.080884 13.075365 -5.236413
v -6.090237 13.075396 -5.213832
v -6.112817 13.075469 -5.204479
v -6.135396 13.075543 -5.213832
v -6.144750 13.075574 -5.236413
v -6.135396 13.075543 -5.258993
v -6.112817 13.075469 -5.268346
v -6.091457 13.061440 -5.236413
v -6.097726 13.061460 -5.221277
v -6.112862 13.061508 -5.215007
v -6.127998 13.061559 -5.221277
v -6.134268 13.061579 -5.236413
v -6.127998 13.061559 -5.251548
v -6.112862 13.061508 -5.257818
v -6.097726 13.061460 -5.251548
v -5.538850 12.080026 -5.251548
v -5.545119 12.080047 -5.236413
v -5.538850 12.080026 -5.221277
v -5.523715 12.079976 -5.215007
v -5.508579 12.079926 -5.221277
v -5.502309 12.079906 -5.236413
v -5.508579 12.079926 -5.251548
v -5.523715 12.079976 -5.257818
v -5.542996 13.089791 -5.258993
v -5.552350 13.089823 -5.236413
v -5.542996 13.089791 -5.213832
v -5.520416 13.089718 -5.204479
v -5.497837 13.089644 -5.213832
v -5.488484 13.089614 -5.236413
v -5.497837 13.089644 -5.258993
v -5.520416 13.089718 -5.268346
v -5.524003 11.991602 -5.236413
v -5.520411 13.091382 -5.236413
v -5.497890 13.073462 -5.258993
v -5.488537 13.073430 -5.236413
v -5.497890 13.073462 -5.213832
v -5.520470 13.073535 -5.204479
v -5.543049 13.073609 -5.213832
v -5.552402 13.073639 -5.236413
v -5.543049 13.073609 -5.258993
v -5.520470 13.073535 -5.268346
v -5.499109 13.059505 -5.236413
v -5.505379 13.059525 -5.221277
v -5.520514 13.059574 -5.215007
v -5.535650 13.059624 -5.221277
v -5.541921 13.059645 -5.236413
v -5.535650 13.059624 -5.251548
v -5.520514 13.059574 -5.257818
v -5.505379 13.059525 -5.251548
v -4.956716 12.078125 -5.251548
v -4.962985 12.078145 -5.236413
v -4.956716 12.078125 -5.221277
v -4.941580 12.078074 -5.215007
v -4.926444 12.078026 -5.221277
v -4.920175 12.078006 -5.236413
v -4.926444 12.078026 -5.251548
v -4.941580 12.078074 -5.257818
v -4.960862 13.087891 -5.258993
v -4.970215 13.087921 -5.236413
v -4.960862 13.087891 -5.213832
v -4.938282 13.087816 -5.204479
v -4.915703 13.087743 -5.213832
v -4.906349 13.087712 -5.236413
v -4.915703 13.087743 -5.258993
v -4.938282 13.087816 -5.268346
v -4.941868 11.989701 -5.236413
v -4.938277 13.089480 -5.236413
v -4.915755 13.071560 -5.258993
v -4.906402 13.071529 -5.236413
v -4.915755 13.071560 -5.213832
v -4.938334 13.071633 -5.204479
v -4.960915 13.071708 -5.213832
v -4.970268 13.071737 -5.236413
v -4.960915 13.071708 -5.258993
v -4.938334 13.071633 -5.268346
v -4.916975 13.057604 -5.236413
v -4.923244 13.057624 -5.221277
v -4.938380 13.057673 -5.215007
v -4.953516 13.057722 -5.221277
v -4.959786 13.057743 -5.236413
v -4.953516 13.057722 -5.251548
v -4.938380 13.057673 -5.257818
v -4.923244 13.057624 -5.251548
v -6.156065 12.948629 -2.142263
v -6.156085 12.942359 -2.127127
v -6.156065 12.948629 -2.111991
v -6.156015 12.963765 -2.105721
v -6.155966 12.978901 -2.111991
v -6.155945 12.985170 -2.127127
v -6.155966 12.978901 -2.142263
v -6.156015 12.963765 -2.148532
v -7.165831 12.944483 -2.149707
v -7.165861 12.935130 -2.127127
v -7.165831 12.944483 -2.104547
v -7.165757 12.967062 -2.095194
v -7.165683 12.989643 -2.104547
v -7.165652 12.998996 -2.127127
v -7.165683 12.989643 -2.149707
v -7.165757 12.967062 -2.159060
v -6.067641 12.963476 -2.127127
v -7.167420 12.967068 -2.127127
v -7.149500 12.989590 -2.149707
v -7.149469 12.998943 -2.127127
v -7.149500 12.989590 -2.104547
v -7.149573 12.967010 -2.095194
v -7.149648 12.944429 -2.104547
v -7.149678 12.935078 -2.127127
v -7.149648 12.944429 -2.149707
v -7.149573 12.967010 -2.159060
v -7.135544 12.988369 -2.127127
v -7.135564 12.982100 -2.111991
v -7.135614 12.966964 -2.105721
v -7.135663 12.951828 -2.111991
v -7.135683 12.945559 -2.127127
v -7.135663 12.951828 -2.142263
v -7.135614 12.966964 -2.148532
v -7.135564 12.982100 -2.142263
v -6.156065 12.948629 -1.630236
v -6.156085 12.942359 -1.615101
v -6.156065 12.948629 -1.599965
v -6.156015 12.963765 -1.593695
v -6.155966 12.978901 -1.599965
v -6.155945 12.985170 -1.615101
v -6.155966 12.978901 -1.630236
v -6.156015 12.963765 -1.636506
v -7.165831 12.944483 -1.637681
v -7.165861 12.935130 -1.615101
v -7.165831 12.944483 -1.592520
v -7.165757 12.967062 -1.583168
v -7.165683 12.989643 -1.592520
v -7.165652 12.998996 -1.615101
v -7.165683 12.989643 -1.637681
v -7.165757 12.967062 -1.647034
v -6.067641 12.963476 -1.615101
v -7.167420 12.967068 -1.615101
v -7.149500 12.989590 -1.637681
v -7.149469 12.998943 -1.615101
v -7.149500 12.989590 -1.592520
v -7.149573 12.967010 -1.583168
v -7.149648 12.944429 -1.592520
v -7.149678 12.935078 -1.615101
v -7.149648 12.944429 -1.637681
v -7.149573 12.967010 -1.647034
v -7.135544 12.988369 -1.615101
v -7.135564 12.982100 -1.599965
v -7.135614 12.966964 -1.593695
v -7.135663 12.951828 -1.599965
v -7.135683 12.945559 -1.615101
v -7.135663 12.951828 -1.630236
v -7.135614 12.966964 -1.636506
v -7.135564 12.982100 -1.630236
v -5.531363 12.976861 5.307608
v -5.531343 12.983130 5.322744
v -5.531363 12.976861 5.337880
v -5.531414 12.961725 5.344150
v -5.531463 12.946589 5.337880
v -5.531483 12.940320 5.322744
v -5.531463 12.946589 5.307608
v -5.531414 12.961725 5.301339
v -4.521598 12.981007 5.300164
v -4.521567 12.990360 5.322744
v -4.521598 12.981007 5.345324
v -4.521672 12.958426 5.354677
v -4.521745 12.935847 5.345324
v -4.521775 12.926495 5.322744
v -4.521745 12.935847 5.300164
v -4.521672 12.958426 5.290811
v -5.619787 12.962013 5.322744
v -4.520008 12.958422 5.322744
v -4.537929 12.935900 5.300164
v -4.537958 12.926547 5.322744
v -4.537929 12.935900 5.345324
v -4.537854 12.958481 5.354677
v -4.537781 12.981060 5.345324
v -4.537751 12.990413 5.322744
v -4.537781 12.981060 5.300164
v -4.537854 12.958481 5.290811
v -4.551885 12.937120 5.322744
v -4.551865 12.943389 5.337880
v -4.551815 12.958525 5.344150
v -4.551765 12.973661 5.337880
v -4.551744 12.979931 5.322744
v -4.551765 12.973661 5.307608
v -4.551815 12.958525 5.301339
v -4.551865 12.943389 5.307608
v -5.531363 12.976861 4.795582
v -5.531343 12.983130 4.810718
v -5.531363 12.976861 4.825854
v -5.531414 12.961725 4.832123
v -5.531463 12.946589 4.825854
v -5.531483 12.940320 4.810718
v -5.531463 12.946589 4.795582
v -5.531414 12.961725 4.789313
v -4.521598 12.981007 4.788138
v -4.521567 12.990360 4.810718
v -4.521598 12.981007 4.833298
v -4.521672 12.958426 4.842651
v -4.521745 12.935847 4.833298
v -4.521775 12.926495 4.810718
v -4.521745 12.935847 4.788138
v -4.521672 12.958426 4.778785
v -5.619787 12.962013 4.810718
v -4.520008 12.958422 4.810718
v -4.537929 12.935900 4.788138
v -4.537958 12.926547 4.810718
v -4.537929 12.935900 4.833298
v -4.537854 12.958481 4.842651
v -4.537781 12.981060 4.833298
v -4.537751 12.990413 4.810718
v -4.537781 12.981060 4.788138
v -4.537854 12.958481 4.778785
v -4.551885 12.937120 4.810718
v -4.551865 12.943389 4.825854
v -4.551815 12.958525 4.832123
v -4.551765 12.973661 4.825854
v -4.551744 12.979931 4.810718
v -4.551765 12.973661 4.795582
v -4.551815 12.958525 4.789313
v -4.551865 12.943389 4.795582
v -6.652056 12.083661 8.490504
v -6.658325 12.083682 8.505640
v -6.652056 12.083661 8.520776
v -6.636920 12.083612 8.527045
v -6.621784 12.083562 8.520776
v -6.615515 12.083542 8.505640
v -6.621784 12.083562 8.490504
v -6.636920 12.083612 8.484234
v -6.656202 13.093427 8.483060
v -6.665555 13.093458 8.505640
v -6.656202 13.093427 8.528220
v -6.633622 13.093353 8.537573
v -6.611042 13.093281 8.528220
v -6.601689 13.093249 8.505640
v -6.611042 13.093281 8.483060
v -6.633622 13.093353 8.473707
v -6.637208 11.995237 8.505640
v -6.633617 13.095017 8.505640
v -6.611095 13.077097 8.483060
v -6.601742 13.077066 8.505640
v -6.611095 13.077097 8.528220
v -6.633676 13.077170 8.537573
v -6.656255 13.077245 8.528220
v -6.665608 13.077275 8.505640
v -6.656255 13.077245 8.483060
v -6.633676 13.077170 8.473707
v -6.612315 13.063141 8.505640
v -6.618585 13.063161 8.520776
v -6.633721 13.063210 8.527045
v -6.648857 13.063260 8.520776
v -6.655126 13.063280 8.505640
v -6.648857 13.063260 8.490504
v -6.633721 13.063210 8.484234
v -6.618585 13.063161 8.490504
v -6.131199 12.081961 8.490504
v -6.137468 12.081981 8.505640
v -6.131199 12.081961 8.520776
v -6.116063 12.081911 8.527045
v -6.100927 12.081861 8.520776
v -6.094658 12.081841 8.505640
v -6.100927 12.081861 8.490504
v -6.116063 12.081911 8.484234
v -6.135345 13.091726 8.483060
v -6.144698 13.091757 8.505640
v -6.135345 13.091726 8.528220
v -6.112765 13.091653 8.537573
v -6.090185 13.091579 8.528220
v -6.080832 13.091548 8.505640
v -6.090185 13.091579 8.483060
v -6.112765 13.091653 8.473707
v -6.116351 11.993537 8.505640
v -6.112760 13.093316 8.505640
v -6.090238 13.075396 8.483060
v -6.080885 13.075365 8.505640
v -6.090238 13.075396 8.528220
v -6.112818 13.075469 8.537573
v -6.135398 13.075543 8.528220
v -6.144751 13.075574 8.505640
v -6.135398 13.075543 8.483060
v -6.112818 13.075469 8.473707
v -6.091458 13.061440 8.505640
v -6.097727 13.061460 8.520776
v -6.112863 13.061508 8.527045
v -6.127999 13.061559 8.520776
v -6.134269 13.061579 8.505640
v -6.127999 13.061559 8.490504
v -6.112863 13.061508 8.484234
v -6.097727 13.061460 8.490504
v -5.538851 12.080026 8.490504
v -5.545120 12.080047 8.505640
v -5.538851 12.080026 8.520776
v -5.523715 12.079976 8.527045
v -5.508580 12.079926 8.520776
v -5.502310 12.079906 8.505640
v -5.508580 12.079926 8.490504
v -5.523715 12.079976 8.484234
v -5.542997 13.089791 8.483060
v -5.552351 13.089823 8.505640
v -5.542997 13.089791 8.528220
v -5.520417 13.089718 8.537573
v -5.497838 13.089644 8.528220
v -5.488485 13.089614 8.505640
v -5.497838 13.089644 8.483060
v -5.520417 13.089718 8.473707
v -5.524004 11.991602 8.505640
v -5.520412 13.091382 8.505640
v -5.497890 13.073462 8.483060
v -5.488538 13.073430 8.505640
v -5.497890 13.073462 8.528220
v -5.520471 13.073535 8.537573
v -5.543050 13.073609 8.528220
v -5.552403 13.073639 8.505640
v -5.543050 13.073609 8.483060
v -5.520471 13.073535 8.473707
v -5.499110 13.059505 8.505640
v -5.505380 13.059525 8.520776
v -5.520515 13.059574 8.527045
v -5.535651 13.059624 8.520776
v -5.541922 13.059645 8.505640
v -5.535651 13.059624 8.490504
v -5.520515 13.059574 8.484234
v -5.505380 13.059525 8.490504
v -4.956717 12.078125 8.490504
v -4.962986 12.078145 8.505640
v -4.956717 12.078125 8.520776
v -4.941581 12.078074 8.527045
v -4.926445 12.078026 8.520776
v -4.920176 12.078006 8.505640
v -4.926445 12.078026 8.490504
v -4.941581 12.078074 8.484234
v -4.960863 13.087891 8.483060
v -4.970216 13.087921 8.505640
v -4.960863 13.087891 8.528220
v -4.938283 13.087816 8.537573
v -4.915704 13.087743 8.528220
v -4.906350 13.087712 8.505640
v -4.915704 13.087743 8.483060
v -4.938283 13.087816 8.473707
v -4.941869 11.989701 8.505640
v -4.938278 13.089480 8.505640
v -4.915756 13.071560 8.483060
v -4.906403 13.071529 8.505640
v -4.915756 13.071560 8.528220
v -4.938335 13.071633 8.537573
v -4.960916 13.071708 8.528220
v -4.970269 13.071737 8.505640
v -4.960916 13.071708 8.483060
v -4.938335 13.071633 8.473707
v -4.916976 13.057604 8.505640
v -4.923245 13.057624 8.520776
v -4.938381 13.057673 8.527045
v -4.953517 13.057722 8.520776
v -4.959787 13.057743 8.505640
v -4.953517 13.057722 8.490504
v -4.938381 13.057673 8.484234
v -4.923245 13.057624 8.490504
v -4.574610 12.787082 11.383780
v -4.573666 13.075970 11.383780
v -7.120864 13.084290 11.383780
v -7.121809 12.795401 11.383780
v -4.573666 13.075970 5.341772
v -7.120864 13.084290 5.341772
v -7.121808 12.795401 5.781726
v -4.574609 12.787082 5.781726
v -4.573666 13.075970 4.515762
v -7.120864 13.084290 4.515762
v -7.121808 12.795401 4.942581
v -4.574609 12.787082 4.942581
v -6.899164 13.083565 4.515762
v -6.899164 13.083565 5.341772
v -6.899164 13.083565 11.383780
v -6.900107 12.794677 11.383780
v -6.900106 12.794677 5.781726
v -6.900106 12.794677 4.942581
v -4.795366 13.076694 4.515762
v -4.795366 13.076694 5.341772
v -4.795366 13.076694 11.383780
v -4.796310 12.787806 11.383780
v -4.796309 12.787806 5.781726
v -4.796309 12.787806 4.942581
v -6.899164 13.083565 1.629999
v -4.795365 13.076694 1.629999
v -4.573666 13.075970 1.629999
v -4.574609 12.787082 1.630001
v -4.796309 12.787806 1.630001
v -6.900106 12.794677 1.630001
v -7.121808 12.795401 1.630001
v -7.120864 13.084290 1.629999
v -6.997000 9.761040 8.369024
v -6.997000 9.761040 8.617788
v -6.987057 12.805469 8.369024
v -6.987057 12.805469 8.617788
v -4.709291 12.798029 8.369024
v -4.709291 12.798029 8.617788
v -4.719235 9.753601 8.369024
v -4.719235 9.753601 8.617788
v -4.715530 10.887793 8.617788
v -4.714991 11.052962 8.369024
v -6.992755 11.060402 8.369024
v -6.993296 10.895232 8.617788
v -4.711427 12.144041 8.617788
v -4.711427 12.144041 8.369024
v -6.989193 12.151481 8.369024
v -6.989193 12.151481 8.617788
v -5.542274 10.890493 8.617788
v -5.538172 12.146741 8.617788
v -5.536036 12.800730 8.617788
v -5.536036 12.800730 8.369024
v -5.538172 12.146741 8.369024
v -5.541736 11.055662 8.369024
v -5.545979 9.756301 8.369024
v -5.545979 9.756301 8.617788
v -6.166552 10.892531 8.617788
v -6.162448 12.148779 8.617788
v -6.160313 12.802768 8.617788
v -6.160313 12.802768 8.369024
v -6.162448 12.148779 8.369024
v -6.166012 11.057702 8.369024
v -6.170256 9.758340 8.369024
v -6.170256 9.758340 8.617788
v -4.717107 10.405095 8.617788
v -4.717107 10.405095 8.369024
v -5.543851 10.407796 8.369024
v -6.168128 10.409835 8.369024
v -6.994872 10.412535 8.369024
v -6.994872 10.412535 8.617788
v -6.168128 10.409835 8.617788
v -5.543851 10.407796 8.617788
v -5.855990 10.408814 8.617788
v -5.854413 10.891513 8.617788
v -5.850310 12.147760 8.617788
v -5.848174 12.801749 8.617788
v -5.848174 12.801749 8.369024
v -5.850310 12.147760 8.369024
v -5.853874 11.056683 8.369024
v -5.855990 10.408814 8.369024
v -5.855683 10.502571 8.369024
v -5.856231 10.334972 8.617788
v -5.124800 12.145391 8.617788
v -5.122664 12.799378 8.617788
v -5.122664 12.799378 8.369024
v -5.124800 12.145391 8.369024
v -5.128363 11.054313 8.369024
v -5.130479 10.406446 8.369024
v -5.132607 9.754951 8.369024
v -5.132607 9.754951 8.617788
v -5.130479 10.406446 8.617788
v -5.128903 10.889142 8.617788
v -6.575820 12.150129 8.617788
v -6.573684 12.804118 8.617788
v -6.573684 12.804118 8.369024
v -6.575820 12.150129 8.369024
v -6.579384 11.059052 8.369024
v -6.581500 10.411185 8.369024
v -6.583628 9.759690 8.369024
v -6.583628 9.759690 8.617788
v -6.581500 10.411185 8.617788
v -6.579923 10.893882 8.617788
v -4.715668 10.334746 8.616891
v -4.535623 13.077852 4.514834
v -4.713886 10.880312 8.624620
v -4.535635 13.074203 5.347461
v -4.999259 10.885958 8.617568
v -4.821008 13.079850 5.340408
v -5.001041 10.340394 8.609837
v -4.820997 13.083498 4.507781
v -7.121807 12.795401 -8.123780
v -7.120863 13.084290 -8.123780
v -4.573665 13.075970 -8.123780
v -4.574608 12.787082 -8.123780
v -7.120863 13.084290 -2.081772
v -4.573665 13.075970 -2.081772
v -4.574609 12.787082 -2.521726
v -7.121807 12.795401 -2.521726
v -7.120863 13.084290 -1.255762
v -4.573665 13.075970 -1.255762
v -4.574609 12.787082 -1.682581
v -7.121807 12.795401 -1.682581
v -4.795365 13.076694 -1.255762
v -4.795365 13.076694 -2.081772
v -4.795365 13.076694 -8.123780
v -4.796309 12.787806 -8.123780
v -4.796309 12.787806 -2.521726
v -4.796309 12.787806 -1.682581
v -6.899163 13.083565 -1.255762
v -6.899163 13.083565 -2.081772
v -6.899163 13.083565 -8.123780
v -6.900105 12.794677 -8.123780
v -6.900106 12.794677 -2.521726
v -6.900106 12.794677 -1.682581
v -4.795365 13.076694 1.630001
v -6.899164 13.083565 1.630001
v -7.120864 13.084290 1.630001
v -7.121808 12.795401 1.629999
v -6.900106 12.794677 1.629999
v -4.796309 12.787806 1.629999
v -4.574609 12.787082 1.629999
v -4.573666 13.075970 1.630001
v -4.719234 9.753601 -5.109024
v -4.719234 9.753601 -5.357788
v -4.709291 12.798029 -5.109024
v -4.709291 12.798029 -5.357788
v -6.987056 12.805469 -5.109024
v -6.987056 12.805469 -5.357788
v -6.996999 9.761040 -5.109024
v -6.996999 9.761040 -5.357788
v -6.993295 10.895232 -5.357788
v -6.992754 11.060402 -5.109024
v -4.714990 11.052962 -5.109024
v -4.715529 10.887793 -5.357788
v -6.989192 12.151481 -5.357788
v -6.989192 12.151481 -5.109024
v -4.711426 12.144041 -5.109024
v -4.711426 12.144041 -5.357788
v -6.166551 10.892531 -5.357788
v -6.162447 12.148779 -5.357788
v -6.160311 12.802768 -5.357788
v -6.160311 12.802768 -5.109024
v -6.162447 12.148779 -5.109024
v -6.166010 11.057702 -5.109024
v -6.170255 9.758340 -5.109024
v -6.170255 9.758340 -5.357788
v -5.542274 10.890493 -5.357788
v -5.538171 12.146741 -5.357788
v -5.536035 12.800730 -5.357788
v -5.536035 12.800730 -5.109024
v -5.538171 12.146741 -5.109024
v -5.541735 11.055662 -5.109024
v -5.545978 9.756301 -5.109024
v -5.545978 9.756301 -5.357788
v -6.994871 10.412535 -5.357788
v -6.994871 10.412535 -5.109024
v -6.168126 10.409834 -5.109024
v -5.543850 10.407796 -5.109024
v -4.717106 10.405095 -5.109024
v -4.717106 10.405095 -5.357788
v -5.543850 10.407796 -5.357788
v -6.168126 10.409834 -5.357788
v -5.855989 10.408814 -5.357788
v -5.854412 10.891513 -5.357788
v -5.850309 12.147760 -5.357788
v -5.848173 12.801749 -5.357788
v -5.848173 12.801749 -5.109024
v -5.850309 12.147760 -5.109024
v -5.853873 11.056683 -5.109024
v -5.855989 10.408814 -5.109024
v -5.855682 10.502571 -5.109024
v -5.856230 10.334972 -5.357788
v -6.575819 12.150129 -5.357788
v -6.573683 12.804118 -5.357788
v -6.573683 12.804118 -5.109024
v -6.575819 12.150129 -5.109024
v -6.579383 11.059052 -5.109024
v -6.581499 10.411185 -5.109024
v -6.583627 9.759690 -5.109024
v -6.583627 9.759690 -5.357788
v -6.581499 10.411185 -5.357788
v -6.579922 10.893882 -5.357788
v -5.124799 12.145391 -5.357788
v -5.122663 12.799378 -5.357788
v -5.122663 12.799378 -5.109024
v -5.124799 12.145391 -5.109024
v -5.128362 11.054313 -5.109024
v -5.130478 10.406446 -5.109024
v -5.132606 9.754951 -5.109024
v -5.132606 9.754951 -5.357788
v -5.130478 10.406446 -5.357788
v -5.128902 10.889142 -5.357788
v -6.996770 10.342196 -5.356891
v -7.158893 13.086419 -1.254834
v -6.994987 10.887762 -5.364621
v -7.158904 13.082770 -2.087461
v -6.709583 10.891544 -5.357568
v -6.873500 13.086553 -2.080408
v -6.711365 10.345980 -5.349837
v -6.873488 13.090202 -1.247781
vn -0.9239 0.0030 -0.3827
vn -0.9238 -0.0122 -0.3826
vn -0.9239 -0.0121 -0.3825
vn -0.9239 0.0030 0.3827
vn -0.9238 -0.0121 0.3827
vn -0.9238 -0.0122 0.3826
vn -0.3827 0.0012 0.9239
vn -0.3827 -0.0139 0.9238
vn 0.3827 -0.0012 0.9239
vn 0.3826 -0.0164 0.9238
vn 0.9239 -0.0030 0.3827
vn 0.9237 -0.0182 0.3826
vn 0.9238 -0.0182 0.3826
vn 0.9239 -0.0030 -0.3827
vn 0.9237 -0.0182 -0.3827
vn 0.3827 -0.0013 -0.9239
vn 0.3826 -0.0164 -0.9238
vn 0.3825 -0.0164 -0.9238
vn -0.3827 0.0012 -0.9239
vn -0.3827 -0.0139 -0.9238
vn -0.9727 -0.2322 -0.0000
vn -0.6880 -0.2332 -0.6873
vn -0.0033 -1.0000 -0.0000
vn -0.6880 -0.2332 0.6872
vn -0.0008 -0.2354 0.9719
vn 0.6865 -0.2376 0.6872
vn 0.9711 -0.2386 -0.0000
vn 0.6864 -0.2376 -0.6873
vn -0.0008 -0.2354 -0.9719
vn -0.0335 0.9988 -0.0368
vn -0.0488 0.9988 -0.0000
vn 0.0033 1.0000 -0.0000
vn -0.0335 0.9988 0.0368
vn 0.0032 0.9986 0.0520
vn 0.0400 0.9985 0.0368
vn 0.0553 0.9985 -0.0000
vn 0.0400 0.9985 -0.0368
vn 0.0032 0.9986 -0.0520
vn 0.8967 -0.2404 -0.3717
vn 0.8967 -0.2404 -0.3718
vn 0.8967 -0.2405 0.3717
vn 0.8967 -0.2404 0.3717
vn 0.3710 -0.2387 0.8974
vn 0.3827 -0.0013 0.9239
vn -0.3725 -0.2363 0.8974
vn -0.3827 0.0013 0.9239
vn -0.8982 -0.2346 0.3717
vn -0.8982 -0.2346 -0.3717
vn -0.8982 -0.2345 -0.3717
vn -0.3725 -0.2363 -0.8974
vn -0.3827 0.0013 -0.9239
vn 0.3710 -0.2387 -0.8974
vn -0.9238 -0.0121 -0.3826
vn -0.9238 -0.0121 -0.3827
vn -0.9239 -0.0121 0.3825
vn -0.3828 -0.0139 0.9237
vn 0.9237 -0.0182 0.3827
vn 0.9237 -0.0182 -0.3826
vn -0.6880 -0.2331 -0.6872
vn 0.6865 -0.2376 -0.6872
vn 0.0033 0.9986 0.0520
vn 0.0033 0.9986 -0.0520
vn 0.8967 -0.2405 -0.3717
vn -0.8982 -0.2345 0.3717
vn -0.8982 -0.2346 -0.3718
vn -0.9238 -0.0122 0.3827
vn -0.9238 -0.0121 0.3826
vn -0.3826 -0.0139 0.9238
vn 0.3827 -0.0012 -0.9239
vn -0.3826 -0.0139 -0.9238
vn -0.6880 -0.2332 -0.6872
vn -0.9238 -0.0122 -0.3827
vn -0.0033 -1.0000 -0.0001
vn -0.0030 -0.9239 -0.3827
vn 0.0121 -0.9238 -0.3826
vn 0.0121 -0.9239 -0.3825
vn -0.0030 -0.9239 0.3827
vn 0.0121 -0.9238 0.3826
vn -0.0012 -0.3827 0.9239
vn 0.0139 -0.3827 0.9238
vn 0.0012 0.3827 0.9239
vn 0.0164 0.3826 0.9238
vn 0.0030 0.9239 0.3827
vn 0.0182 0.9237 0.3826
vn 0.0030 0.9239 -0.3827
vn 0.0182 0.9237 -0.3827
vn 0.0182 0.9237 -0.3826
vn 0.0012 0.3827 -0.9239
vn 0.0164 0.3826 -0.9238
vn 0.0164 0.3827 -0.9237
vn -0.0012 -0.3827 -0.9239
vn 0.0139 -0.3827 -0.9238
vn 0.2322 -0.9727 -0.0000
vn 0.2332 -0.6880 -0.6873
vn 1.0000 -0.0033 -0.0000
vn 0.2332 -0.6880 0.6872
vn 0.2354 -0.0008 0.9719
vn 0.2377 0.6865 0.6872
vn 0.2386 0.9711 -0.0000
vn 0.2377 0.6865 -0.6872
vn 0.2354 -0.0008 -0.9719
vn -0.9988 -0.0335 -0.0368
vn -0.9988 -0.0488 -0.0000
vn -1.0000 0.0033 -0.0000
vn -0.9988 -0.0335 0.0368
vn -0.9986 0.0033 0.0520
vn -0.9985 0.0400 0.0368
vn -0.9985 0.0553 -0.0000
vn -0.9985 0.0400 -0.0368
vn -0.9986 0.0033 -0.0520
vn 0.2404 0.8967 -0.3717
vn 0.2404 0.8967 0.3717
vn 0.2387 0.3710 0.8974
vn 0.2387 0.3710 0.8975
vn 0.2363 -0.3725 0.8974
vn 0.2346 -0.8982 0.3717
vn 0.2346 -0.8982 -0.3717
vn 0.2345 -0.8982 -0.3717
vn 0.2363 -0.3725 -0.8974
vn 0.2387 0.3710 -0.8974
vn 0.2387 0.3710 -0.8975
vn 0.0122 -0.9238 0.3827
vn 0.2332 -0.6880 -0.6872
vn 0.2376 0.6865 -0.6872
vn 0.2387 0.3709 0.8975
vn 0.0012 0.3826 0.9239
vn 0.2363 -0.3725 0.8975
vn -0.0013 -0.3827 0.9239
vn -0.0121 0.9238 -0.3826
vn -0.0122 0.9238 -0.3826
vn -0.0122 0.9238 0.3826
vn -0.0121 0.9238 0.3826
vn -0.0139 0.3827 0.9238
vn -0.0139 0.3826 0.9238
vn -0.0164 -0.3826 0.9238
vn -0.0164 -0.3825 0.9238
vn -0.0182 -0.9237 0.3826
vn -0.0182 -0.9237 0.3828
vn -0.0182 -0.9237 -0.3827
vn -0.0012 -0.3826 -0.9239
vn -0.0164 -0.3826 -0.9238
vn 0.0012 0.3826 -0.9239
vn -0.0139 0.3827 -0.9238
vn -0.0139 0.3826 -0.9238
vn -0.2322 0.9727 -0.0000
vn -0.2332 0.6880 -0.6872
vn -0.2332 0.6880 0.6872
vn -0.2354 0.0008 0.9719
vn -0.2376 -0.6865 0.6872
vn -0.2386 -0.9711 -0.0000
vn -0.2376 -0.6865 -0.6872
vn -0.2354 0.0008 -0.9719
vn 0.9988 0.0335 -0.0368
vn 0.9988 0.0488 -0.0000
vn 0.9988 0.0335 0.0368
vn 0.9986 -0.0033 0.0520
vn 0.9985 -0.0400 0.0368
vn 0.9985 -0.0553 -0.0000
vn 0.9985 -0.0400 -0.0368
vn 0.9986 -0.0033 -0.0520
vn -0.2404 -0.8967 -0.3717
vn -0.2405 -0.8967 0.3717
vn -0.2404 -0.8967 0.3717
vn -0.2387 -0.3710 0.8974
vn -0.2363 0.3725 0.8974
vn -0.2346 0.8982 0.3717
vn -0.2345 0.8982 0.3717
vn -0.2345 0.8982 -0.3717
vn -0.2346 0.8982 -0.3717
vn -0.2363 0.3725 -0.8975
vn -0.2363 0.3725 -0.8974
vn -0.2387 -0.3710 -0.8974
vn 0.0013 0.3826 0.9239
vn -0.0012 -0.3826 0.9239
vn -0.0013 -0.3826 -0.9239
vn 0.0013 0.3826 -0.9239
vn -0.2387 -0.3709 0.8975
vn -0.2363 0.3725 0.8975
vn -0.2387 -0.3710 -0.8975
vn -0.2387 -0.3709 -0.8974
vn -0.0032 -1.0000 -0.0000
vn -0.3826 0.0012 0.9239
vn 0.3825 -0.0164 0.9238
vn 0.6864 -0.2376 0.6873
vn -0.3725 -0.2363 -0.8975
vn 0.3710 -0.2387 0.8975
vn 0.3710 -0.2387 -0.8975
vn 0.6864 -0.2377 0.6873
vn -0.3725 -0.2363 0.8975
vn -0.0000 -0.0000 1.0000
vn 0.0027 0.8281 0.5605
vn -0.0027 -0.8359 -0.5489
vn -0.0000 -0.0000 -1.0000
vn -0.6723 -0.7326 -0.1065
vn -0.0031 -0.9477 -0.3192
vn 0.6675 -0.7370 -0.1065
vn -0.0027 -0.8331 -0.5531
vn 0.9990 -0.0385 0.0227
vn 0.0027 0.8309 0.5564
vn -0.9990 0.0385 -0.0227
vn -0.0027 -0.8312 -0.5560
vn 0.0197 0.9998 0.0044
vn -0.0250 -0.0141 0.9996
vn 0.0027 0.8281 -0.5605
vn -0.0027 -0.8359 0.5489
vn 0.6675 -0.7370 0.1065
vn -0.0031 -0.9477 0.3192
vn -0.6723 -0.7326 0.1065
vn -0.0027 -0.8331 0.5531
vn -0.9992 -0.0320 -0.0227
vn 0.0027 0.8309 -0.5564
vn 0.9992 0.0320 0.0227
vn -0.0027 -0.8312 0.5560
vn -0.0131 0.9999 -0.0044
vn 0.0249 -0.0142 -0.9996
vt 0.375000 0.312500
vt 0.406250 0.312500
vt 0.406250 0.661642
vt 0.375000 0.661642
vt 0.437500 0.312500
vt 0.437500 0.661642
vt 0.468750 0.312500
vt 0.468750 0.661642
vt 0.500000 0.312500
vt 0.500000 0.661642
vt 0.531250 0.312500
vt 0.531250 0.661642
vt 0.562500 0.312500
vt 0.562500 0.661642
vt 0.593750 0.312500
vt 0.593750 0.661642
vt 0.625000 0.312500
vt 0.625000 0.661642
vt 0.500000 0.000000
vt 0.610485 0.045765
vt 0.500000 0.150000
vt 0.389515 0.045765
vt 0.343750 0.156250
vt 0.389515 0.266735
vt 0.610485 0.266735
vt 0.656250 0.156250
vt 0.610485 0.954235
vt 0.500000 1.000000
vt 0.500000 0.837500
vt 0.389515 0.954235
vt 0.343750 0.843750
vt 0.389515 0.733265
vt 0.500000 0.687500
vt 0.610485 0.733265
vt 0.656250 0.843750
vt 0.531250 0.672082
vt 0.562500 0.672082
vt 0.562500 0.688440
vt 0.531250 0.688440
vt 0.500000 0.672082
vt 0.500000 0.688440
vt 0.468750 0.672082
vt 0.468750 0.688440
vt 0.437500 0.672082
vt 0.437500 0.688440
vt 0.406250 0.672082
vt 0.406250 0.688440
vt 0.375000 0.672082
vt 0.375000 0.688440
vt 0.593750 0.672082
vt 0.625000 0.672082
vt 0.625000 0.688440
vt 0.593750 0.688440
vt -1.424298 -1.322125
vt -0.913546 -1.322125
vt -0.873435 0.456424
vt -1.424298 0.456423
vt -0.843678 -1.322125
vt -0.292816 -1.322125
vt -0.292816 -1.167326
vt -0.843678 -1.167326
vt 0.075071 -1.322125
vt 0.625934 -1.322125
vt 0.585823 0.456423
vt 0.075071 0.456423
vt 0.993820 0.301621
vt 1.504572 0.301621
vt 1.504572 0.456420
vt 0.993820 0.456420
vt 2.269498 0.471843
vt 2.424297 0.471843
vt 2.424297 2.250391
vt 2.269498 2.250391
vt 0.701243 -1.322125
vt 0.662329 0.456423
vt -0.292816 0.301620
vt -0.217506 0.301620
vt -0.217506 0.456419
vt -0.292816 0.456419
vt -0.843678 0.301620
vt -0.843678 0.456419
vt 0.645752 0.471843
vt 0.800551 0.471843
vt 0.800551 2.250391
vt 0.645752 2.250391
vt 0.993820 -1.322125
vt 1.504572 -1.322125
vt 1.504572 -1.167326
vt 0.993820 -1.167326
vt 1.581078 -1.167326
vt 1.581078 -1.322125
vt -0.217506 -1.167326
vt 1.581078 0.301621
vt 0.622046 2.250391
vt 0.546736 2.250392
vt 0.506625 0.471842
vt 0.583131 0.471842
vt 0.482918 2.250391
vt 0.328119 2.250391
vt 0.328119 0.471842
vt 0.482918 0.471842
vt 0.304411 2.250392
vt 0.149612 2.250392
vt 0.149612 0.471842
vt 0.304411 0.471842
vt 0.045595 -1.167326
vt 0.045595 0.301620
vt -0.217506 -1.322125
vt 0.045595 -1.322125
vt -0.137196 2.250391
vt -0.176110 0.471842
vt 0.125905 0.471842
vt 0.125905 2.250391
vt 1.581078 0.456420
vt 1.883093 0.301621
vt 1.883093 0.456420
vt 1.883093 -1.167326
vt 1.883093 -1.322125
vt 0.964344 -1.322125
vt 0.964344 0.456423
vt 0.045595 0.456419
vt 0.375000 0.166667
vt 0.625000 0.166667
vt 0.625000 0.250000
vt 0.375000 0.250000
vt 0.625000 0.291667
vt 0.375000 0.291667
vt 0.375000 0.500000
vt 0.625000 0.500000
vt 0.625000 0.583333
vt 0.375000 0.583333
vt 0.375000 0.958333
vt 0.625000 0.958333
vt 0.625000 1.000000
vt 0.375000 1.000000
vt 0.666667 0.166667
vt 0.666667 0.250000
vt 0.333333 0.166667
vt 0.333333 0.250000
vt 0.333333 0.040522
vt 0.375000 0.040522
vt 0.375000 0.083333
vt 0.333333 0.083333
vt 0.625000 0.040522
vt 0.625000 0.083333
vt 0.666667 0.040522
vt 0.666667 0.083333
vt 0.750000 0.375000
vt 0.250000 0.375000
vt 0.791667 0.083333
vt 0.833333 0.083333
vt 0.833333 0.166667
vt 0.791667 0.166667
vt 0.791667 0.250000
vt 0.833333 0.250000
vt 0.375000 0.416667
vt 0.625000 0.416667
vt 0.625000 0.458333
vt 0.375000 0.458333
vt 0.166667 0.166667
vt 0.208333 0.166667
vt 0.208333 0.250000
vt 0.166667 0.250000
vt 0.166667 0.083333
vt 0.208333 0.083333
vt 0.166667 0.040522
vt 0.208333 0.040522
vt 0.375000 0.791667
vt 0.625000 0.791667
vt 0.625000 0.833333
vt 0.375000 0.833333
vt 0.791667 0.040522
vt 0.833333 0.040522
vt 0.708333 0.083333
vt 0.750000 0.083333
vt 0.750000 0.166667
vt 0.708333 0.166667
vt 0.708333 0.250000
vt 0.750000 0.250000
vt 0.375000 0.333333
vt 0.625000 0.333333
vt 0.625000 0.375000
vt 0.375000 0.375000
vt 0.250000 0.166667
vt 0.291667 0.166667
vt 0.291667 0.250000
vt 0.250000 0.250000
vt 0.250000 0.083333
vt 0.291667 0.083333
vt 0.250000 0.040522
vt 0.291667 0.040522
vt 0.375000 0.875000
vt 0.625000 0.875000
vt 0.625000 0.916667
vt 0.375000 0.916667
vt 0.708333 0.040522
vt 0.750000 0.040522
vt 0.625000 0.750000
vt 0.375000 0.750000
vt 0.166667 0.000000
vt 0.208333 0.000000
vt 0.250000 0.000000
vt 0.291667 0.000000
vt 0.333333 0.000000
vt 0.375000 0.000000
vt 0.625000 0.000000
vt 0.666667 0.000000
vt 0.750000 0.000000
vt 0.708333 0.000000
vt 0.791667 0.000000
vt 0.833333 0.000000
vt 0.875000 0.166667
vt 0.875000 0.250000
vt 0.125000 0.166667
vt 0.125000 0.250000
vt 0.125000 0.000000
vt 0.875000 0.000000
s 1
usemtl lambert3SG
f 303/418/394 304/419/394 333/420/395 334/421/396
f 304/419/397 305/422/397 332/423/398 333/420/399
f 305/422/400 306/424/400 331/425/401 332/423/401
f 306/424/402 307/426/402 330/427/403 331/425/403
f 307/426/404 308/428/404 329/429/405 330/427/406
f 308/428/407 309/430/407 336/431/408 329/429/408
f 309/430/409 310/432/409 335/433/410 336/431/411
f 310/432/412 303/434/412 334/435/413 335/433/413
f 304/436/414 303/437/415 319/438/416
f 305/439/417 304/436/414 319/438/416
f 306/440/418 305/439/417 319/438/416
f 307/441/419 306/440/418 319/438/416
f 308/426/420 307/441/419 319/438/416
f 309/442/421 308/426/420 319/438/416
f 310/443/422 309/442/421 319/438/416
f 303/437/415 310/443/422 319/438/416
f 311/444/423 312/445/424 320/446/425
f 312/445/424 313/447/426 320/446/425
f 313/447/426 314/448/427 320/446/425
f 314/448/427 315/449/428 320/446/425
f 315/449/428 316/450/429 320/446/425
f 316/450/429 317/451/430 320/446/425
f 317/451/430 318/452/431 320/446/425
f 318/452/431 311/444/423 320/446/425
f 322/453/432 321/454/433 317/455/407 316/456/407
f 323/457/434 322/453/435 316/456/404 315/458/404
f 324/459/436 323/457/436 315/458/437 314/460/437
f 325/461/438 324/459/438 314/460/439 313/462/439
f 326/463/440 325/461/440 313/462/397 312/464/397
f 327/465/441 326/463/442 312/464/394 311/466/394
f 328/467/443 327/468/443 311/469/444 318/470/444
f 321/454/445 328/467/445 318/470/409 317/455/409
f 330/427/406 329/429/405 322/453/435 323/457/434
f 331/425/403 330/427/403 323/457/436 324/459/436
f 332/423/401 331/425/401 324/459/438 325/461/438
f 333/420/399 332/423/398 325/461/440 326/463/440
f 334/421/396 333/420/395 326/463/442 327/465/441
f 335/433/413 334/435/413 327/468/443 328/467/443
f 336/431/411 335/433/410 328/467/445 321/454/445
f 329/429/408 336/431/408 321/454/433 322/453/432
f 337/418/394 338/419/394 367/420/446 368/421/447
f 338/419/397 339/422/397 366/423/398 367/420/448
f 339/422/439 340/424/439 365/425/401 366/423/449
f 340/424/437 341/426/437 364/427/403 365/425/403
f 341/426/404 342/428/404 363/429/405 364/427/450
f 342/428/407 343/430/407 370/431/451 363/429/408
f 343/430/409 344/432/409 369/433/410 370/431/410
f 344/432/412 337/434/412 368/435/413 369/433/413
f 338/436/414 337/437/452 353/438/416
f 339/439/417 338/436/414 353/438/416
f 340/440/418 339/439/417 353/438/416
f 341/441/419 340/440/418 353/438/416
f 342/426/420 341/441/419 353/438/416
f 343/442/453 342/426/420 353/438/416
f 344/443/422 343/442/453 353/438/416
f 337/437/452 344/443/422 353/438/416
f 345/444/423 346/445/424 354/446/425
f 346/445/424 347/447/426 354/446/425
f 347/447/426 348/448/454 354/446/425
f 348/448/454 349/449/428 354/446/425
f 349/449/428 350/450/429 354/446/425
f 350/450/429 351/451/430 354/446/425
f 351/451/430 352/452/455 354/446/425
f 352/452/455 345/444/423 354/446/425
f 356/453/432 355/454/456 351/455/407 350/456/407
f 357/457/435 356/453/435 350/456/404 349/458/404
f 358/459/436 357/457/436 349/458/437 348/460/437
f 359/461/438 358/459/438 348/460/439 347/462/439
f 360/463/440 359/461/457 347/462/397 346/464/397
f 361/465/442 360/463/458 346/464/394 345/466/394
f 362/467/443 361/468/443 345/469/444 352/470/444
f 355/454/445 362/467/445 352/470/409 351/455/409
f 364/427/450 363/429/405 356/453/435 357/457/435
f 365/425/403 364/427/403 357/457/436 358/459/436
f 366/423/449 365/425/401 358/459/438 359/461/438
f 367/420/448 366/423/398 359/461/457 360/463/440
f 368/421/447 367/420/446 360/463/458 361/465/442
f 369/433/413 368/435/413 361/468/443 362/467/443
f 370/431/410 369/433/410 362/467/445 355/454/445
f 363/429/408 370/431/451 355/454/456 356/453/432
f 371/418/394 372/419/394 401/420/446 402/421/446
f 372/419/397 373/422/397 400/423/459 401/420/460
f 373/422/400 374/424/400 399/425/401 400/423/461
f 374/424/402 375/426/402 398/427/403 399/425/403
f 375/426/404 376/428/404 397/429/405 398/427/405
f 376/428/407 377/430/407 404/431/408 397/429/451
f 377/430/462 378/432/462 403/433/410 404/431/410
f 378/432/444 371/434/444 402/435/413 403/433/463
f 372/436/414 371/437/464 387/438/416
f 373/439/417 372/436/414 387/438/416
f 374/440/418 373/439/417 387/438/416
f 375/441/419 374/440/418 387/438/416
f 376/426/420 375/441/419 387/438/416
f 377/442/421 376/426/420 387/438/416
f 378/443/422 377/442/421 387/438/416
f 371/437/464 378/443/422 387/438/416
f 379/444/423 380/445/424 388/446/425
f 380/445/424 381/447/426 388/446/425
f 381/447/426 382/448/427 388/446/425
f 382/448/427 383/449/428 388/446/425
f 383/449/428 384/450/429 388/446/425
f 384/450/429 385/451/430 388/446/425
f 385/451/430 386/452/431 388/446/425
f 386/452/431 379/444/423 388/446/425
f 390/453/432 389/454/456 385/455/407 384/456/407
f 391/457/435 390/453/435 384/456/404 383/458/404
f 392/459/436 391/457/436 383/458/437 382/460/437
f 393/461/438 392/459/438 382/460/439 381/462/439
f 394/463/440 393/461/440 381/462/397 380/464/397
f 395/465/441 394/463/458 380/464/394 379/466/394
f 396/467/443 395/468/443 379/469/444 386/470/444
f 389/454/445 396/467/445 386/470/409 385/455/409
f 398/427/405 397/429/405 390/453/435 391/457/435
f 399/425/403 398/427/403 391/457/436 392/459/436
f 400/423/461 399/425/401 392/459/438 393/461/438
f 401/420/460 400/423/459 393/461/440 394/463/440
f 402/421/446 401/420/446 394/463/458 395/465/441
f 403/433/463 402/435/413 395/468/443 396/467/443
f 404/431/410 403/433/410 396/467/445 389/454/445
f 397/429/451 404/431/408 389/454/456 390/453/432
f 405/418/394 406/419/394 435/420/446 436/421/465
f 406/419/397 407/422/397 434/423/459 435/420/398
f 407/422/439 408/424/439 433/425/401 434/423/401
f 408/424/437 409/426/437 432/427/403 433/425/403
f 409/426/404 410/428/404 431/429/405 432/427/405
f 410/428/407 411/430/407 438/431/451 431/429/408
f 411/430/462 412/432/462 437/433/410 438/431/410
f 412/432/444 405/434/444 436/435/413 437/433/413
f 406/436/414 405/437/464 421/438/466
f 407/439/417 406/436/414 421/438/466
f 408/440/418 407/439/417 421/438/466
f 409/441/419 408/440/418 421/438/466
f 410/426/420 409/441/419 421/438/466
f 411/442/453 410/426/420 421/438/466
f 412/443/422 411/442/453 421/438/466
f 405/437/464 412/443/422 421/438/466
f 413/444/423 414/445/424 422/446/425
f 414/445/424 415/447/426 422/446/425
f 415/447/426 416/448/454 422/446/425
f 416/448/454 417/449/428 422/446/425
f 417/449/428 418/450/429 422/446/425
f 418/450/429 419/451/430 422/446/425
f 419/451/430 420/452/455 422/446/425
f 420/452/455 413/444/423 422/446/425
f 424/453/432 423/454/432 419/455/407 418/456/407
f 425/457/435 424/453/435 418/456/404 417/458/404
f 426/459/436 425/457/436 417/458/402 416/460/402
f 427/461/438 426/459/438 416/460/400 415/462/400
f 428/463/440 427/461/440 415/462/397 414/464/397
f 429/465/441 428/463/458 414/464/394 413/466/394
f 430/467/443 429/468/443 413/469/412 420/470/412
f 423/454/445 430/467/445 420/470/462 419/455/462
f 432/427/405 431/429/405 424/453/435 425/457/435
f 433/425/403 432/427/403 425/457/436 426/459/436
f 434/423/401 433/425/401 426/459/438 427/461/438
f 435/420/398 434/423/459 427/461/440 428/463/440
f 436/421/465 435/420/446 428/463/458 429/465/441
f 437/433/413 436/435/413 429/468/443 430/467/443
f 438/431/410 437/433/410 430/467/445 423/454/445
f 431/429/408 438/431/451 423/454/432 424/453/432
f 439/418/467 440/419/467 469/420/468 470/421/469
f 440/419/470 441/422/470 468/423/471 469/420/471
f 441/422/472 442/424/472 467/425/473 468/423/473
f 442/424/474 443/426/474 466/427/475 467/425/475
f 443/426/476 444/428/476 465/429/477 466/427/477
f 444/428/478 445/430/478 472/431/479 465/429/480
f 445/430/481 446/432/481 471/433/482 472/431/483
f 446/432/484 439/434/484 470/435/485 471/433/485
f 440/436/486 439/437/487 455/438/488
f 441/439/489 440/436/486 455/438/488
f 442/440/490 441/439/489 455/438/488
f 443/441/491 442/440/490 455/438/488
f 444/426/492 443/441/491 455/438/488
f 445/442/493 444/426/492 455/438/488
f 446/443/494 445/442/493 455/438/488
f 439/437/487 446/443/494 455/438/488
f 447/444/495 448/445/496 456/446/497
f 448/445/496 449/447/498 456/446/497
f 449/447/498 450/448/499 456/446/497
f 450/448/499 451/449/500 456/446/497
f 451/449/500 452/450/501 456/446/497
f 452/450/501 453/451/502 456/446/497
f 453/451/502 454/452/503 456/446/497
f 454/452/503 447/444/495 456/446/497
f 458/453/504 457/454/504 453/455/478 452/456/478
f 459/457/505 458/453/505 452/456/476 451/458/476
f 460/459/506 459/457/507 451/458/474 450/460/474
f 461/461/508 460/459/508 450/460/472 449/462/472
f 462/463/509 461/461/509 449/462/470 448/464/470
f 463/465/510 462/463/511 448/464/467 447/466/467
f 464/467/512 463/468/512 447/469/484 454/470/484
f 457/454/513 464/467/514 454/470/481 453/455/481
f 466/427/477 465/429/477 458/453/505 459/457/505
f 467/425/475 466/427/475 459/457/507 460/459/506
f 468/423/473 467/425/473 460/459/508 461/461/508
f 469/420/471 468/423/471 461/461/509 462/463/509
f 470/421/469 469/420/468 462/463/511 463/465/510
f 471/433/485 470/435/485 463/468/512 464/467/512
f 472/431/483 471/433/482 464/467/514 457/454/513
f 465/429/480 472/431/479 457/454/504 458/453/504
f 473/418/467 474/419/467 503/420/468 504/421/468
f 474/419/470 475/422/470 502/423/515 503/420/471
f 475/422/472 476/424/472 501/425/473 502/423/473
f 476/424/474 477/426/474 500/427/475 501/425/475
f 477/426/476 478/428/476 499/429/477 500/427/477
f 478/428/478 479/430/478 506/431/479 499/429/480
f 479/430/481 480/432/481 505/433/482 506/431/482
f 480/432/484 473/434/484 504/435/485 505/433/485
f 474/436/486 473/437/516 489/438/488
f 475/439/489 474/436/486 489/438/488
f 476/440/490 475/439/489 489/438/488
f 477/441/491 476/440/490 489/438/488
f 478/426/492 477/441/491 489/438/488
f 479/442/517 478/426/492 489/438/488
f 480/443/494 479/442/517 489/438/488
f 473/437/516 480/443/494 489/438/488
f 481/444/495 482/445/496 490/446/497
f 482/445/496 483/447/498 490/446/497
f 483/447/498 484/448/499 490/446/497
f 484/448/499 485/449/500 490/446/497
f 485/449/500 486/450/501 490/446/497
f 486/450/501 487/451/502 490/446/497
f 487/451/502 488/452/503 490/446/497
f 488/452/503 481/444/495 490/446/497
f 492/453/504 491/454/504 487/455/478 486/456/478
f 493/457/505 492/453/505 486/456/476 485/458/476
f 494/459/506 493/457/518 485/458/519 484/460/519
f 495/461/508 494/459/520 484/460/521 483/462/521
f 496/463/509 495/461/509 483/462/470 482/464/470
f 497/465/510 496/463/511 482/464/467 481/466/467
f 498/467/512 497/468/512 481/469/484 488/470/484
f 491/454/513 498/467/513 488/470/481 487/455/481
f 500/427/477 499/429/477 492/453/505 493/457/505
f 501/425/475 500/427/475 493/457/518 494/459/506
f 502/423/473 501/425/473 494/459/520 495/461/508
f 503/420/471 502/423/515 495/461/509 496/463/509
f 504/421/468 503/420/468 496/463/511 497/465/510
f 505/433/485 504/435/485 497/468/512 498/467/512
f 506/431/482 505/433/482 498/467/513 491/454/513
f 499/429/480 506/431/479 491/454/504 492/453/504
f 507/418/478 508/419/478 537/420/522 538/421/523
f 508/419/476 509/422/476 536/423/524 537/420/525
f 509/422/474 510/424/474 535/425/526 536/423/527
f 510/424/521 511/426/521 534/427/528 535/425/529
f 511/426/470 512/428/470 533/429/530 534/427/531
f 512/428/467 513/430/467 540/431/532 533/429/532
f 513/430/533 514/432/533 539/433/534 540/431/534
f 514/432/535 507/434/535 538/435/536 539/433/537
f 508/436/538 507/437/539 523/438/497
f 509/439/540 508/436/538 523/438/497
f 510/440/541 509/439/540 523/438/497
f 511/441/542 510/440/541 523/438/497
f 512/426/543 511/441/542 523/438/497
f 513/442/544 512/426/543 523/438/497
f 514/443/545 513/442/544 523/438/497
f 507/437/539 514/443/545 523/438/497
f 515/444/546 516/445/547 524/446/488
f 516/445/547 517/447/548 524/446/488
f 517/447/548 518/448/549 524/446/488
f 518/448/549 519/449/550 524/446/488
f 519/449/550 520/450/551 524/446/488
f 520/450/551 521/451/552 524/446/488
f 521/451/552 522/452/553 524/446/488
f 522/452/553 515/444/546 524/446/488
f 526/453/554 525/454/554 521/455/467 520/456/467
f 527/457/555 526/453/556 520/456/470 519/458/470
f 528/459/557 527/457/557 519/458/472 518/460/472
f 529/461/558 528/459/558 518/460/474 517/462/474
f 530/463/559 529/461/560 517/462/476 516/464/476
f 531/465/561 530/463/562 516/464/478 515/466/478
f 532/467/563 531/468/564 515/469/481 522/470/481
f 525/454/565 532/467/565 522/470/484 521/455/484
f 534/427/531 533/429/530 526/453/556 527/457/555
f 535/425/529 534/427/528 527/457/557 528/459/557
f 536/423/527 535/425/526 528/459/558 529/461/558
f 537/420/525 536/423/524 529/461/560 530/463/559
f 538/421/523 537/420/522 530/463/562 531/465/561
f 539/433/537 538/435/536 531/468/564 532/467/563
f 540/431/534 539/433/534 532/467/565 525/454/565
f 533/429/532 540/431/532 525/454/554 526/453/554
f 541/418/478 542/419/478 571/420/522 572/421/523
f 542/419/476 543/422/476 570/423/525 571/420/524
f 543/422/566 544/424/566 569/425/526 570/423/527
f 544/424/567 545/426/567 568/427/528 569/425/528
f 545/426/470 546/428/470 567/429/530 568/427/530
f 546/428/467 547/430/467 574/431/532 567/429/532
f 547/430/568 548/432/568 573/433/534 574/431/534
f 548/432/569 541/434/569 572/435/536 573/433/537
f 542/436/538 541/437/539 557/438/497
f 543/439/540 542/436/538 557/438/497
f 544/440/541 543/439/540 557/438/497
f 545/441/542 544/440/541 557/438/497
f 546/426/543 545/441/542 557/438/497
f 547/442/544 546/426/543 557/438/497
f 548/443/545 547/442/544 557/438/497
f 541/437/539 548/443/545 557/438/497
f 549/444/546 550/445/547 558/446/488
f 550/445/547 551/447/548 558/446/488
f 551/447/548 552/448/549 558/446/488
f 552/448/549 553/449/550 558/446/488
f 553/449/550 554/450/551 558/446/488
f 554/450/551 555/451/552 558/446/488
f 555/451/552 556/452/553 558/446/488
f 556/452/553 549/444/546 558/446/488
f 560/453/554 559/454/554 555/455/467 554/456/467
f 561/457/556 560/453/556 554/456/470 553/458/470
f 562/459/557 561/457/570 553/458/472 552/460/472
f 563/461/558 562/459/571 552/460/474 551/462/474
f 564/463/559 563/461/560 551/462/476 550/464/476
f 565/465/561 564/463/562 550/464/478 549/466/478
f 566/467/563 565/468/563 549/469/481 556/470/481
f 559/454/572 566/467/573 556/470/484 555/455/484
f 568/427/530 567/429/530 560/453/556 561/457/556
f 569/425/528 568/427/528 561/457/570 562/459/557
f 570/423/527 569/425/526 562/459/571 563/461/558
f 571/420/524 570/423/525 563/461/560 564/463/559
f 572/421/523 571/420/522 564/463/562 565/465/561
f 573/433/537 572/435/536 565/468/563 566/467/563
f 574/431/534 573/433/534 566/467/573 559/454/572
f 567/429/532 574/431/532 559/454/554 560/453/554
f 575/418/394 576/419/394 605/420/395 606/421/446
f 576/419/397 577/422/397 604/423/399 605/420/399
f 577/422/400 578/424/400 603/425/401 604/423/401
f 578/424/402 579/426/402 602/427/403 603/425/403
f 579/426/404 580/428/404 601/429/405 602/427/450
f 580/428/407 581/430/407 608/431/408 601/429/408
f 581/430/409 582/432/409 607/433/410 608/431/410
f 582/432/444 575/434/444 606/435/413 607/433/413
f 576/436/414 575/437/464 591/438/574
f 577/439/417 576/436/414 591/438/574
f 578/440/418 577/439/417 591/438/574
f 579/441/419 578/440/418 591/438/574
f 580/426/420 579/441/419 591/438/574
f 581/442/453 580/426/420 591/438/574
f 582/443/422 581/442/453 591/438/574
f 575/437/464 582/443/422 591/438/574
f 583/444/423 584/445/424 592/446/425
f 584/445/424 585/447/426 592/446/425
f 585/447/426 586/448/427 592/446/425
f 586/448/427 587/449/428 592/446/425
f 587/449/428 588/450/429 592/446/425
f 588/450/429 589/451/430 592/446/425
f 589/451/430 590/452/431 592/446/425
f 590/452/431 583/444/423 592/446/425
f 594/453/432 593/454/432 589/455/407 588/456/407
f 595/457/435 594/453/435 588/456/404 587/458/404
f 596/459/436 595/457/436 587/458/437 586/460/437
f 597/461/438 596/459/438 586/460/439 585/462/439
f 598/463/440 597/461/440 585/462/397 584/464/397
f 599/465/441 598/463/442 584/464/394 583/466/394
f 600/467/443 599/468/443 583/469/444 590/470/444
f 593/454/445 600/467/445 590/470/409 589/455/409
f 602/427/450 601/429/405 594/453/435 595/457/435
f 603/425/403 602/427/403 595/457/436 596/459/436
f 604/423/401 603/425/401 596/459/438 597/461/438
f 605/420/399 604/423/399 597/461/440 598/463/440
f 606/421/446 605/420/395 598/463/442 599/465/441
f 607/433/413 606/435/413 599/468/443 600/467/443
f 608/431/410 607/433/410 600/467/445 593/454/445
f 601/429/408 608/431/408 593/454/432 594/453/432
f 609/418/394 610/419/394 639/420/446 640/421/446
f 610/419/397 611/422/397 638/423/398 639/420/398
f 611/422/575 612/424/575 637/425/401 638/423/401
f 612/424/437 613/426/437 636/427/403 637/425/576
f 613/426/404 614/428/404 635/429/405 636/427/450
f 614/428/407 615/430/407 642/431/451 635/429/408
f 615/430/462 616/432/462 641/433/410 642/431/411
f 616/432/444 609/434/444 640/435/413 641/433/413
f 610/436/414 609/437/464 625/438/416
f 611/439/417 610/436/414 625/438/416
f 612/440/418 611/439/417 625/438/416
f 613/441/577 612/440/418 625/438/416
f 614/426/420 613/441/577 625/438/416
f 615/442/453 614/426/420 625/438/416
f 616/443/422 615/442/453 625/438/416
f 609/437/464 616/443/422 625/438/416
f 617/444/423 618/445/424 626/446/425
f 618/445/424 619/447/426 626/446/425
f 619/447/426 620/448/454 626/446/425
f 620/448/454 621/449/428 626/446/425
f 621/449/428 622/450/429 626/446/425
f 622/450/429 623/451/430 626/446/425
f 623/451/430 624/452/455 626/446/425
f 624/452/455 617/444/423 626/446/425
f 628/453/432 627/454/432 623/455/407 622/456/407
f 629/457/434 628/453/435 622/456/404 621/458/404
f 630/459/436 629/457/436 621/458/437 620/460/437
f 631/461/438 630/459/438 620/460/439 619/462/439
f 632/463/440 631/461/440 619/462/397 618/464/397
f 633/465/442 632/463/441 618/464/394 617/466/394
f 634/467/443 633/468/578 617/469/444 624/470/444
f 627/454/445 634/467/445 624/470/409 623/455/409
f 636/427/450 635/429/405 628/453/435 629/457/434
f 637/425/576 636/427/403 629/457/436 630/459/436
f 638/423/401 637/425/401 630/459/438 631/461/438
f 639/420/398 638/423/398 631/461/440 632/463/440
f 640/421/446 639/420/446 632/463/441 633/465/442
f 641/433/413 640/435/413 633/468/578 634/467/443
f 642/431/411 641/433/410 634/467/445 627/454/445
f 635/429/408 642/431/451 627/454/432 628/453/432
f 643/418/394 644/419/394 673/420/446 674/421/447
f 644/419/397 645/422/397 672/423/460 673/420/448
f 645/422/575 646/424/575 671/425/401 672/423/401
f 646/424/437 647/426/437 670/427/403 671/425/403
f 647/426/404 648/428/404 669/429/405 670/427/405
f 648/428/407 649/430/407 676/431/451 669/429/451
f 649/430/409 650/432/409 675/433/410 676/431/410
f 650/432/444 643/434/444 674/435/413 675/433/463
f 644/436/414 643/437/464 659/438/416
f 645/439/417 644/436/414 659/438/416
f 646/440/418 645/439/417 659/438/416
f 647/441/577 646/440/418 659/438/416
f 648/426/420 647/441/577 659/438/416
f 649/442/453 648/426/420 659/438/416
f 650/443/422 649/442/453 659/438/416
f 643/437/464 650/443/422 659/438/416
f 651/444/423 652/445/424 660/446/425
f 652/445/424 653/447/426 660/446/425
f 653/447/426 654/448/427 660/446/425
f 654/448/427 655/449/428 660/446/425
f 655/449/428 656/450/429 660/446/425
f 656/450/429 657/451/430 660/446/425
f 657/451/430 658/452/431 660/446/425
f 658/452/431 651/444/423 660/446/425
f 662/453/432 661/454/432 657/455/407 656/456/407
f 663/457/434 662/453/435 656/456/404 655/458/404
f 664/459/579 663/457/436 655/458/437 654/460/437
f 665/461/438 664/459/438 654/460/439 653/462/439
f 666/463/440 665/461/457 653/462/397 652/464/397
f 667/465/441 666/463/441 652/464/394 651/466/394
f 668/467/578 667/468/443 651/469/444 658/470/444
f 661/454/580 668/467/445 658/470/409 657/455/409
f 670/427/405 669/429/405 662/453/435 663/457/434
f 671/425/403 670/427/403 663/457/436 664/459/579
f 672/423/401 671/425/401 664/459/438 665/461/438
f 673/420/448 672/423/460 665/461/457 666/463/440
f 674/421/447 673/420/446 666/463/441 667/465/441
f 675/433/463 674/435/413 667/468/443 668/467/578
f 676/431/410 675/433/410 668/467/445 661/454/580
f 669/429/451 676/431/451 661/454/432 662/453/432
f 677/418/394 678/419/394 707/420/446 708/421/446
f 678/419/397 679/422/397 706/423/398 707/420/398
f 679/422/439 680/424/439 705/425/401 706/423/401
f 680/424/437 681/426/437 704/427/403 705/425/576
f 681/426/404 682/428/404 703/429/405 704/427/405
f 682/428/407 683/430/407 710/431/451 703/429/451
f 683/430/462 684/432/462 709/433/410 710/431/411
f 684/432/412 677/434/412 708/435/413 709/433/413
f 678/436/414 677/437/464 693/438/416
f 679/439/417 678/436/414 693/438/416
f 680/440/418 679/439/417 693/438/416
f 681/441/581 680/440/418 693/438/416
f 682/426/420 681/441/581 693/438/416
f 683/442/453 682/426/420 693/438/416
f 684/443/422 683/442/453 693/438/416
f 677/437/464 684/443/422 693/438/416
f 685/444/423 686/445/424 694/446/425
f 686/445/424 687/447/426 694/446/425
f 687/447/426 688/448/454 694/446/425
f 688/448/454 689/449/428 694/446/425
f 689/449/428 690/450/429 694/446/425
f 690/450/429 691/451/430 694/446/425
f 691/451/430 692/452/455 694/446/425
f 692/452/455 685/444/423 694/446/425
f 696/453/432 695/454/432 691/455/407 690/456/407
f 697/457/435 696/453/435 690/456/404 689/458/404
f 698/459/579 697/457/436 689/458/402 688/460/402
f 699/461/438 698/459/582 688/460/400 687/462/400
f 700/463/457 699/461/457 687/462/397 686/464/397
f 701/465/441 700/463/458 686/464/394 685/466/394
f 702/467/443 701/468/443 685/469/412 692/470/412
f 695/454/445 702/467/445 692/470/462 691/455/462
f 704/427/405 703/429/405 696/453/435 697/457/435
f 705/425/576 704/427/403 697/457/436 698/459/579
f 706/423/401 705/425/401 698/459/582 699/461/438
f 707/420/398 706/423/398 699/461/457 700/463/457
f 708/421/446 707/420/446 700/463/458 701/465/441
f 709/433/413 708/435/413 701/468/443 702/467/443
f 710/431/411 709/433/410 702/467/445 695/454/445
f 703/429/451 710/431/451 695/454/432 696/453/432
f 711/471/488 718/472/488 715/473/488 712/474/488
f 712/475/425 715/476/425 730/477/425 731/478/425
f 713/479/497 716/480/497 717/481/497 714/482/497
f 732/483/416 733/484/416 718/485/416 711/486/416
f 732/487/583 711/488/583 712/489/583 731/490/583
f 717/481/497 716/480/497 720/491/497 721/492/497
f 724/493/425 723/494/425 720/495/425 716/496/425
f 725/497/425 724/493/425 716/496/425 713/498/425
f 714/499/583 726/500/583 725/501/583 713/502/583
f 714/503/416 717/504/416 727/505/416 726/506/416
f 728/507/416 727/505/416 717/504/416 721/508/416
f 730/477/425 729/509/425 723/494/425 724/493/425
f 731/478/425 730/477/425 724/493/425 725/497/425
f 726/500/583 732/487/583 731/490/583 725/501/583
f 726/506/416 727/505/416 733/484/416 732/483/416
f 734/510/416 733/484/416 727/505/416 728/507/416
f 729/511/488 730/512/488 733/513/488 734/514/488
f 719/515/584 729/516/584 734/517/584 722/518/584
f 730/519/585 715/520/585 718/521/585 733/522/585
f 729/509/425 736/523/425 735/524/425 723/494/425
f 719/525/425 737/526/425 736/523/425 729/509/425
f 719/527/488 722/528/488 738/529/488 737/530/488
f 722/531/416 734/510/416 739/532/416 738/533/416
f 740/534/416 739/532/416 734/510/416 728/507/416
f 741/535/416 740/534/416 728/507/416 721/508/416
f 721/492/497 720/491/497 742/536/497 741/537/497
f 723/494/425 735/524/425 742/538/425 720/495/425
f 757/539/497 758/540/497 746/541/497 745/542/497
f 745/542/425 746/541/425 804/543/425 805/544/425
f 747/545/488 748/546/488 755/547/488 756/548/488
f 809/549/416 810/550/416 744/551/416 743/552/416
f 758/540/583 803/553/583 804/554/583 746/541/583
f 806/555/586 757/539/586 745/542/586 805/556/586
f 808/557/586 779/558/586 753/559/586 807/560/586
f 779/558/497 780/561/497 754/562/497 753/559/497
f 780/561/583 811/563/583 812/564/583 754/562/583
f 756/548/488 755/547/488 751/565/488 752/566/488
f 807/560/586 753/559/586 757/539/586 806/555/586
f 753/559/497 754/562/497 758/540/497 757/539/497
f 754/562/583 812/564/583 803/553/583 758/540/583
f 759/567/583 802/568/583 793/569/583 760/570/583
f 761/571/583 760/570/583 793/569/583 794/572/583
f 762/573/425 761/574/425 794/575/425 795/576/425
f 796/577/586 763/578/586 762/579/586 795/580/586
f 797/581/586 764/582/586 763/578/586 796/577/586
f 798/583/586 777/584/586 764/582/586 797/581/586
f 799/585/416 800/586/416 766/587/587 765/588/587
f 759/567/583 782/589/583 801/590/583 802/568/583
f 767/591/583 784/592/583 785/593/583 768/594/583
f 769/595/583 768/594/583 785/593/583 786/596/583
f 770/597/425 769/598/425 786/599/425 787/600/425
f 788/601/586 771/602/586 770/603/586 787/604/586
f 789/605/586 772/606/586 771/602/586 788/601/586
f 790/607/586 778/608/586 772/606/586 789/605/586
f 791/609/588 792/610/588 774/611/589 773/612/589
f 767/591/583 781/613/583 783/614/583 784/592/583
f 776/566/488 775/565/488 750/615/488 749/616/488
f 799/617/586 765/618/586 777/584/586 798/583/586
f 791/619/586 773/620/586 778/608/586 790/607/586
f 809/621/586 743/622/586 779/558/586 808/557/586
f 743/622/497 744/623/497 780/561/497 779/558/497
f 744/623/583 810/624/583 811/563/583 780/561/583
f 792/625/583 783/614/583 781/613/583 774/626/583
f 801/590/583 782/589/583 766/627/583 800/628/583
f 784/592/583 783/614/583 782/589/583 759/567/583
f 785/593/583 784/592/583 759/567/583 760/570/583
f 786/596/583 785/593/583 760/570/583 761/571/583
f 787/600/425 786/599/425 761/574/425 762/573/425
f 763/578/586 788/601/586 787/604/586 762/579/586
f 764/582/586 789/605/586 788/601/586 763/578/586
f 777/584/586 790/607/586 789/605/586 764/582/586
f 765/618/586 791/619/586 790/607/586 777/584/586
f 765/588/587 766/587/587 792/610/588 791/609/588
f 782/589/583 783/614/583 792/625/583 766/627/583
f 794/572/583 793/569/583 755/629/583 748/630/583
f 795/576/425 794/575/425 748/546/425 747/545/425
f 756/631/586 796/577/586 795/580/586 747/632/586
f 752/566/586 797/581/586 796/577/586 756/631/586
f 749/633/586 799/617/586 798/583/586 776/566/586
f 749/616/416 750/615/416 800/586/416 799/585/416
f 775/565/583 801/590/583 800/628/583 750/634/583
f 793/569/583 802/568/583 751/565/583 755/629/583
f 803/553/583 768/594/583 769/595/583 804/554/583
f 805/544/425 804/543/425 769/598/425 770/597/425
f 771/602/586 806/555/586 805/556/586 770/603/586
f 772/606/586 807/560/586 806/555/586 771/602/586
f 778/608/586 808/557/586 807/560/586 772/606/586
f 773/620/586 809/621/586 808/557/586 778/608/586
f 773/612/589 774/611/589 810/550/416 809/549/416
f 811/563/583 810/624/583 774/626/583 781/613/583
f 812/564/583 811/563/583 781/613/583 767/591/583
f 803/553/583 812/564/583 767/591/583 768/594/583
f 798/583/488 797/581/488 802/568/488 801/590/488
f 776/566/425 798/583/425 801/590/425 775/565/425
f 797/581/590 752/566/590 751/565/590 802/568/590
f 813/622/591 814/623/591 816/541/591 815/542/591
f 815/542/592 816/541/592 818/546/592 817/545/592
f 817/545/593 818/546/593 820/615/593 819/616/593
f 819/616/594 820/615/594 814/551/594 813/552/594
f 814/623/595 820/634/595 818/630/595 816/541/595
f 819/633/596 813/622/596 815/542/596 817/632/596
f 821/471/497 828/472/497 825/473/497 822/474/497
f 822/475/425 825/476/425 840/477/425 841/478/425
f 823/479/488 826/480/488 827/481/488 824/482/488
f 842/483/416 843/484/416 828/485/416 821/486/416
f 842/487/586 821/488/586 822/489/586 841/490/586
f 827/481/488 826/480/488 830/491/488 831/492/488
f 834/493/425 833/494/425 830/495/425 826/496/425
f 835/497/425 834/493/425 826/496/425 823/498/425
f 824/499/586 836/500/586 835/501/586 823/502/586
f 824/503/416 827/504/416 837/505/416 836/506/416
f 838/507/416 837/505/416 827/504/416 831/508/416
f 840/477/425 839/509/425 833/494/425 834/493/425
f 841/478/425 840/477/425 834/493/425 835/497/425
f 836/500/586 842/487/586 841/490/586 835/501/586
f 836/506/416 837/505/416 843/484/416 842/483/416
f 844/510/416 843/484/416 837/505/416 838/507/416
f 839/511/497 840/512/497 843/513/497 844/514/497
f 829/515/597 839/516/597 844/517/597 832/518/597
f 840/519/598 825/520/598 828/521/598 843/522/598
f 839/509/425 846/523/425 845/524/425 833/494/425
f 829/525/425 847/526/425 846/523/425 839/509/425
f 829/527/497 832/528/497 848/529/497 847/530/497
f 832/531/416 844/510/416 849/532/416 848/533/416
f 850/534/416 849/532/416 844/510/416 838/507/416
f 851/535/416 850/534/416 838/507/416 831/508/416
f 831/492/488 830/491/488 852/536/488 851/537/488
f 833/494/425 845/524/425 852/538/425 830/495/425
f 867/539/488 868/540/488 856/541/488 855/542/488
f 855/542/425 856/541/425 914/543/425 915/544/425
f 857/545/497 858/546/497 865/547/497 866/548/497
f 919/549/416 920/550/416 854/551/416 853/552/416
f 868/540/586 913/553/586 914/554/586 856/541/586
f 916/555/583 867/539/583 855/542/583 915/556/583
f 918/557/583 889/558/583 863/559/583 917/560/583
f 889/558/488 890/561/488 864/562/488 863/559/488
f 890/561/586 921/563/586 922/564/586 864/562/586
f 866/548/497 865/547/497 861/565/497 862/566/497
f 917/560/583 863/559/583 867/539/583 916/555/583
f 863/559/488 864/562/488 868/540/488 867/539/488
f 864/562/586 922/564/586 913/553/586 868/540/586
f 869/567/586 912/568/586 903/569/586 870/570/586
f 871/571/586 870/570/586 903/569/586 904/572/586
f 872/573/425 871/574/425 904/575/425 905/576/425
f 906/577/583 873/578/583 872/579/583 905/580/583
f 907/581/583 874/582/583 873/578/583 906/577/583
f 908/583/583 887/584/583 874/582/583 907/581/583
f 909/585/416 910/586/416 876/587/599 875/588/599
f 869/567/586 892/589/586 911/590/586 912/568/586
f 877/591/586 894/592/586 895/593/586 878/594/586
f 879/595/586 878/594/586 895/593/586 896/596/586
f 880/597/425 879/598/425 896/599/425 897/600/425
f 898/601/583 881/602/583 880/603/583 897/604/583
f 899/605/583 882/606/583 881/602/583 898/601/583
f 900/607/583 888/608/583 882/606/583 899/605/583
f 901/609/600 902/610/600 884/611/601 883/612/601
f 877/591/586 891/613/586 893/614/586 894/592/586
f 886/566/497 885/565/497 860/615/497 859/616/497
f 909/617/583 875/618/583 887/584/583 908/583/583
f 901/619/583 883/620/583 888/608/583 900/607/583
f 919/621/583 853/622/583 889/558/583 918/557/583
f 853/622/488 854/623/488 890/561/488 889/558/488
f 854/623/586 920/624/586 921/563/586 890/561/586
f 902/625/586 893/614/586 891/613/586 884/626/586
f 911/590/586 892/589/586 876/627/586 910/628/586
f 894/592/586 893/614/586 892/589/586 869/567/586
f 895/593/586 894/592/586 869/567/586 870/570/586
f 896/596/586 895/593/586 870/570/586 871/571/586
f 897/600/425 896/599/425 871/574/425 872/573/425
f 873/578/583 898/601/583 897/604/583 872/579/583
f 874/582/583 899/605/583 898/601/583 873/578/583
f 887/584/583 900/607/583 899/605/583 874/582/583
f 875/618/583 901/619/583 900/607/583 887/584/583
f 875/588/599 876/587/599 902/610/600 901/609/600
f 892/589/586 893/614/586 902/625/586 876/627/586
f 904/572/586 903/569/586 865/629/586 858/630/586
f 905/576/425 904/575/425 858/546/425 857/545/425
f 866/631/583 906/577/583 905/580/583 857/632/583
f 862/566/583 907/581/583 906/577/583 866/631/583
f 859/633/583 909/617/583 908/583/583 886/566/583
f 859/616/416 860/615/416 910/586/416 909/585/416
f 885/565/586 911/590/586 910/628/586 860/634/586
f 903/569/586 912/568/586 861/565/586 865/629/586
f 913/553/586 878/594/586 879/595/586 914/554/586
f 915/544/425 914/543/425 879/598/425 880/597/425
f 881/602/583 916/555/583 915/556/583 880/603/583
f 882/606/583 917/560/583 916/555/583 881/602/583
f 888/608/583 918/557/583 917/560/583 882/606/583
f 883/620/583 919/621/583 918/557/583 888/608/583
f 883/612/601 884/611/601 920/550/416 919/549/416
f 921/563/586 920/624/586 884/626/586 891/613/586
f 922/564/586 921/563/586 891/613/586 877/591/586
f 913/553/586 922/564/586 877/591/586 878/594/586
f 908/583/497 907/581/497 912/568/497 911/590/497
f 886/566/425 908/583/425 911/590/425 885/565/425
f 907/581/602 862/566/602 861/565/602 912/568/602
f 923/622/603 924/623/603 926/541/603 925/542/603
f 925/542/604 926/541/604 928/546/604 927/545/604
f 927/545/605 928/546/605 930/615/605 929/616/605
f 929/616/606 930/615/606 924/551/606 923/552/606
f 924/623/607 930/634/607 928/630/607 926/541/607
f 929/633/608 923/622/608 925/542/608 927/632/608
o campfire
v 7.870000 10.411924 -0.450000
v 7.548726 10.365742 -0.323738
v 7.703120 10.322954 -0.139460
v 7.869936 10.353818 0.008494
v 8.031294 10.310362 -0.039588
v 8.140997 10.299190 -0.158556
v 8.176599 10.291898 -0.345404
v 8.139045 10.296530 -0.555735
v 8.058093 10.371633 -0.800014
v 7.870059 10.321185 -0.872338
v 7.700184 10.329931 -0.882098
v 7.552353 10.361021 -0.791613
v 7.560069 10.295722 -0.555733
v 7.389861 10.152088 -0.261303
v 7.592423 10.152327 0.066530
v 7.869898 10.160414 0.282629
v 8.135441 10.143168 0.225416
v 8.334601 10.145267 0.049656
v 8.477028 10.172238 -0.242913
v 8.403106 10.175485 -0.659512
v 8.188478 10.183614 -1.042643
v 7.870100 10.156025 -1.168042
v 7.602468 10.144769 -1.130735
v 7.404369 10.145722 -0.950764
v 7.334012 10.145060 -0.632852
v 7.286430 9.940001 -0.220655
v 7.562428 9.940001 0.122347
v 7.869890 9.940001 0.341505
v 8.202521 9.940001 0.396103
v 8.463554 9.940001 0.188339
v 8.534233 9.940001 -0.223398
v 8.477090 9.940001 -0.688588
v 8.178127 9.940001 -1.023381
v 7.870121 9.940001 -1.321655
v 7.517576 9.940001 -1.346747
v 7.281620 9.940001 -1.082775
v 7.237111 9.940001 -0.665909
v 7.309729 9.692516 -0.229811
v 7.578635 9.717127 0.092189
v 7.869896 9.715639 0.295751
v 8.166717 9.712894 0.304997
v 8.360946 9.723095 0.077988
v 8.419699 9.729696 -0.262471
v 8.365255 9.721235 -0.644637
v 8.170164 9.710397 -1.008561
v 7.870099 9.726172 -1.160740
v 7.585820 9.722490 -1.173097
v 7.384827 9.725645 -0.971780
v 7.311768 9.726432 -0.640440
v 7.585300 9.562726 -0.338112
v 7.704142 9.559393 -0.141362
v 7.869942 9.561089 -0.030180
v 8.033615 9.564308 -0.033680
v 8.141415 9.580257 -0.158106
v 8.196001 9.565835 -0.338785
v 8.172379 9.539299 -0.568836
v 8.028271 9.576803 -0.744519
v 7.870056 9.579680 -0.849221
v 7.716748 9.588103 -0.839952
v 7.580160 9.555836 -0.761709
v 7.516768 9.534581 -0.570505
v 7.870000 9.468077 -0.450000
v 9.347713 10.411924 2.101195
v 9.101430 10.365742 1.940861
v 9.044602 10.322954 2.147197
v 9.019783 10.353818 2.343139
v 9.132512 10.310362 2.431757
v 9.270858 10.299190 2.446470
v 9.421770 10.291898 2.373006
v 9.553959 10.296530 2.235465
v 9.689354 10.371633 2.049346
v 9.649784 10.321185 1.878331
v 9.574286 10.329931 1.753167
v 9.437799 10.361021 1.696484
v 9.272852 10.295722 1.826430
v 8.979647 10.152088 1.861578
v 8.843540 10.152327 2.177712
v 8.823713 10.160414 2.487797
v 8.993557 10.143168 2.645202
v 9.215951 10.145267 2.693140
v 9.494337 10.172238 2.639347
v 9.756384 10.175485 2.367247
v 9.926180 10.183614 2.013404
v 9.861280 10.156025 1.722292
v 9.704660 10.144769 1.552905
v 9.479769 10.145722 1.507938
v 9.218249 10.145060 1.626023
v 8.900358 9.940001 1.809960
v 8.789058 9.940001 2.185980
v 8.781603 9.940001 2.518865
v 8.904057 9.940001 2.782680
v 9.179379 9.940001 2.857439
v 9.508155 9.940001 2.690062
v 9.813099 9.940001 2.404169
v 9.907379 9.940001 2.016258
v 9.971150 9.940001 1.641231
v 9.817926 9.940001 1.378921
v 9.514581 9.940001 1.351544
v 9.194843 9.940001 1.540117
v 8.918219 9.692516 1.821588
v 8.818495 9.717127 2.181513
v 8.814327 9.715639 2.494721
v 8.951828 9.712894 2.709299
v 9.208479 9.723095 2.726706
v 9.480490 9.729696 2.588523
v 9.727367 9.721235 2.348357
v 9.892913 9.710397 2.018453
v 9.856058 9.726172 1.726144
v 9.726872 9.722490 1.518785
v 9.485311 9.725645 1.483040
v 9.212876 9.726432 1.606302
v 9.129467 9.562726 1.959114
v 9.046459 9.559393 2.146916
v 9.047444 9.561089 2.322731
v 9.129415 9.564308 2.436516
v 9.270739 9.580257 2.447003
v 9.426456 9.565835 2.390207
v 9.579512 9.539299 2.252100
v 9.635187 9.576803 2.057567
v 9.633249 9.579680 1.890530
v 9.552186 9.588103 1.787113
v 9.429914 9.555836 1.731912
v 9.262393 9.534581 1.788043
v 9.347713 9.468077 2.101195
v 8.949487 10.411924 0.743068
v 8.553238 10.365742 0.887291
v 8.718247 10.322954 1.068163
v 8.901839 10.353818 1.211347
v 9.099261 10.310362 1.154571
v 9.242436 10.299190 1.027851
v 9.304281 10.291898 0.835325
v 9.281318 10.296530 0.622292
v 9.210120 10.371633 0.376649
v 8.993377 10.321185 0.311717
v 8.791799 10.329931 0.309822
v 8.606109 10.361021 0.409262
v 8.590837 10.295722 0.649808
v 8.357299 10.152088 0.958607
v 8.564858 10.152327 1.283808
v 8.873351 10.160414 1.491331
v 9.195971 10.143168 1.420279
v 9.451724 10.145267 1.231305
v 9.651936 10.172238 0.925726
v 9.607001 10.175485 0.503753
v 9.390792 10.183614 0.122648
v 9.024107 10.156025 0.009704
v 8.701061 10.144769 0.060524
v 8.446136 10.145722 0.253749
v 8.329245 10.145060 0.581786
v 8.229731 9.940001 1.005038
v 8.523295 9.940001 1.342241
v 8.867232 9.940001 1.551463
v 9.258261 9.940001 1.591419
v 9.591123 9.940001 1.366818
v 9.718134 9.940001 0.942939
v 9.698252 9.940001 0.470541
v 9.376449 9.940001 0.142812
v 9.040071 9.940001 -0.147188
v 8.622231 9.940001 -0.156061
v 8.313443 9.940001 0.124755
v 8.217112 9.940001 0.552628
v 8.258467 9.692516 0.994579
v 8.545752 9.717127 1.310670
v 8.871987 9.715639 1.504734
v 9.225013 9.712894 1.500071
v 9.480203 9.723095 1.258990
v 9.585595 9.729696 0.908476
v 9.560318 9.721235 0.520744
v 9.365413 9.710397 0.158327
v 9.023348 9.726172 0.017161
v 8.685602 9.722490 0.018050
v 8.425012 9.725645 0.233213
v 8.303504 9.726432 0.575093
v 8.598348 9.562726 0.870872
v 8.719664 9.559393 1.066172
v 8.905858 9.561089 1.171847
v 9.101418 9.564308 1.160494
v 9.242888 9.580257 1.028291
v 9.326734 9.565835 0.841164
v 9.322431 9.539299 0.607328
v 9.168797 9.576803 0.434745
v 8.990974 9.579680 0.335328
v 8.807178 9.588103 0.352080
v 8.636168 9.555836 0.438483
v 8.540729 9.534581 0.636778
v 8.949487 9.468077 0.743068
v 2.247282 10.411924 0.293784
v 1.733942 10.365742 0.303793
v 1.851152 10.322954 0.494193
v 2.004829 10.353818 0.659150
v 2.254546 10.310362 0.666341
v 2.469930 10.299190 0.602473
v 2.618188 10.291898 0.463611
v 2.677168 10.296530 0.285403
v 2.693766 10.371633 0.067901
v 2.470614 10.321185 -0.042769
v 2.239635 10.329931 -0.098458
v 1.986308 10.361021 -0.068043
v 1.872344 10.295722 0.122111
v 1.480103 10.152088 0.308742
v 1.588387 10.152327 0.627130
v 1.859867 10.160414 0.877602
v 2.259235 10.143168 0.906901
v 2.628992 10.145267 0.823005
v 2.981631 10.172238 0.630021
v 3.099091 10.175485 0.277176
v 3.003268 10.183614 -0.088681
v 2.626983 10.156025 -0.278409
v 2.235234 10.144769 -0.324161
v 1.864725 10.145722 -0.236611
v 1.598873 10.145060 -0.003104
v 1.314840 9.940001 0.311965
v 1.517186 9.940001 0.663152
v 1.828733 9.940001 0.924519
v 2.262257 9.940001 1.061844
v 2.734939 9.940001 0.969894
v 3.050834 9.940001 0.661707
v 3.217304 9.940001 0.274871
v 2.978697 9.940001 -0.076251
v 2.708214 9.940001 -0.400821
v 2.231411 9.940001 -0.520248
v 1.763875 9.940001 -0.376433
v 1.481648 9.940001 -0.056778
v 1.352067 9.692516 0.311239
v 1.555655 9.717127 0.643689
v 1.852928 9.715639 0.888059
v 2.260644 9.712894 0.979141
v 2.650637 9.723095 0.853014
v 2.912278 9.729696 0.598266
v 3.038611 9.721235 0.278355
v 2.959792 9.710397 -0.066686
v 2.623122 9.726172 -0.272591
v 2.234484 9.722490 -0.362616
v 1.848669 9.725645 -0.258870
v 1.571964 9.726432 -0.015425
v 1.792382 9.562726 0.302654
v 1.853578 9.559393 0.492966
v 2.025280 9.561089 0.628331
v 2.254650 9.564308 0.671703
v 2.470273 9.580257 0.602949
v 2.641660 9.565835 0.474358
v 2.730429 9.539299 0.284364
v 2.622975 9.576803 0.103715
v 2.458390 9.579680 -0.024347
v 2.240380 9.588103 -0.060199
v 2.009152 9.555836 -0.036369
v 1.819961 9.534581 0.098126
v 2.247282 9.468077 0.293784
v 5.572918 9.874496 2.258165
v 1.877687 9.874496 1.606596
v 1.877687 9.874496 2.909734
v 2.323387 9.874496 4.134283
v 3.161027 9.874496 5.132545
v 4.289577 9.874496 5.784114
v 5.572918 9.874496 6.010402
v 6.856258 9.874496 5.784115
v 7.984808 9.874496 5.132545
v 8.822450 9.874496 4.134284
v 9.268149 9.874496 2.909735
v 9.268149 9.874496 1.606598
v 8.822451 9.874496 0.382049
v 7.984810 9.874496 -0.616213
v 6.856260 9.874496 -1.267782
v 5.572921 9.874496 -1.494071
v 4.289580 9.874496 -1.267784
v 3.161030 9.874496 -0.616216
v 2.323388 9.874496 0.382044
v 1.877687 9.931474 1.606596
v 1.877687 9.931474 2.909734
v 2.323387 9.931474 4.134283
v 3.161027 9.931474 5.132545
v 4.289577 9.931474 5.784114
v 5.572918 9.931474 6.010402
v 6.856258 9.931474 5.784115
v 7.984808 9.931474 5.132545
v 8.822450 9.931474 4.134284
v 9.268149 9.931474 2.909735
v 9.268149 9.931474 1.606598
v 8.822451 9.931474 0.382049
v 7.984810 9.931474 -0.616213
v 6.856260 9.931474 -1.267782
v 5.572921 9.931474 -1.494071
v 4.289580 9.931474 -1.267784
v 3.161030 9.931474 -0.616216
v 2.323388 9.931474 0.382044
v 5.572918 9.931474 2.258165
v 3.938651 10.411924 5.602213
v 3.936314 10.365742 5.896080
v 4.140750 10.322954 5.832753
v 4.319180 10.353818 5.748066
v 4.333078 10.310362 5.605350
v 4.270917 10.299190 5.480883
v 4.127706 10.291898 5.393350
v 3.940608 10.296530 5.356120
v 3.710863 10.371633 5.342369
v 3.588131 10.321185 5.467862
v 3.523382 10.329931 5.598911
v 3.549188 10.361021 5.744429
v 3.747542 10.295722 5.813347
v 3.935159 10.152088 6.041392
v 4.274808 10.152327 5.985677
v 4.546698 10.160414 5.835272
v 4.587761 10.143168 5.607375
v 4.508293 10.145267 5.394203
v 4.312956 10.172238 5.188689
v 3.942529 10.175485 5.114587
v 3.552960 10.183614 5.162244
v 3.342711 10.156025 5.373795
v 3.284429 10.144769 5.597011
v 3.367746 10.145722 5.810684
v 3.608151 10.145060 5.967342
v 3.934407 9.940001 6.135999
v 4.311134 9.940001 6.027115
v 4.595562 9.940001 5.854000
v 4.751800 9.940001 5.608680
v 4.666401 9.940001 5.336469
v 4.348229 9.940001 5.149719
v 3.943067 9.940001 5.046914
v 3.565495 9.940001 5.176544
v 3.215219 9.940001 5.324928
v 3.076831 9.940001 5.595360
v 3.217244 9.940001 5.865642
v 3.548400 9.940001 6.033354
v 3.934576 9.692516 6.114688
v 4.291507 9.717127 6.004725
v 4.557589 9.715639 5.839446
v 4.664242 9.712894 5.607984
v 4.540594 9.723095 5.382408
v 4.277606 9.729696 5.227743
v 3.942254 9.721235 5.149209
v 3.575140 9.710397 5.187546
v 3.348771 9.726172 5.376118
v 3.243717 9.722490 5.596687
v 3.343785 9.725645 5.819433
v 3.594435 9.726432 5.982495
v 3.936580 9.562726 5.862625
v 4.139512 9.559393 5.831342
v 4.287082 9.561089 5.735763
v 4.338756 9.564308 5.605394
v 4.271430 9.580257 5.480697
v 4.139669 9.565835 5.380133
v 3.940850 9.539299 5.325631
v 3.746979 9.576803 5.383567
v 3.607316 9.579680 5.475216
v 3.563887 9.588103 5.599233
v 3.583281 9.555836 5.731979
v 3.720841 9.534581 5.842844
v 3.938651 9.468077 5.602213
v 6.638091 10.411924 -1.275355
v 6.564867 10.365742 -0.860082
v 6.804011 10.322954 -0.912548
v 7.019808 10.353818 -0.999952
v 7.069350 10.310362 -1.199312
v 7.031195 10.299190 -1.386665
v 6.895385 10.291898 -1.536487
v 6.699411 10.296530 -1.623117
v 6.451079 10.371633 -1.684280
v 6.286475 10.321185 -1.529041
v 6.184044 10.329931 -1.355416
v 6.177317 10.361021 -1.144884
v 6.378000 10.295722 -1.011385
v 6.528659 10.152088 -0.654736
v 6.914072 10.152327 -0.671888
v 7.248038 10.160414 -0.835288
v 7.347815 10.143168 -1.150211
v 7.312035 10.145267 -1.466187
v 7.147502 10.172238 -1.792365
v 6.759595 10.175485 -1.964437
v 6.321444 10.183614 -1.967746
v 6.040288 10.156025 -1.706661
v 5.922777 10.144769 -1.401485
v 5.962652 10.145722 -1.084100
v 6.188295 10.145060 -0.818850
v 6.505085 9.940001 -0.521043
v 6.943894 9.940001 -0.606676
v 7.297054 9.940001 -0.799923
v 7.527172 9.940001 -1.118586
v 7.499092 9.940001 -1.519153
v 7.195508 9.940001 -1.841087
v 6.776457 9.940001 -2.060068
v 6.331735 9.940001 -1.945243
v 5.912398 9.940001 -1.798931
v 5.695794 9.940001 -1.441508
v 5.784594 9.940001 -1.033682
v 6.106977 9.940001 -0.736320
v 6.510395 9.692516 -0.551159
v 6.927781 9.717127 -0.641910
v 7.258963 9.715639 -0.827406
v 7.431437 9.712894 -1.135466
v 7.350250 9.723095 -1.477008
v 7.099392 9.729696 -1.743538
v 6.750968 9.721235 -1.915512
v 6.339653 9.710397 -1.927928
v 6.046368 9.726172 -1.702275
v 5.878264 9.722490 -1.409334
v 5.934305 9.725645 -1.076074
v 6.169628 9.726432 -0.799905
v 6.573203 9.562726 -0.907357
v 6.802995 9.559393 -0.914770
v 6.987610 9.561089 -1.023182
v 7.075558 9.564308 -1.198218
v 7.031801 9.580257 -1.386837
v 6.911667 9.565835 -1.553012
v 6.707008 9.539299 -1.666204
v 6.480730 9.576803 -1.619445
v 6.305721 9.579680 -1.515155
v 6.228332 9.588103 -1.347607
v 6.217652 9.555836 -1.156305
v 6.341662 9.534581 -0.974505
v 6.638091 9.468077 -1.275355
v 3.599158 10.411924 -0.710899
v 3.401039 10.365742 -0.998687
v 3.245125 10.322954 -0.797603
v 3.129104 10.353818 -0.593451
v 3.212889 10.310362 -0.444983
v 3.358305 10.299190 -0.366156
v 3.557469 10.291898 -0.378567
v 3.765069 10.296530 -0.469897
v 3.998195 10.371633 -0.613174
v 4.032146 10.321185 -0.819085
v 4.005838 10.329931 -0.990866
v 3.881473 10.361021 -1.114987
v 3.641301 10.295722 -1.046843
v 3.303072 10.152088 -1.140993
v 3.010283 10.152327 -0.855116
v 2.848057 10.160414 -0.523229
v 2.963475 10.143168 -0.273280
v 3.186235 10.145267 -0.119865
v 3.516618 10.172238 -0.052923
v 3.927907 10.175485 -0.233360
v 4.274807 10.183614 -0.545430
v 4.335305 10.156025 -0.894833
v 4.239849 10.144769 -1.151965
v 4.012998 10.145722 -1.303244
v 3.672040 10.145060 -1.291873
v 3.239290 9.940001 -1.233643
v 2.946649 9.940001 -0.870701
v 2.787697 9.940001 -0.508147
v 2.802828 9.940001 -0.162688
v 3.071626 9.940001 0.044180
v 3.508840 9.940001 0.009083
v 3.973531 9.940001 -0.167087
v 4.252848 9.940001 -0.550808
v 4.492792 9.940001 -0.934182
v 4.443153 9.940001 -1.291924
v 4.122094 9.940001 -1.459397
v 3.685215 9.940001 -1.396907
v 3.253657 9.692516 -1.212773
v 2.981030 9.717127 -0.862281
v 2.834603 9.715639 -0.519868
v 2.888576 9.712894 -0.221718
v 3.162821 9.723095 -0.086351
v 3.524414 9.729696 -0.115063
v 3.904566 9.721235 -0.267265
v 4.235951 9.710397 -0.554946
v 4.327820 9.726172 -0.892962
v 4.279718 9.722490 -1.179412
v 4.030366 9.725645 -1.328103
v 3.675064 9.726432 -1.315984
v 3.423594 9.562726 -0.965924
v 3.247293 9.559393 -0.797072
v 3.168753 9.561089 -0.603358
v 3.207329 9.564308 -0.441155
v 3.357933 9.580257 -0.365624
v 3.554831 9.565835 -0.357537
v 3.785625 9.539299 -0.440038
v 3.934928 9.576803 -0.628668
v 4.008446 9.579680 -0.813164
v 3.966171 9.588103 -0.963559
v 3.856760 9.555836 -1.079615
v 3.647189 9.534581 -1.093778
v 3.599158 9.468077 -0.710899
v 1.995894 10.411924 1.631489
v 2.242177 10.365742 1.791822
v 2.299004 10.322954 1.585486
v 2.323824 10.353818 1.389545
v 2.211095 10.310362 1.300927
v 2.072751 10.299190 1.286214
v 1.921838 10.291898 1.359678
v 1.789650 10.296530 1.497220
v 1.654255 10.371633 1.683339
v 1.693825 10.321185 1.854353
v 1.769322 10.329931 1.979517
v 1.905808 10.361021 2.036200
v 2.070755 10.295722 1.906253
v 2.363960 10.152088 1.871105
v 2.500066 10.152327 1.554971
v 2.519894 10.160414 1.244887
v 2.350051 10.143168 1.087482
v 2.127658 10.145267 1.039545
v 1.849272 10.172238 1.093338
v 1.587227 10.175485 1.365439
v 1.417430 10.183614 1.719281
v 1.482328 10.156025 2.010393
v 1.638948 10.144769 2.179779
v 1.863839 10.145722 2.224746
v 2.125357 10.145060 2.106661
v 2.443248 9.940001 1.922723
v 2.554548 9.940001 1.546703
v 2.562003 9.940001 1.213818
v 2.439551 9.940001 0.950005
v 2.164230 9.940001 0.875246
v 1.835455 9.940001 1.042624
v 1.530511 9.940001 1.328517
v 1.436231 9.940001 1.716428
v 1.372459 9.940001 2.091454
v 1.525682 9.940001 2.353763
v 1.829026 9.940001 2.381140
v 2.148762 9.940001 2.192566
v 2.425387 9.692516 1.911095
v 2.525112 9.717127 1.551170
v 2.529280 9.715639 1.237962
v 2.391779 9.712894 1.023385
v 2.135129 9.723095 1.005979
v 1.863119 9.729696 1.144162
v 1.616242 9.721235 1.384329
v 1.450697 9.710397 1.714232
v 1.487550 9.726172 2.006541
v 1.616735 9.722490 2.213899
v 1.858296 9.725645 2.249644
v 2.130730 9.726432 2.126381
v 2.214140 9.562726 1.773570
v 2.297148 9.559393 1.585768
v 2.296163 9.561089 1.409953
v 2.214193 9.564308 1.296169
v 2.072869 9.580257 1.285681
v 1.917151 9.565835 1.342478
v 1.764097 9.539299 1.480585
v 1.708422 9.576803 1.675118
v 1.710359 9.579680 1.842154
v 1.791422 9.588103 1.945571
v 1.913694 9.555836 2.000772
v 2.081214 9.534581 1.944641
v 1.995894 9.468077 1.631489
v 2.935701 10.255423 2.290936
v 3.097894 10.032316 2.226665
v 3.227697 9.939902 1.992516
v 3.249073 10.032316 1.725650
v 3.149500 10.255423 1.582393
v 2.987307 10.478530 1.646663
v 2.857504 10.570944 1.880812
v 2.836128 10.478530 2.147678
v 2.912810 10.255423 2.366798
v 3.110663 9.985122 2.289045
v 3.268646 9.873159 2.004872
v 3.294214 9.985122 1.680744
v 3.172391 10.255423 1.506531
v 2.974538 10.525724 1.584284
v 2.816556 10.637687 1.868456
v 2.790987 10.525724 2.192584
v 3.567619 10.674543 2.561067
v 3.763927 10.406060 2.483819
v 3.920733 10.294850 2.201636
v 3.946182 10.406060 1.879817
v 3.825366 10.674543 1.706878
v 3.629058 10.943027 1.784126
v 3.472252 11.054236 2.066310
v 3.446804 10.943027 2.388129
v 4.216683 11.093664 2.774378
v 4.419713 10.814724 2.694045
v 4.582131 10.699183 2.401210
v 4.608796 10.814724 2.067412
v 4.484087 11.093664 1.888185
v 4.420703 11.403575 2.061147
v 4.258285 11.519115 2.353982
v 4.091974 11.372603 2.595152
v 5.071262 11.533529 2.967438
v 5.224380 11.279421 2.891025
v 5.355626 11.174166 2.634608
v 5.388118 11.279421 2.348391
v 5.302821 11.533529 2.200038
v 5.051045 11.724403 2.246682
v 4.919800 11.829659 2.503099
v 4.985966 11.787639 2.819085
v 5.656487 11.850915 3.144027
v 5.829626 11.607682 3.073655
v 5.969164 11.506931 2.819740
v 5.993362 11.607682 2.531021
v 5.888046 11.850915 2.376627
v 5.714907 12.094149 2.446999
v 5.575369 12.194899 2.700914
v 5.551170 12.094149 2.989633
v 6.228014 12.204733 3.316482
v 6.401153 11.961500 3.246110
v 6.540691 11.860749 2.992195
v 6.564889 11.961500 2.703476
v 6.459573 12.204733 2.549083
v 6.286434 12.447967 2.619454
v 6.146896 12.548717 2.873369
v 6.122697 12.447967 3.162088
v 6.248296 12.204733 3.249266
v 6.391198 12.004168 3.191250
v 6.506331 11.921091 2.981827
v 6.526252 12.004168 2.743675
v 6.439291 12.204733 2.616298
v 6.296389 12.405298 2.674314
v 6.181255 12.488375 2.883737
v 6.161335 12.405298 3.121890
v 6.207783 12.179359 3.237041
v 6.350685 11.978795 3.179025
v 6.465817 11.895719 2.969602
v 6.485738 11.978795 2.731450
v 6.398777 12.179360 2.604074
v 6.255875 12.379925 2.662090
v 6.140741 12.463001 2.871512
v 6.120821 12.379925 3.109665
v 3.005280 10.298999 2.311930
v 3.167473 10.075892 2.247660
v 3.297276 9.983479 2.013511
v 3.318652 10.075892 1.746645
v 3.219079 10.298999 1.603388
v 3.056886 10.522106 1.667659
v 2.927083 10.614520 1.901807
v 2.905707 10.522106 2.168674
v 6.436281 10.411924 5.859832
v 6.701619 10.365742 6.299392
v 6.807905 10.322954 6.102685
v 6.873923 10.353818 5.887118
v 6.755292 10.310362 5.667263
v 6.592289 10.299190 5.512669
v 6.397902 10.291898 5.453703
v 6.214079 10.296530 5.491730
v 6.017418 10.371633 5.586107
v 6.033151 10.321185 5.834696
v 6.100413 10.329931 6.062575
v 6.253417 10.361021 6.266755
v 6.475077 10.295722 6.270373
v 6.832824 10.152088 6.516748
v 7.054415 10.152327 6.263778
v 7.135590 10.160414 5.903434
v 6.961279 10.143168 5.542920
v 6.703745 10.145267 5.264649
v 6.360296 10.172238 5.055748
v 5.995994 10.175485 5.130447
v 5.727063 10.183614 5.396361
v 5.750896 10.156025 5.817097
v 5.907148 10.144769 6.179238
v 6.168224 10.145722 6.456333
v 6.503373 10.145060 6.569814
v 6.918247 9.940001 6.658259
v 7.121211 9.940001 6.307429
v 7.191788 9.940001 5.906938
v 7.093953 9.940001 5.462832
v 6.777981 9.940001 5.099453
v 6.353136 9.940001 4.979973
v 5.934891 9.940001 5.029224
v 5.750113 9.940001 5.411425
v 5.604270 9.940001 5.807955
v 5.739244 9.940001 6.280592
v 6.097559 9.940001 6.613582
v 6.515503 9.940001 6.698171
v 6.899004 9.692516 6.626382
v 7.085121 9.717127 6.283844
v 7.148115 9.715639 5.904215
v 7.023137 9.712894 5.505580
v 6.718911 9.723095 5.230901
v 6.367472 9.729696 5.131687
v 6.027255 9.721235 5.182235
v 5.767849 9.710397 5.423015
v 5.757866 9.726172 5.817532
v 5.874221 9.722490 6.199115
v 6.156974 9.725645 6.481367
v 6.506157 9.726432 6.599278
v 6.671412 9.562726 6.249352
v 6.805629 9.559393 6.101198
v 6.837008 9.561089 5.884817
v 6.759885 9.564308 5.664491
v 6.592530 9.580257 5.512133
v 6.395474 9.565835 5.428002
v 6.186549 9.539299 5.446123
v 6.083829 9.576803 5.629506
v 6.055217 9.579680 5.836072
v 6.133173 9.588103 6.042800
v 6.269424 9.555836 6.231134
v 6.480496 9.534581 6.327731
v 6.436281 9.468077 5.859832
v 5.105256 10.332499 5.625135
v 5.357022 10.294088 6.025667
v 5.419033 10.258502 5.863190
v 5.447822 10.284172 5.681374
v 5.332828 10.248029 5.482088
v 5.190189 10.238737 5.336030
v 5.033152 10.232673 5.270472
v 4.894419 10.236525 5.289719
v 4.751592 10.298988 5.356822
v 4.789703 10.257031 5.573332
v 4.865658 10.264305 5.775742
v 5.005701 10.290162 5.964008
v 5.178143 10.235853 5.983654
v 5.481516 10.116394 6.223723
v 5.627172 10.116591 6.021097
v 5.652642 10.123318 5.714998
v 5.479772 10.108974 5.389722
v 5.250867 10.110721 5.129488
v 4.962498 10.133152 4.922944
v 4.687488 10.135853 4.960514
v 4.506433 10.142613 5.170827
v 4.568768 10.119668 5.537062
v 4.727789 10.110306 5.862403
v 4.959321 10.111098 6.121881
v 5.231306 10.110548 6.245151
v 5.562570 9.940001 6.352671
v 5.683571 9.940001 6.063886
v 5.696631 9.940001 5.722220
v 5.574418 9.940001 5.330230
v 5.291283 9.940001 4.991918
v 4.949045 9.940001 4.856771
v 4.629510 9.940001 4.868279
v 4.525895 9.940001 5.185593
v 4.453995 9.940001 5.518220
v 4.608011 9.940001 5.937693
v 4.920849 9.940001 6.252833
v 5.254094 9.940001 6.357243
v 5.544312 9.734169 6.323624
v 5.653099 9.754637 6.040767
v 5.662447 9.753400 5.716608
v 5.523900 9.751117 5.361984
v 5.259124 9.759601 5.101382
v 4.975980 9.765091 4.989261
v 4.717150 9.758054 5.007703
v 4.540870 9.749040 5.196954
v 4.574223 9.762160 5.537957
v 4.704299 9.759097 5.877168
v 4.953196 9.761722 6.142730
v 5.236537 9.762376 6.270881
v 5.328361 9.626223 5.980070
v 5.417112 9.623449 5.861731
v 5.418926 9.624861 5.676630
v 5.336104 9.627539 5.480029
v 5.190320 9.640802 5.335583
v 5.028588 9.628808 5.248028
v 4.868297 9.606738 5.248161
v 4.807665 9.637930 5.399363
v 4.806976 9.640324 5.576168
v 4.889028 9.647328 5.761051
v 5.014416 9.620491 5.934344
v 5.188326 9.602814 6.033744
v 5.105256 9.547503 5.625135
v 8.481842 10.411924 4.663934
v 8.774792 10.365742 4.640651
v 8.693889 10.322954 4.442513
v 8.593974 10.353818 4.272142
v 8.450590 10.310362 4.270734
v 8.332015 10.299190 4.343507
v 8.257297 10.291898 4.493802
v 8.236516 10.296530 4.683433
v 8.242840 10.371633 4.913502
v 8.378551 10.321185 5.024830
v 8.514745 10.329931 5.077910
v 8.657459 10.361021 5.039520
v 8.708827 10.295722 4.835916
v 8.919651 10.152088 4.629136
v 8.834546 10.152327 4.295636
v 8.661017 10.160414 4.037889
v 8.430410 10.143168 4.016845
v 8.224977 10.145267 4.114590
v 8.037271 10.172238 4.327094
v 7.995735 10.175485 4.702570
v 8.077164 10.183614 5.086503
v 8.306232 10.156025 5.277514
v 8.533678 10.144769 5.316120
v 8.739276 10.145722 5.214498
v 8.874385 10.145060 4.961354
v 9.013964 9.940001 4.621640
v 8.872660 9.940001 4.255836
v 8.675417 9.940001 3.987579
v 8.417413 9.940001 3.853317
v 8.153683 9.940001 3.962115
v 7.995375 9.940001 4.295352
v 7.928274 9.940001 4.707932
v 8.090317 9.940001 5.072769
v 8.268664 9.940001 5.408780
v 8.550127 9.940001 5.523072
v 8.807140 9.940001 5.359636
v 8.945353 9.940001 5.015125
v 8.992719 9.692516 4.623329
v 8.852067 9.717127 4.277340
v 8.664227 9.715639 4.026676
v 8.424351 9.712894 3.940602
v 8.210411 9.723095 4.083439
v 8.079257 9.729696 4.358907
v 8.030249 9.721235 4.699827
v 8.100436 9.710397 5.062201
v 8.308019 9.726172 5.271276
v 8.536903 9.722490 5.356705
v 8.750080 9.725645 5.237604
v 8.890676 9.726432 4.973697
v 8.741442 9.562726 4.643301
v 8.692591 9.559393 4.443868
v 8.584516 9.561089 4.305190
v 8.450140 9.564308 4.265075
v 8.331784 9.580257 4.343013
v 8.243087 9.565835 4.483036
v 8.206121 9.539299 4.685848
v 8.280733 9.576803 4.873933
v 8.384206 9.579680 5.005076
v 8.511536 9.588103 5.037532
v 8.642086 9.555836 5.006642
v 8.740540 9.534581 4.859942
v 8.481842 9.468077 4.663934
v 5.611707 10.255423 -0.238943
v 5.690434 10.049399 -0.061261
v 5.936519 9.964062 0.049978
v 6.205810 10.049399 0.029613
v 6.340559 10.255423 -0.110426
v 6.261833 10.461447 -0.288108
v 6.015747 10.546783 -0.399347
v 5.746456 10.461447 -0.378982
v 5.533670 10.255423 -0.252703
v 5.629099 10.005971 -0.036091
v 5.927816 9.902644 0.099335
v 6.254837 10.005971 0.074244
v 6.418596 10.255423 -0.096666
v 6.323167 10.504875 -0.313278
v 6.024450 10.608202 -0.448704
v 5.697430 10.504875 -0.423613
v 5.427286 10.749848 0.368914
v 5.522065 10.502049 0.583856
v 5.818682 10.399407 0.718267
v 6.143381 10.502049 0.693411
v 6.305960 10.749848 0.523848
v 6.211180 10.997646 0.308906
v 5.914563 11.100288 0.174495
v 5.589864 10.997646 0.199351
v 5.301314 11.244273 0.987077
v 5.399751 10.986720 1.209470
v 5.707525 10.880038 1.348667
v 6.044346 10.986720 1.323129
v 6.212910 11.244273 1.147816
v 6.039804 11.550930 1.070522
v 5.732029 11.657612 0.931324
v 5.469877 11.501826 0.811763
v 5.220382 11.781122 1.803353
v 5.309464 11.542907 1.974154
v 5.577571 11.444235 2.085671
v 5.867651 11.542907 2.072578
v 6.009778 11.781122 1.942545
v 5.937219 11.944741 1.678039
v 5.669111 12.043413 1.566522
v 5.362509 12.019339 1.673319
v 5.121225 12.166283 2.365694
v 5.206916 11.941261 2.555730
v 5.473619 11.848054 2.675215
v 5.765104 11.941261 2.654154
v 5.910623 12.166283 2.504886
v 5.824933 12.391304 2.314848
v 5.558229 12.484511 2.195364
v 5.266745 12.391304 2.216425
v 5.025261 12.586002 2.909936
v 5.110951 12.360980 3.099973
v 5.377654 12.267773 3.219457
v 5.669139 12.360980 3.198397
v 5.814658 12.586002 3.049129
v 5.728968 12.811024 2.859092
v 5.462265 12.904231 2.739607
v 5.170780 12.811024 2.760668
v 5.094404 12.586002 2.922128
v 5.165067 12.400469 3.078964
v 5.385043 12.323619 3.177554
v 5.625472 12.400469 3.160146
v 5.745515 12.586002 3.036937
v 5.674852 12.771535 2.880101
v 5.454876 12.848385 2.781510
v 5.214447 12.771535 2.798919
v 5.101201 12.555960 2.883582
v 5.171864 12.370426 3.040417
v 5.391840 12.293576 3.139007
v 5.632269 12.370426 3.121599
v 5.752312 12.555960 2.998390
v 5.681648 12.741492 2.841554
v 5.461673 12.818342 2.742964
v 5.221243 12.741492 2.760372
v 5.600034 10.307019 -0.172742
v 5.678761 10.100995 0.004939
v 5.924846 10.015657 0.116179
v 6.194137 10.100995 0.095814
v 6.328887 10.307019 -0.044225
v 6.250160 10.513042 -0.221907
v 6.004074 10.598380 -0.333146
v 5.734783 10.513042 -0.312782
v 7.565281 10.411924 5.411119
v 7.580993 10.365742 5.117666
v 7.373887 10.322954 5.171620
v 7.191787 10.353818 5.248096
v 7.171405 10.310362 5.390031
v 7.227837 10.299190 5.517198
v 7.366914 10.291898 5.611159
v 7.552123 10.296530 5.656867
v 7.781004 10.371633 5.681064
v 7.909322 10.321185 5.561288
v 7.979969 10.329931 5.433323
v 7.960814 10.361021 5.286781
v 7.765803 10.295722 5.208906
v 7.588762 10.152088 4.972558
v 7.246929 10.152327 5.012753
v 6.968474 10.160414 5.150624
v 6.917079 10.143168 5.376414
v 6.986760 10.145267 5.592981
v 7.172540 10.172238 5.807173
v 7.539209 10.175485 5.898062
v 7.930543 10.183614 5.868188
v 8.150206 10.156025 5.666430
v 8.218588 10.144769 5.446098
v 8.145084 10.145722 5.228855
v 7.912061 10.145060 5.061416
v 7.593821 9.940001 4.878083
v 7.212527 9.940001 4.969705
v 6.920513 9.940001 5.129690
v 6.753270 9.940001 5.367644
v 6.826188 9.940001 5.643458
v 7.135529 9.940001 5.844497
v 7.535591 9.940001 5.965639
v 7.918672 9.940001 5.853333
v 8.275340 9.940001 5.721048
v 8.425896 9.940001 5.457199
v 8.297932 9.940001 5.180807
v 7.974754 9.940001 4.998193
v 7.592681 9.692516 4.899364
v 7.231114 9.717127 4.992963
v 6.957785 9.715639 5.145958
v 6.840705 9.712894 5.372325
v 6.953956 9.723095 5.603293
v 7.209631 9.729696 5.769770
v 7.541060 9.721235 5.863488
v 7.909538 9.710397 5.841903
v 8.144258 9.726172 5.663833
v 8.259243 9.722490 5.448276
v 8.169418 9.725645 5.221206
v 7.926452 9.726432 5.046903
v 7.579204 9.562726 5.151073
v 7.375059 9.559393 5.173087
v 7.223291 9.561089 5.261847
v 7.165736 9.564308 5.389728
v 7.227315 9.580257 5.517362
v 7.354362 9.565835 5.623818
v 7.550493 9.539299 5.687314
v 7.746801 9.576803 5.638264
v 7.890491 9.579680 5.553068
v 7.939521 9.588103 5.431157
v 7.926190 9.555836 5.297666
v 7.793819 9.534581 5.180655
v 7.565281 9.468077 5.411119
v 2.152501 10.411924 3.155282
v 2.548750 10.365742 3.011059
v 2.383740 10.322954 2.830187
v 2.200148 10.353818 2.687003
v 2.002726 10.310362 2.743779
v 1.859551 10.299190 2.870499
v 1.797706 10.291898 3.063025
v 1.820670 10.296530 3.276058
v 1.891867 10.371633 3.521700
v 2.108611 10.321185 3.586633
v 2.310189 10.329931 3.588528
v 2.495879 10.361021 3.489088
v 2.511151 10.295722 3.248542
v 2.744689 10.152088 2.939743
v 2.537128 10.152327 2.614542
v 2.228637 10.160414 2.407019
v 1.906016 10.143168 2.478071
v 1.650264 10.145267 2.667045
v 1.450051 10.172238 2.972624
v 1.494986 10.175485 3.394597
v 1.711196 10.183614 3.775702
v 2.077881 10.156025 3.888646
v 2.400926 10.144769 3.837826
v 2.655851 10.145722 3.644601
v 2.772743 10.145060 3.316564
v 2.872257 9.940001 2.893312
v 2.578692 9.940001 2.556108
v 2.234755 9.940001 2.346887
v 1.843726 9.940001 2.306931
v 1.510865 9.940001 2.531532
v 1.383854 9.940001 2.955410
v 1.403736 9.940001 3.427809
v 1.725539 9.940001 3.755538
v 2.061917 9.940001 4.045538
v 2.479757 9.940001 4.054411
v 2.788545 9.940001 3.773595
v 2.884876 9.940001 3.345722
v 2.843521 9.692516 2.903771
v 2.556236 9.717127 2.587680
v 2.230000 9.715639 2.393617
v 1.876975 9.712894 2.398279
v 1.621785 9.723095 2.639360
v 1.516392 9.729696 2.989875
v 1.541670 9.721235 3.377606
v 1.736574 9.710397 3.740023
v 2.078639 9.726172 3.881189
v 2.416386 9.722490 3.880300
v 2.676976 9.725645 3.665137
v 2.798484 9.726432 3.323257
v 2.503640 9.562726 3.027478
v 2.382325 9.559393 2.832178
v 2.196129 9.561089 2.726502
v 2.000571 9.564308 2.737856
v 1.859100 9.580257 2.870059
v 1.775255 9.565835 3.057186
v 1.779557 9.539299 3.291022
v 1.933190 9.576803 3.463605
v 2.111013 9.579680 3.563022
v 2.294808 9.588103 3.546270
v 2.465820 9.555836 3.459867
v 2.561259 9.534581 3.261571
v 2.152501 9.468077 3.155282
v 2.864275 10.411924 4.558538
v 3.184827 10.365742 4.441867
v 3.033021 10.322954 4.245215
v 2.868532 10.353818 4.085512
v 2.707678 10.310362 4.128291
v 2.597527 10.299190 4.246390
v 2.560424 10.291898 4.437654
v 2.595835 10.296530 4.656242
v 2.674079 10.371633 4.911690
v 2.860353 10.321185 4.994263
v 3.029147 10.329931 5.011519
v 3.176940 10.361021 4.924420
v 3.171428 10.295722 4.680737
v 3.343335 10.152088 4.384174
v 3.144954 10.152327 4.037378
v 2.871078 10.160414 3.802689
v 2.606563 10.143168 3.850481
v 2.406959 10.145267 4.023386
v 2.262688 10.172238 4.319203
v 2.332367 10.175485 4.752136
v 2.542236 10.183614 5.156493
v 2.857607 10.156025 5.299338
v 3.124016 10.144769 5.272173
v 3.322605 10.145722 5.094877
v 3.395459 10.145060 4.769864
v 3.446533 9.940001 4.346614
v 3.175285 9.940001 3.981061
v 2.871624 9.940001 3.741947
v 2.541436 9.940001 3.671545
v 2.280028 9.940001 3.874851
v 2.205996 9.940001 4.296649
v 2.258550 9.940001 4.779004
v 2.552703 9.940001 5.137059
v 2.856180 9.940001 5.457820
v 3.206437 9.940001 5.498623
v 3.443429 9.940001 5.236267
v 3.491491 9.940001 4.808070
v 3.423286 9.692516 4.355075
v 3.158897 9.717127 4.011489
v 2.871200 9.715639 3.789151
v 2.576198 9.712894 3.767054
v 2.381027 9.723095 3.993041
v 2.319503 9.729696 4.341806
v 2.370133 9.721235 4.738391
v 2.560755 9.710397 5.122107
v 2.857675 9.726172 5.291805
v 3.140180 9.722490 5.316582
v 3.341840 9.725645 5.117387
v 3.417503 9.726432 4.778635
v 3.148335 9.562726 4.455149
v 3.031987 9.559393 4.247134
v 2.868174 9.561089 4.125412
v 2.705424 9.564308 4.122098
v 2.597116 9.580257 4.245908
v 2.541196 9.565835 4.430005
v 2.562576 9.539299 4.668347
v 2.704235 9.576803 4.855698
v 2.860568 9.579680 4.970412
v 3.013064 9.588103 4.967336
v 3.149570 9.555836 4.892392
v 3.214340 9.534581 4.697808
v 2.864275 9.468077 4.558538
v 6.372152 10.255423 4.106395
v 6.228119 10.032316 4.007947
v 5.961429 9.939902 4.031413
v 5.728304 10.032316 4.163047
v 5.665306 10.255423 4.325738
v 5.809339 10.478530 4.424186
v 6.076029 10.570944 4.400721
v 6.309154 10.478530 4.269087
v 6.447833 10.255423 4.082911
v 6.272670 9.985122 3.962456
v 5.948752 9.873159 3.990563
v 5.665826 9.985122 4.150767
v 5.589625 10.255423 4.349223
v 5.764788 10.525724 4.469678
v 6.088706 10.637687 4.441570
v 6.371632 10.525724 4.281366
v 6.242375 10.674543 3.431525
v 6.068496 10.406060 3.312067
v 5.746886 10.294850 3.340037
v 5.465940 10.406060 3.499048
v 5.390232 10.674543 3.695956
v 5.564112 10.943027 3.815413
v 5.885722 11.054236 3.787443
v 6.166668 10.943027 3.628432
v 6.055914 11.093664 2.774244
v 5.875716 10.814724 2.650943
v 5.542137 10.699183 2.680222
v 5.250584 10.814724 2.844929
v 5.171843 11.093664 3.048583
v 5.350656 11.403575 3.004316
v 5.684235 11.519115 2.975037
v 5.977174 11.372603 2.977897
v 5.737657 11.533529 1.957979
v 5.588639 11.279421 1.873847
v 5.302687 11.174166 1.908580
v 5.047305 11.279421 2.041830
v 4.972094 11.533529 2.195543
v 5.151652 11.724403 2.378095
v 5.437605 11.829659 2.343363
v 5.662446 11.787639 2.111691
v 5.556489 11.850915 1.374155
v 5.401274 11.607681 1.270051
v 5.112754 11.506931 1.296511
v 4.859940 11.607681 1.438034
v 4.790926 11.850915 1.611719
v 4.946141 12.094149 1.715823
v 5.234661 12.194899 1.689363
v 5.487475 12.094149 1.547840
v 5.379561 12.204733 0.803997
v 5.224347 11.961500 0.699893
v 4.935826 11.860749 0.726352
v 4.683012 11.961500 0.867876
v 4.613999 12.204733 1.041561
v 4.769214 12.447967 1.145664
v 5.057734 12.548717 1.119205
v 5.310548 12.447967 0.977681
v 5.312506 12.204733 0.824805
v 5.184453 12.004168 0.738845
v 4.946463 11.921091 0.760630
v 4.737948 12.004168 0.877400
v 4.681054 12.204733 1.020752
v 4.809108 12.405298 1.106713
v 5.047097 12.488375 1.084928
v 5.255611 12.405298 0.968157
v 5.325047 12.179359 0.865221
v 5.196994 11.978795 0.779261
v 4.959005 11.895719 0.801047
v 4.750490 11.978795 0.917817
v 4.693596 12.179360 1.061169
v 4.821650 12.379925 1.147130
v 5.059639 12.463001 1.125344
v 5.268153 12.379925 1.008574
v 6.350613 10.298999 4.036983
v 6.206580 10.075892 3.938535
v 5.939889 9.983479 3.962001
v 5.706764 10.075892 4.093634
v 5.643767 10.298999 4.256326
v 5.787799 10.522106 4.354774
v 6.054490 10.614520 4.331307
v 6.287615 10.522106 4.199675
v 7.959973 10.226900 1.246079
v 7.780746 10.035077 1.352360
v 7.723285 9.936749 1.611676
v 7.821250 9.989517 1.872124
v 8.017255 10.162469 1.981137
v 8.196483 10.354292 1.874857
v 8.253943 10.452619 1.615541
v 8.155978 10.399851 1.355093
v 7.953840 10.233798 1.167378
v 7.735443 10.001696 1.296549
v 7.665349 9.882644 1.611448
v 7.784620 9.946381 1.927613
v 8.023388 10.155571 2.059839
v 8.241786 10.387673 1.930668
v 8.311879 10.506725 1.615769
v 8.192608 10.442988 1.299603
v 7.399316 10.804227 1.263787
v 7.182587 10.573639 1.392024
v 7.113040 10.455376 1.704690
v 7.231417 10.518714 2.018630
v 7.468372 10.726552 2.149942
v 7.685102 10.957141 2.021705
v 7.754648 11.075404 1.709039
v 7.636272 11.012065 1.395099
v 6.843252 11.376388 1.340443
v 6.618942 11.136616 1.473395
v 6.547014 11.013696 1.797739
v 6.669602 11.079634 2.123478
v 6.914896 11.295802 2.259799
v 6.988308 11.608645 2.096342
v 7.060236 11.731565 1.771998
v 7.088547 11.592557 1.476764
v 6.114181 12.008064 1.515094
v 5.939690 11.782543 1.627116
v 5.885584 11.668692 1.906695
v 5.983559 11.733200 2.190057
v 6.176221 11.938281 2.311212
v 6.434414 12.077695 2.185118
v 6.488519 12.191547 1.905540
v 6.306843 12.213145 1.636249
v 5.603271 12.463067 1.594790
v 5.411307 12.253129 1.709541
v 5.349964 12.145732 1.990249
v 5.455176 12.203786 2.272481
v 5.665311 12.393284 2.390908
v 5.857276 12.603222 2.276158
v 5.918619 12.710619 1.995450
v 5.813407 12.652565 1.713218
v 5.115261 12.949799 1.675484
v 4.923297 12.739861 1.790234
v 4.861953 12.632463 2.070943
v 4.967165 12.690517 2.353174
v 5.177301 12.880016 2.471602
v 5.369266 13.089953 2.356851
v 5.430609 13.197351 2.076143
v 5.325397 13.139297 1.793911
v 5.120695 12.943686 1.745215
v 4.962279 12.770606 1.839877
v 4.911649 12.682056 2.071417
v 4.998464 12.729906 2.304202
v 5.171867 12.886128 2.401870
v 5.330284 13.059208 2.307208
v 5.380914 13.147758 2.075669
v 5.294099 13.099908 1.842884
v 5.155216 12.908901 1.739476
v 4.996799 12.735821 1.834138
v 4.946170 12.647271 2.065678
v 5.032984 12.695122 2.298463
v 5.206388 12.851343 2.396131
v 5.364804 13.024424 2.301469
v 5.415435 13.112973 2.069929
v 5.328620 13.065123 1.837144
v 7.900687 10.286640 1.255936
v 7.721459 10.094817 1.362216
v 7.663998 9.996490 1.621533
v 7.761963 10.049258 1.881981
v 7.957969 10.222210 1.990994
v 8.137197 10.414033 1.884713
v 8.194657 10.512360 1.625397
v 8.096692 10.459592 1.364949
v 8.947272 10.411924 3.403032
v 9.460611 10.365742 3.393023
v 9.343402 10.322954 3.202624
v 9.189724 10.353818 3.037667
v 8.940008 10.310362 3.030476
v 8.724625 10.299190 3.094343
v 8.576365 10.291898 3.233205
v 8.517385 10.296530 3.411414
v 8.500789 10.371633 3.628916
v 8.723939 10.321185 3.739586
v 8.954920 10.329931 3.795274
v 9.208246 10.361021 3.764860
v 9.322209 10.295722 3.574705
v 9.714450 10.152088 3.388074
v 9.606167 10.152327 3.069687
v 9.334687 10.160414 2.819215
v 8.935318 10.143168 2.789915
v 8.565561 10.145267 2.873811
v 8.212923 10.172238 3.066795
v 8.095464 10.175485 3.419640
v 8.191286 10.183614 3.785498
v 8.567571 10.156025 3.975226
v 8.959320 10.144769 4.020978
v 9.329828 10.145722 3.933427
v 9.595680 10.145060 3.699920
v 9.879714 9.940001 3.384852
v 9.677368 9.940001 3.033665
v 9.365821 9.940001 2.772298
v 8.932297 9.940001 2.634972
v 8.459615 9.940001 2.726923
v 8.143720 9.940001 3.035109
v 7.977250 9.940001 3.421945
v 8.215857 9.940001 3.773067
v 8.486340 9.940001 4.097637
v 8.963142 9.940001 4.217065
v 9.430678 9.940001 4.073250
v 9.712906 9.940001 3.753594
v 9.842486 9.692516 3.385578
v 9.638898 9.717127 3.053127
v 9.341626 9.715639 2.808758
v 8.933909 9.712894 2.717675
v 8.543917 9.723095 2.843802
v 8.282276 9.729696 3.098550
v 8.155943 9.721235 3.418461
v 8.234761 9.710397 3.763503
v 8.571432 9.726172 3.969408
v 8.960070 9.722490 4.059432
v 9.345884 9.725645 3.955687
v 9.622590 9.726432 3.712241
v 9.402172 9.562726 3.394163
v 9.340976 9.559393 3.203851
v 9.169273 9.561089 3.068486
v 8.939904 9.564308 3.025113
v 8.724281 9.580257 3.093867
v 8.552894 9.565835 3.222458
v 8.464125 9.539299 3.412452
v 8.571578 9.576803 3.593102
v 8.736163 9.579680 3.721164
v 8.954174 9.588103 3.757015
v 9.185401 9.555836 3.733186
v 9.374593 9.534581 3.598690
v 8.947272 9.468077 3.403032
v 5.095673 10.411924 -1.323875
v 5.044641 10.365742 -1.034464
v 5.256748 10.322954 -1.063016
v 5.446749 10.353818 -1.116945
v 5.484120 10.310362 -1.255381
v 5.443457 10.299190 -1.388432
v 5.316742 10.291898 -1.498500
v 5.138408 10.296530 -1.566236
v 4.914123 10.371633 -1.617893
v 4.772281 10.321185 -1.514487
v 4.686700 10.329931 -1.395988
v 4.688020 10.361021 -1.248205
v 4.872200 10.295722 -1.147352
v 5.019408 10.152088 -0.891355
v 5.363593 10.152327 -0.889981
v 5.656659 10.160414 -0.993221
v 5.734941 10.143168 -1.211154
v 5.691920 10.145267 -1.434552
v 5.533363 10.172238 -1.669611
v 5.180351 10.175485 -1.804108
v 4.788273 10.183614 -1.821706
v 4.545856 10.156025 -1.647945
v 4.451370 10.144769 -1.437483
v 4.498103 10.145722 -1.212953
v 4.709204 10.145060 -1.018601
v 5.002979 9.940001 -0.798182
v 5.392545 9.940001 -0.843093
v 5.701741 9.940001 -0.966649
v 5.896493 9.940001 -1.182668
v 5.857412 9.940001 -1.465271
v 5.574610 9.940001 -1.702192
v 5.192103 9.940001 -1.870755
v 4.798264 9.940001 -1.805526
v 4.428232 9.940001 -1.717275
v 4.246919 9.940001 -1.473534
v 4.340572 9.940001 -1.183711
v 4.639335 9.940001 -0.963411
v 5.006680 9.692516 -0.819170
v 5.376903 9.717127 -0.868426
v 5.666707 9.715639 -0.987299
v 5.810263 9.712894 -1.197873
v 5.725730 9.723095 -1.440828
v 5.492027 9.729696 -1.636959
v 5.174339 9.721235 -1.770011
v 4.805951 9.710397 -1.793077
v 4.551447 9.726172 -1.644650
v 4.411275 9.722490 -1.444553
v 4.473024 9.725645 -1.208297
v 4.693166 9.726432 -1.005932
v 5.050451 9.562726 -1.067411
v 5.255761 9.559393 -1.064614
v 5.417136 9.561089 -1.134400
v 5.489712 9.564308 -1.254395
v 5.443994 9.580257 -1.388531
v 5.330732 9.565835 -1.509550
v 5.143703 9.539299 -1.596264
v 4.942908 9.576803 -1.571276
v 4.789983 9.579680 -1.504054
v 4.726591 9.588103 -1.388954
v 4.723705 9.555836 -1.254829
v 4.840979 9.534581 -1.122690
v 5.095673 9.468077 -1.323875
vn -0.0381 0.9659 0.2562
vn -0.2830 0.9515 0.1206
vn 0.2914 0.9490 0.1203
vn 0.2488 0.9585 0.1394
vn 0.3551 0.9343 0.0312
vn 0.3780 0.9246 -0.0471
vn 0.4337 0.8916 0.1304
vn -0.1786 0.9620 -0.2067
vn 0.0623 0.9758 -0.2096
vn 0.0739 0.9741 -0.2139
vn -0.4146 0.8734 0.2554
vn -0.2472 0.9242 -0.2910
vn -0.6690 0.6181 0.4129
vn -0.3490 0.8052 0.4794
vn -0.3813 0.8021 0.4595
vn -0.5523 0.6812 0.4805
vn 0.1746 0.8046 0.5676
vn 0.3474 0.8486 0.3989
vn 0.3444 0.8492 0.4004
vn 0.3938 0.8752 0.2809
vn 0.3994 0.8745 0.2751
vn 0.3603 0.9323 0.0323
vn 0.3874 0.9199 -0.0616
vn 0.3995 0.9153 -0.0512
vn 0.3516 0.9192 -0.1775
vn 0.7782 0.6246 -0.0658
vn 0.1477 0.8186 -0.5550
vn -0.0466 0.8721 -0.4871
vn -0.1041 0.8683 -0.4850
vn 0.0757 0.7852 -0.6145
vn -0.3979 0.8038 -0.4422
vn -0.2698 0.6854 -0.6763
vn -0.7516 0.6386 -0.1650
vn -0.5931 0.7707 0.2328
vn -0.5697 0.8189 0.0701
vn -0.8132 0.5450 -0.2042
vn -0.6968 0.4473 0.5607
vn -0.8237 0.2501 0.5088
vn -0.5566 0.2839 0.7808
vn -0.6051 0.2055 0.7692
vn -0.1566 0.2549 0.9542
vn 0.1979 0.6680 0.7173
vn 0.4715 0.6533 0.5924
vn 0.4824 0.6779 0.5548
vn 0.7947 0.5914 0.1364
vn 0.8615 0.2494 0.4424
vn 0.9664 0.2281 -0.1187
vn 0.9352 0.3140 -0.1635
vn 0.7111 0.3018 -0.6350
vn 0.8693 -0.0756 -0.4886
vn 0.6931 -0.0860 -0.7157
vn 0.2614 0.5594 -0.7866
vn 0.0579 0.5785 -0.8136
vn -0.1229 0.7439 -0.6569
vn -0.5240 0.7114 -0.4684
vn -0.5040 0.6590 -0.5583
vn -0.8293 0.5517 -0.0885
vn -0.8748 0.4445 -0.1927
vn -0.9057 0.4118 0.1003
vn -0.8823 0.4541 0.1240
vn -0.7605 -0.0954 0.6424
vn -0.7714 -0.1401 0.6207
vn -0.5668 -0.1508 0.8099
vn -0.5726 -0.1638 0.8033
vn -0.0324 -0.1997 0.9793
vn -0.1519 -0.3473 0.9254
vn 0.7186 -0.3535 0.5989
vn 0.5119 -0.5694 0.6432
vn 0.8656 -0.4807 0.1401
vn 0.8569 -0.4940 0.1471
vn 0.8812 -0.4585 -0.1154
vn 0.8763 -0.4696 -0.1076
vn 0.7793 -0.4795 -0.4035
vn 0.7441 -0.0687 -0.6645
vn 0.4480 -0.0731 -0.8910
vn 0.6119 -0.4756 -0.6319
vn 0.0425 -0.6008 -0.7983
vn 0.0561 -0.6121 -0.7888
vn -0.5620 -0.6165 -0.5514
vn -0.6096 -0.5757 -0.5449
vn -0.8446 -0.5025 -0.1850
vn -0.9355 -0.3389 -0.0999
vn -0.9423 -0.3332 -0.0322
vn -0.9892 -0.0972 0.1096
vn -0.3530 -0.9145 0.1977
vn -0.3708 -0.8498 0.3746
vn -0.2794 -0.8586 0.4298
vn -0.2909 -0.8645 0.4099
vn 0.0269 -0.9032 0.4283
vn -0.0212 -0.9125 0.4086
vn 0.3993 -0.8869 0.2322
vn 0.3318 -0.9115 0.2429
vn 0.3851 -0.9034 0.1885
vn 0.5704 -0.8172 0.0826
vn 0.5831 -0.8117 0.0338
vn 0.6675 -0.7404 -0.0787
vn 0.4619 -0.7107 -0.5306
vn 0.4368 -0.8752 -0.2081
vn 0.2133 -0.9131 -0.3474
vn 0.1659 -0.8924 -0.4196
vn -0.0752 -0.9024 -0.4243
vn 0.0286 -0.9231 -0.3836
vn 0.0039 -0.9268 -0.3754
vn -0.3676 -0.8602 -0.3535
vn -0.4684 -0.8475 -0.2495
vn -0.6502 -0.7464 -0.1416
vn -0.7049 -0.6488 0.2865
vn -0.4491 -0.8903 -0.0758
vn -0.2616 -0.9547 0.1419
vn -0.1338 -0.9675 0.2143
vn 0.0238 -0.9760 0.2162
vn 0.2726 -0.9554 0.1137
vn 0.2373 -0.9600 0.1483
vn 0.2597 -0.9620 0.0843
vn 0.1090 -0.9501 -0.2922
vn 0.1586 -0.9509 -0.2658
vn -0.0690 -0.9608 -0.2686
vn 0.0464 -0.9494 -0.3105
vn -0.1323 -0.9794 -0.1527
vn -0.2430 -0.9518 0.1869
vn -0.2617 0.9568 0.1264
vn -0.3026 0.9349 -0.1856
vn 0.0890 0.9344 0.3450
vn 0.0426 0.9469 0.3187
vn 0.2125 0.9140 0.3457
vn 0.2978 0.9006 0.3166
vn 0.1738 0.8629 0.4746
vn 0.0673 0.9526 -0.2966
vn 0.2360 0.9689 -0.0746
vn 0.2478 0.9665 -0.0664
vn -0.5024 0.8370 -0.2171
vn 0.0968 0.9070 -0.4099
vn -0.7628 0.5568 -0.3288
vn -0.6487 0.7607 -0.0209
vn -0.6512 0.7564 -0.0614
vn -0.7577 0.6230 -0.1941
vn -0.3888 0.7712 0.5040
vn -0.1247 0.8189 0.5602
vn -0.1281 0.8195 0.5585
vn 0.0119 0.8471 0.5313
vn 0.0209 0.8461 0.5326
vn 0.2149 0.9114 0.3509
vn 0.3166 0.8945 0.3156
vn 0.3150 0.8889 0.3327
vn 0.3968 0.8933 0.2110
vn 0.5425 0.5643 0.6223
vn 0.5892 0.7814 -0.2054
vn 0.4071 0.8462 -0.3438
vn 0.3665 0.8424 -0.3949
vn 0.5917 0.7463 -0.3048
vn 0.1286 0.7685 -0.6268
vn 0.4139 0.6441 -0.6433
vn -0.3357 0.5827 -0.7401
vn -0.5836 0.7174 -0.3803
vn -0.4341 0.7729 -0.4628
vn -0.3365 0.4902 -0.8040
vn -0.8817 0.3931 -0.2610
vn -0.8969 0.2151 -0.3863
vn -0.9686 0.2477 -0.0217
vn -0.9817 0.1781 -0.0674
vn -0.8835 0.2266 0.4101
vn -0.4950 0.6259 0.6027
vn -0.2078 0.6093 0.7652
vn -0.1687 0.6341 0.7546
vn 0.3834 0.5345 0.7532
vn 0.1645 0.2198 0.9616
vn 0.6707 0.1961 0.7154
vn 0.6916 0.2715 0.6693
vn 0.9379 0.2616 0.2279
vn 0.9003 -0.0644 0.4305
vn 0.9832 -0.0739 0.1672
vn 0.8287 0.5089 -0.2330
vn 0.7311 0.5321 -0.4271
vn 0.4968 0.7049 -0.5062
vn 0.0669 0.6673 -0.7418
vn 0.1572 0.6144 -0.7732
vn -0.4416 0.4945 -0.7487
vn -0.3791 0.3940 -0.8373
vn -0.6303 0.3601 -0.6878
vn -0.6383 0.3989 -0.6584
vn -0.9619 -0.0817 -0.2609
vn -0.9519 -0.1201 -0.2818
vn -0.9913 -0.1307 -0.0138
vn -0.9896 -0.1420 -0.0222
vn -0.8296 -0.1780 0.5293
vn -0.8622 -0.3107 0.4002
vn -0.0516 -0.3169 0.9471
vn -0.2230 -0.5250 0.8214
vn 0.4177 -0.4272 0.8019
vn 0.4074 -0.4400 0.8003
vn 0.6310 -0.4030 0.6629
vn 0.6227 -0.4135 0.6642
vn 0.8047 -0.4219 0.4177
vn 0.9700 -0.0589 0.2358
vn 0.9897 -0.0636 -0.1282
vn 0.8943 -0.4209 0.1521
vn 0.7107 -0.5545 -0.4329
vn 0.7121 -0.5656 -0.4160
vn 0.1129 -0.5704 -0.8136
vn 0.0763 -0.5289 -0.8452
vn -0.3695 -0.4487 -0.8137
vn -0.4852 -0.2960 -0.8228
vn -0.5426 -0.2901 -0.7883
vn -0.6732 -0.0831 -0.7347
vn -0.4155 -0.8875 -0.1994
vn -0.5766 -0.8104 -0.1043
vn -0.5678 -0.8231 0.0111
vn -0.5583 -0.8295 -0.0114
vn -0.3699 -0.8822 0.2914
vn -0.3851 -0.8924 0.2354
vn 0.0594 -0.8599 0.5070
vn 0.0045 -0.8902 0.4556
vn 0.0896 -0.8788 0.4687
vn 0.3018 -0.7737 0.5571
vn 0.3520 -0.7664 0.5373
vn 0.4957 -0.6852 0.5337
vn 0.7497 -0.6559 0.0881
vn 0.4751 -0.8387 0.2660
vn 0.4576 -0.8889 -0.0206
vn 0.4891 -0.8655 -0.1084
vn 0.3337 -0.8817 -0.3334
vn 0.3683 -0.9049 -0.2134
vn 0.3445 -0.9098 -0.2314
vn 0.0707 -0.8312 -0.5514
vn -0.0894 -0.8133 -0.5749
vn -0.2977 -0.6959 -0.6535
vn -0.6830 -0.5875 -0.4341
vn -0.2328 -0.8600 -0.4541
vn -0.3078 -0.9391 -0.1527
vn -0.2886 -0.9574 0.0109
vn -0.1830 -0.9701 0.1593
vn 0.0823 -0.9425 0.3241
vn 0.0266 -0.9491 0.3138
vn 0.1006 -0.9505 0.2941
vn 0.3415 -0.9362 -0.0827
vn 0.3510 -0.9362 -0.0202
vn 0.1994 -0.9516 -0.2338
vn 0.3159 -0.9365 -0.1522
vn 0.0497 -0.9741 -0.2204
vn -0.3360 -0.9357 -0.1072
vn -0.0221 0.9682 0.2492
vn -0.2372 0.9667 0.0958
vn 0.2521 0.9569 0.1444
vn 0.2160 0.9633 0.1591
vn 0.3053 0.9502 0.0621
vn 0.3238 0.9460 -0.0143
vn 0.3780 0.9103 0.1688
vn -0.1586 0.9628 -0.2187
vn 0.0443 0.9785 -0.2013
vn 0.0540 0.9773 -0.2046
vn -0.3527 0.9085 0.2242
vn -0.2199 0.9257 -0.3078
vn -0.6105 0.6898 0.3892
vn -0.2870 0.8400 0.4605
vn -0.3175 0.8404 0.4392
vn -0.4856 0.7416 0.4628
vn 0.1688 0.8029 0.5718
vn 0.3092 0.8516 0.4233
vn 0.3066 0.8519 0.4245
vn 0.3461 0.8844 0.3131
vn 0.3510 0.8843 0.3080
vn 0.3100 0.9486 0.0636
vn 0.3318 0.9429 -0.0281
vn 0.3430 0.9392 -0.0166
vn 0.2967 0.9434 -0.1482
vn 0.7224 0.6915 0.0020
vn 0.1044 0.8334 -0.5426
vn -0.0584 0.8734 -0.4836
vn -0.1066 0.8678 -0.4854
vn 0.0402 0.7951 -0.6052
vn -0.3541 0.8079 -0.4711
vn -0.2527 0.6829 -0.6854
vn -0.6862 0.6855 -0.2431
vn -0.5268 0.8282 0.1914
vn -0.5031 0.8639 0.0213
vn -0.7513 0.5912 -0.2933
vn -0.6475 0.5129 0.5637
vn -0.8045 0.2987 0.5133
vn -0.4925 0.3192 0.8096
vn -0.5468 0.2345 0.8037
vn -0.0980 0.2645 0.9594
vn 0.1942 0.6661 0.7201
vn 0.4220 0.6563 0.6255
vn 0.4308 0.6824 0.5906
vn 0.7335 0.6432 0.2198
vn 0.7951 0.2670 0.5445
vn 0.9617 0.2711 -0.0405
vn 0.9236 0.3713 -0.0955
vn 0.6680 0.3514 -0.6560
vn 0.8653 -0.0917 -0.4928
vn 0.6497 -0.1006 -0.7535
vn 0.1981 0.5855 -0.7861
vn 0.0172 0.5884 -0.8084
vn -0.1291 0.7436 -0.6560
vn -0.4660 0.7213 -0.5124
vn -0.4499 0.6644 -0.5968
vn -0.7741 0.6086 -0.1743
vn -0.8212 0.4905 -0.2916
vn -0.8786 0.4770 0.0245
vn -0.8505 0.5233 0.0536
vn -0.7308 -0.1133 0.6731
vn -0.7437 -0.1666 0.6474
vn -0.5043 -0.1707 0.8465
vn -0.5107 -0.1857 0.8395
vn 0.0113 -0.2037 0.9790
vn -0.0949 -0.3595 0.9283
vn 0.6472 -0.3641 0.6697
vn 0.4586 -0.5724 0.6797
vn 0.8133 -0.5325 0.2345
vn 0.8029 -0.5454 0.2406
vn 0.8484 -0.5275 -0.0438
vn 0.8417 -0.5388 -0.0354
vn 0.7400 -0.5541 -0.3814
vn 0.7112 -0.0814 -0.6983
vn 0.3771 -0.0805 -0.9227
vn 0.5517 -0.5350 -0.6399
vn 0.0046 -0.6096 -0.7927
vn 0.0166 -0.6219 -0.7829
vn -0.5015 -0.6250 -0.5982
vn -0.5448 -0.5867 -0.5991
vn -0.7870 -0.5505 -0.2784
vn -0.9002 -0.3855 -0.2027
vn -0.9145 -0.3835 -0.1292
vn -0.9928 -0.1164 0.0277
vn -0.2974 -0.9397 0.1687
vn -0.3095 -0.8841 0.3502
vn -0.2248 -0.8838 0.4103
vn -0.2357 -0.8904 0.3894
vn 0.0395 -0.9048 0.4241
vn -0.0018 -0.9159 0.4014
vn 0.3497 -0.8984 0.2658
vn 0.2910 -0.9181 0.2691
vn 0.3361 -0.9155 0.2211
vn 0.5045 -0.8527 0.1356
vn 0.5165 -0.8518 0.0872
vn 0.6023 -0.7980 -0.0219
vn 0.3939 -0.7606 -0.5160
vn 0.3742 -0.9109 -0.1740
vn 0.1689 -0.9291 -0.3289
vn 0.1251 -0.9060 -0.4044
vn -0.0800 -0.9023 -0.4236
vn 0.0091 -0.9265 -0.3761
vn -0.0114 -0.9291 -0.3696
vn -0.3253 -0.8654 -0.3813
vn -0.4118 -0.8636 -0.2908
vn -0.5826 -0.7864 -0.2053
vn -0.6474 -0.7214 0.2461
vn -0.3908 -0.9131 -0.1158
vn -0.2179 -0.9687 0.1188
vn -0.1050 -0.9740 0.2006
vn 0.0285 -0.9763 0.2147
vn 0.2356 -0.9623 0.1361
vn 0.2065 -0.9641 0.1668
vn 0.2236 -0.9689 0.1058
vn 0.0808 -0.9566 -0.2798
vn 0.1243 -0.9602 -0.2502
vn -0.0686 -0.9604 -0.2699
vn 0.0270 -0.9528 -0.3023
vn -0.1174 -0.9799 -0.1615
vn -0.2001 -0.9657 0.1654
vn -0.0812 0.9606 0.2659
vn -0.2120 0.9772 0.0147
vn 0.1585 0.9534 0.2568
vn 0.1264 0.9577 0.2586
vn 0.2233 0.9564 0.1882
vn 0.2597 0.9593 0.1109
vn 0.2505 0.9090 0.3330
vn -0.0661 0.9515 -0.3004
vn 0.0864 0.9748 -0.2055
vn 0.0949 0.9741 -0.2055
vn -0.3419 0.9326 0.1154
vn -0.0895 0.9046 -0.4168
vn -0.6268 0.7496 0.2126
vn -0.3460 0.8471 0.4034
vn -0.3669 0.8534 0.3701
vn -0.5242 0.7797 0.3425
vn -0.0156 0.7538 0.6570
vn 0.1257 0.8158 0.5645
vn 0.1235 0.8160 0.5647
vn 0.1841 0.8634 0.4698
vn 0.1892 0.8640 0.4666
vn 0.2266 0.9549 0.1918
vn 0.2701 0.9578 0.0987
vn 0.2760 0.9541 0.1161
vn 0.2745 0.9603 -0.0506
vn 0.6018 0.7396 0.3013
vn 0.2158 0.8097 -0.5457
vn 0.0768 0.8397 -0.5376
vn 0.0410 0.8308 -0.5551
vn 0.1797 0.7588 -0.6260
vn -0.1459 0.7662 -0.6258
vn -0.0175 0.6225 -0.7824
vn -0.4769 0.6928 -0.5409
vn -0.4857 0.8741 0.0091
vn -0.4116 0.8941 -0.1769
vn -0.5125 0.5945 -0.6196
vn -0.7156 0.5639 0.4123
vn -0.8874 0.3487 0.3015
vn -0.6075 0.3266 0.7241
vn -0.6615 0.2444 0.7091
vn -0.2933 0.2385 0.9258
vn -0.0322 0.6058 0.7950
vn 0.1527 0.6007 0.7847
vn 0.1685 0.6297 0.7584
vn 0.5262 0.6575 0.5393
vn 0.4499 0.2510 0.8571
vn 0.8729 0.3114 0.3756
vn 0.8567 0.4272 0.2891
vn 0.7624 0.3878 -0.5181
vn 0.9609 -0.1099 -0.2541
vn 0.7636 -0.1095 -0.6363
vn 0.3409 0.5572 -0.7571
vn 0.2046 0.5397 -0.8166
vn 0.0644 0.6896 -0.7214
vn -0.2163 0.6774 -0.7031
vn -0.1804 0.6119 -0.7701
vn -0.5804 0.6328 -0.5125
vn -0.5730 0.4979 -0.6509
vn -0.7713 0.5323 -0.3489
vn -0.7545 0.5834 -0.3005
vn -0.8415 -0.1281 0.5248
vn -0.8507 -0.1896 0.4902
vn -0.6258 -0.1744 0.7602
vn -0.6310 -0.1903 0.7521
vn -0.2156 -0.1792 0.9599
vn -0.2855 -0.3261 0.9012
vn 0.2984 -0.3285 0.8961
vn 0.1635 -0.5165 0.8405
vn 0.5904 -0.5485 0.5921
vn 0.5785 -0.5600 0.5930
vn 0.7479 -0.5865 0.3109
vn 0.7370 -0.5969 0.3171
vn 0.7639 -0.6265 -0.1548
vn 0.8237 -0.0911 -0.5597
vn 0.5175 -0.0781 -0.8521
vn 0.6324 -0.5677 -0.5270
vn 0.1920 -0.5598 -0.8061
vn 0.1991 -0.5732 -0.7948
vn -0.2169 -0.5749 -0.7890
vn -0.2476 -0.5394 -0.8049
vn -0.5489 -0.5583 -0.6221
vn -0.6848 -0.4067 -0.6047
vn -0.7344 -0.4146 -0.5374
vn -0.9028 -0.1346 -0.4084
vn -0.2807 -0.9570 0.0735
vn -0.3382 -0.9004 0.2738
vn -0.2822 -0.8856 0.3690
vn -0.2861 -0.8948 0.3426
vn -0.0769 -0.8784 0.4717
vn -0.1031 -0.8948 0.4345
vn 0.2003 -0.8836 0.4232
vn 0.1542 -0.9017 0.4039
vn 0.2025 -0.9061 0.3715
vn 0.3627 -0.8637 0.3501
vn 0.3883 -0.8703 0.3030
vn 0.4992 -0.8383 0.2193
vn 0.4524 -0.7806 -0.4312
vn 0.3464 -0.9368 -0.0497
vn 0.2169 -0.9291 -0.2996
vn 0.2002 -0.8962 -0.3960
vn 0.0460 -0.8734 -0.4849
vn 0.1026 -0.9083 -0.4056
vn 0.0851 -0.9099 -0.4060
vn -0.1492 -0.8350 -0.5296
vn -0.2410 -0.8475 -0.4730
vn -0.4040 -0.7926 -0.4567
vn -0.6187 -0.7852 0.0246
vn -0.2764 -0.9189 -0.2814
vn -0.2026 -0.9781 0.0480
vn -0.1339 -0.9741 0.1820
vn -0.0332 -0.9684 0.2472
vn 0.1479 -0.9591 0.2413
vn 0.1169 -0.9576 0.2632
vn 0.1467 -0.9680 0.2037
vn 0.1348 -0.9512 -0.2777
vn 0.1617 -0.9598 -0.2294
vn 0.0163 -0.9468 -0.3214
vn 0.0983 -0.9419 -0.3213
vn -0.0493 -0.9735 -0.2232
vn -0.2005 -0.9738 0.1070
vn -0.0000 -1.0000 -0.0000
vn -0.9868 -0.0000 -0.1621
vn -0.9837 -0.0000 0.1799
vn -0.8684 -0.0000 0.4958
vn -0.6515 -0.0000 0.7586
vn -0.3519 -0.0000 0.9360
vn -0.0060 -0.0000 1.0000
vn 0.3416 -0.0000 0.9398
vn 0.6468 -0.0000 0.7627
vn 0.8710 -0.0000 0.4913
vn 0.9868 -0.0000 0.1621
vn 0.9837 -0.0000 -0.1799
vn 0.8684 -0.0000 -0.4958
vn 0.6515 -0.0000 -0.7586
vn 0.3519 -0.0000 -0.9360
vn 0.0060 -0.0000 -1.0000
vn -0.3416 -0.0000 -0.9398
vn -0.6468 -0.0000 -0.7627
vn -0.8710 -0.0000 -0.4913
vn -0.0000 1.0000 -0.0000
vn 0.2475 0.9568 0.1523
vn 0.0067 0.9349 0.3549
vn 0.2427 0.9344 -0.2609
vn 0.2455 0.9469 -0.2076
vn 0.1767 0.9140 -0.3653
vn 0.1062 0.9006 -0.4215
vn 0.3061 0.8629 -0.4022
vn -0.2861 0.9526 0.1031
vn -0.1900 0.9689 -0.1586
vn -0.1895 0.9665 -0.1729
vn 0.0879 0.8370 0.5402
vn -0.3975 0.9070 0.1394
vn 0.1341 0.5568 0.8197
vn 0.3320 0.7607 0.5578
vn 0.2993 0.7564 0.5816
vn 0.2448 0.6230 0.7429
vn 0.6341 0.7712 0.0559
vn 0.5391 0.8189 -0.1968
vn 0.5395 0.8195 -0.1931
vn 0.4411 0.8471 -0.2963
vn 0.4374 0.8461 -0.3047
vn 0.1798 0.9114 -0.3701
vn 0.0952 0.8945 -0.4368
vn 0.1105 0.8889 -0.4446
vn -0.0362 0.8933 -0.4480
vn 0.2319 0.5643 -0.7923
vn -0.4906 0.7814 -0.3856
vn -0.5090 0.8462 -0.1577
vn -0.5302 0.8424 -0.0959
vn -0.5756 0.7463 -0.3342
vn -0.5973 0.7685 0.2295
vn -0.7650 0.6441 -0.0019
vn -0.4426 0.5827 0.6816
vn -0.0059 0.7174 0.6966
vn -0.1559 0.7729 0.6151
vn -0.4960 0.4902 0.7168
vn 0.2553 0.3931 0.8833
vn 0.1579 0.2151 0.9637
vn 0.5037 0.2477 0.8276
vn 0.4723 0.1781 0.8633
vn 0.8215 0.2266 0.5232
vn 0.7744 0.6259 0.0922
vn 0.7566 0.6093 -0.2374
vn 0.7266 0.6341 -0.2646
vn 0.4278 0.5345 -0.7289
vn 0.7213 0.2198 -0.6568
vn 0.2412 0.1961 -0.9505
vn 0.1911 0.2715 -0.9433
vn -0.3134 0.2616 -0.9129
vn -0.1225 -0.0644 -0.9904
vn -0.3890 -0.0739 -0.9183
vn -0.6428 0.5089 -0.5725
vn -0.7537 0.5321 -0.3857
vn -0.6942 0.7049 -0.1457
vn -0.6609 0.6673 0.3434
vn -0.7360 0.6144 0.2843
vn -0.3927 0.4945 0.7754
vn -0.5010 0.3940 0.7705
vn -0.2397 0.3601 0.9016
vn -0.2107 0.3989 0.8925
vn 0.2986 -0.0817 0.9509
vn 0.2757 -0.1201 0.9537
vn 0.5226 -0.1307 0.8425
vn 0.5146 -0.1420 0.8456
vn 0.8929 -0.1780 0.4136
vn 0.8017 -0.3107 0.5106
vn 0.8256 -0.3169 -0.4669
vn 0.8121 -0.5250 -0.2548
vn 0.4503 -0.4272 -0.7840
vn 0.4546 -0.4400 -0.7745
vn 0.2183 -0.4030 -0.8888
vn 0.2239 -0.4135 -0.8825
vn -0.0818 -0.4219 -0.9029
vn -0.3242 -0.0589 -0.9442
vn -0.6414 -0.0636 -0.7646
vn -0.3538 -0.4209 -0.8352
vn -0.7477 -0.5545 -0.3654
vn -0.7342 -0.5656 -0.3757
vn -0.7462 -0.5704 0.3433
vn -0.7531 -0.5289 0.3912
vn -0.4863 -0.4487 0.7497
vn -0.4316 -0.2960 0.8521
vn -0.3717 -0.2901 0.8819
vn -0.2561 -0.0831 0.9631
vn 0.0559 -0.8875 0.4574
vn 0.2228 -0.8104 0.5419
vn 0.3154 -0.8231 0.4723
vn 0.2913 -0.8295 0.4765
vn 0.4448 -0.8822 0.1545
vn 0.4058 -0.8924 0.1976
vn 0.3951 -0.8599 -0.3233
vn 0.3814 -0.8902 -0.2493
vn 0.3466 -0.8788 -0.3280
vn 0.3066 -0.7737 -0.5544
vn 0.2629 -0.7664 -0.5861
vn 0.1824 -0.6852 -0.7052
vn -0.3298 -0.6559 -0.6790
vn -0.0320 -0.8387 -0.5436
vn -0.2640 -0.8889 -0.3744
vn -0.3549 -0.8655 -0.3536
vn -0.4607 -0.8817 -0.1014
vn -0.3783 -0.9049 -0.1953
vn -0.3806 -0.9098 -0.1656
vn -0.5026 -0.8312 0.2376
vn -0.4361 -0.8134 0.3851
vn -0.3901 -0.6959 0.6030
vn 0.0024 -0.5875 0.8093
vn -0.2571 -0.8600 0.4408
vn 0.0372 -0.9391 0.3416
vn 0.1646 -0.9574 0.2372
vn 0.2328 -0.9701 0.0683
vn 0.2286 -0.9425 -0.2440
vn 0.2500 -0.9491 -0.1915
vn 0.1935 -0.9505 -0.2432
vn -0.2538 -0.9362 -0.2431
vn -0.2062 -0.9362 -0.2848
vn -0.3044 -0.9516 -0.0420
vn -0.2985 -0.9365 -0.1840
vn -0.2125 -0.9741 0.0769
vn 0.0908 -0.9357 0.3408
vn 0.2048 0.9682 0.1438
vn -0.0356 0.9667 0.2534
vn 0.2511 0.9569 -0.1462
vn 0.2458 0.9633 -0.1075
vn 0.2064 0.9502 -0.2334
vn 0.1495 0.9460 -0.2876
vn 0.3351 0.9103 -0.2430
vn -0.2687 0.9628 0.0280
vn -0.1522 0.9785 -0.1391
vn -0.1502 0.9773 -0.1491
vn 0.0179 0.9085 0.4175
vn -0.3765 0.9257 0.0366
vn 0.0318 0.6898 0.7233
vn 0.2553 0.8400 0.4788
vn 0.2216 0.8404 0.4945
vn 0.1580 0.7416 0.6520
vn 0.5796 0.8029 0.1397
vn 0.5212 0.8516 -0.0561
vn 0.5209 0.8519 -0.0533
vn 0.4442 0.8844 -0.1432
vn 0.4422 0.8843 -0.1499
vn 0.2101 0.9486 -0.2366
vn 0.1416 0.9429 -0.3014
vn 0.1572 0.9392 -0.3054
vn 0.0200 0.9434 -0.3310
vn 0.3630 0.6915 -0.6246
vn -0.4177 0.8334 -0.3618
vn -0.4480 0.8734 -0.1912
vn -0.4737 0.8678 -0.1504
vn -0.5040 0.7951 -0.3374
vn -0.5851 0.8079 0.0711
vn -0.7200 0.6829 -0.1238
vn -0.5537 0.6855 0.4727
vn -0.0976 0.8282 0.5519
vn -0.2331 0.8639 0.4464
vn -0.6296 0.5912 0.5041
vn 0.1644 0.5129 0.8426
vn 0.0422 0.2987 0.9534
vn 0.4549 0.3192 0.8314
vn 0.4227 0.2345 0.8754
vn 0.7818 0.2645 0.5646
vn 0.7207 0.6661 0.1919
vn 0.7527 0.6563 -0.0528
vn 0.7268 0.6824 -0.0778
vn 0.5571 0.6432 -0.5253
vn 0.8691 0.2670 -0.4163
vn 0.4458 0.2711 -0.8531
vn 0.3791 0.3713 -0.8476
vn -0.2341 0.3514 -0.9065
vn 0.0058 -0.0917 -0.9958
vn -0.3278 -0.1006 -0.9394
vn -0.5817 0.5855 -0.5646
vn -0.6915 0.5884 -0.4191
vn -0.6327 0.7436 -0.2162
vn -0.6767 0.7213 0.1473
vn -0.7418 0.6644 0.0912
vn -0.5380 0.6086 0.5833
vn -0.6632 0.4905 0.5654
vn -0.4181 0.4770 0.7731
vn -0.3789 0.5233 0.7633
vn 0.2175 -0.1133 0.9695
vn 0.1889 -0.1666 0.9678
vn 0.4809 -0.1707 0.8600
vn 0.4717 -0.1857 0.8620
vn 0.8535 -0.2037 0.4797
vn 0.7565 -0.3595 0.5463
vn 0.9036 -0.3641 -0.2257
vn 0.8180 -0.5724 -0.0573
vn 0.6097 -0.5325 -0.5871
vn 0.6098 -0.5454 -0.5750
vn 0.3863 -0.5275 -0.7567
vn 0.3902 -0.5388 -0.7466
vn 0.0397 -0.5541 -0.8315
vn -0.2492 -0.0814 -0.9650
vn -0.6105 -0.0805 -0.7879
vn -0.2783 -0.5350 -0.7977
vn -0.6842 -0.6096 -0.4003
vn -0.6697 -0.6219 -0.4059
vn -0.7688 -0.6250 0.1352
vn -0.7913 -0.5867 0.1723
vn -0.6347 -0.5505 0.5424
vn -0.6256 -0.3855 0.6783
vn -0.5691 -0.3835 0.7274
vn -0.4724 -0.1164 0.8736
vn -0.0026 -0.9397 0.3419
vn 0.1485 -0.8841 0.4432
vn 0.2429 -0.8838 0.3998
vn 0.2194 -0.8904 0.3988
vn 0.3870 -0.9048 0.1778
vn 0.3467 -0.9159 0.2023
vn 0.4050 -0.8984 -0.1699
vn 0.3786 -0.9181 -0.1174
vn 0.3595 -0.9155 -0.1805
vn 0.3697 -0.8527 -0.3691
vn 0.3338 -0.8518 -0.4038
vn 0.2822 -0.7980 -0.5326
vn -0.2499 -0.7606 -0.5992
vn 0.0364 -0.9109 -0.4111
vn -0.2004 -0.9291 -0.3107
vn -0.2877 -0.9060 -0.3106
vn -0.4068 -0.9023 -0.1425
vn -0.3211 -0.9265 -0.1959
vn -0.3258 -0.9291 -0.1749
vn -0.4928 -0.8654 0.0911
vn -0.4577 -0.8636 0.2113
vn -0.4691 -0.7864 0.4019
vn -0.1106 -0.7214 0.6837
vn -0.2957 -0.9131 0.2806
vn -0.0061 -0.9687 0.2481
vn 0.1212 -0.9740 0.1912
vn 0.2002 -0.9763 0.0826
vn 0.2357 -0.9623 -0.1360
vn 0.2477 -0.9641 -0.0954
vn 0.2034 -0.9689 -0.1407
vn -0.2019 -0.9566 -0.2099
vn -0.1545 -0.9602 -0.2328
vn -0.2680 -0.9604 -0.0755
vn -0.2483 -0.9528 -0.1746
vn -0.1986 -0.9799 0.0209
vn 0.0432 -0.9657 0.2560
vn -0.2471 0.9689 0.0146
vn -0.1792 0.9526 -0.2458
vn -0.0421 0.9522 0.3025
vn -0.0700 0.9616 0.2655
vn 0.0558 0.9368 0.3453
vn 0.1339 0.9266 0.3514
vn -0.0176 0.8970 0.4416
vn 0.1494 0.9658 -0.2120
vn 0.2093 0.9777 0.0177
vn 0.2160 0.9760 0.0280
vn -0.3362 0.8762 -0.3453
vn 0.2122 0.9315 -0.2956
vn -0.5461 0.6232 -0.5598
vn -0.5317 0.8124 -0.2394
vn -0.5204 0.8087 -0.2741
vn -0.5817 0.6876 -0.4346
vn -0.4941 0.8214 0.2848
vn -0.2909 0.8614 0.4163
vn -0.2930 0.8620 0.4137
vn -0.1680 0.8844 0.4353
vn -0.1612 0.8836 0.4396
vn 0.0561 0.9349 0.3506
vn 0.1496 0.9219 0.3575
vn 0.1428 0.9175 0.3712
vn 0.2485 0.9209 0.3002
vn 0.2486 0.6307 0.7351
vn 0.5567 0.8301 0.0308
vn 0.4457 0.8837 -0.1430
vn 0.4302 0.8807 -0.1983
vn 0.5979 0.7999 -0.0508
vn 0.3207 0.8191 -0.4757
vn 0.5800 0.7075 -0.4039
vn -0.0266 0.6487 -0.7605
vn -0.3585 0.7745 -0.5212
vn -0.2016 0.8229 -0.5313
vn -0.0046 0.5558 -0.8313
vn -0.6940 0.4531 -0.5595
vn -0.6757 0.2533 -0.6923
vn -0.8763 0.2908 -0.3842
vn -0.8763 0.2103 -0.4335
vn -0.9629 0.2666 0.0422
vn -0.6376 0.6903 0.3420
vn -0.4503 0.6745 0.5851
vn -0.4106 0.6981 0.5866
vn 0.0640 0.6010 0.7967
vn -0.2121 0.2587 0.9424
vn 0.3449 0.2313 0.9097
vn 0.3788 0.3180 0.8691
vn 0.7695 0.3067 0.5601
vn 0.6678 -0.0765 0.7404
vn 0.8444 -0.0878 0.5285
vn 0.8126 0.5750 0.0953
vn 0.7935 0.5985 -0.1101
vn 0.5940 0.7633 -0.2539
vn 0.3165 0.7291 -0.6068
vn 0.4091 0.6794 -0.6092
vn -0.1173 0.5602 -0.8200
vn -0.0306 0.4541 -0.8904
vn -0.3125 0.4171 -0.8535
vn -0.3287 0.4593 -0.8252
vn -0.7889 -0.0970 -0.6068
vn -0.7705 -0.1423 -0.6213
vn -0.9081 -0.1548 -0.3890
vn -0.9028 -0.1681 -0.3958
vn -0.9624 -0.2102 0.1723
vn -0.9312 -0.3622 0.0408
vn -0.4003 -0.3691 0.8388
vn -0.4918 -0.5914 0.6391
vn 0.0779 -0.4898 0.8683
vn 0.0691 -0.5033 0.8613
vn 0.3204 -0.4639 0.8260
vn 0.3119 -0.4751 0.8228
vn 0.5645 -0.4841 0.6685
vn 0.8065 -0.0699 0.5871
vn 0.9631 -0.0755 0.2582
vn 0.7422 -0.4831 0.4645
vn 0.7743 -0.6209 -0.1220
vn 0.7677 -0.6319 -0.1065
vn 0.3890 -0.6367 -0.6658
vn 0.3716 -0.5953 -0.7124
vn -0.0304 -0.5126 -0.8581
vn -0.1329 -0.3457 -0.9289
vn -0.1980 -0.3391 -0.9197
vn -0.3421 -0.0987 -0.9345
vn -0.2677 -0.9164 -0.2976
vn -0.4375 -0.8544 -0.2803
vn -0.4678 -0.8649 -0.1821
vn -0.4517 -0.8702 -0.1969
vn -0.3940 -0.9123 0.1118
vn -0.3866 -0.9202 0.0615
vn -0.1210 -0.8946 0.4301
vn -0.1470 -0.9185 0.3671
vn -0.0833 -0.9096 0.4070
vn 0.0598 -0.8236 0.5641
vn 0.1083 -0.8173 0.5659
vn 0.2334 -0.7455 0.6243
vn 0.6078 -0.7185 0.3382
vn 0.2975 -0.8777 0.3757
vn 0.3742 -0.9175 0.1348
vn 0.4312 -0.8991 0.0752
vn 0.3789 -0.9119 -0.1576
vn 0.3646 -0.9299 -0.0493
vn 0.3510 -0.9336 -0.0714
vn 0.2429 -0.8716 -0.4259
vn 0.1208 -0.8569 -0.5012
vn -0.0240 -0.7552 -0.6550
vn -0.4361 -0.6534 -0.6188
vn -0.0370 -0.8948 -0.4450
vn -0.1938 -0.9558 -0.2213
vn -0.2307 -0.9693 -0.0851
vn -0.1950 -0.9786 0.0658
vn -0.0405 -0.9582 0.2831
vn -0.0811 -0.9632 0.2563
vn -0.0162 -0.9642 0.2647
vn 0.2975 -0.9536 0.0459
vn 0.2846 -0.9536 0.0986
vn 0.2333 -0.9650 -0.1196
vn 0.2999 -0.9538 -0.0175
vn 0.1101 -0.9815 -0.1567
vn -0.2313 -0.9532 -0.1946
vn 0.2617 0.9568 -0.1264
vn 0.3026 0.9349 0.1856
vn -0.0890 0.9344 -0.3450
vn -0.0426 0.9469 -0.3187
vn -0.2125 0.9140 -0.3457
vn -0.2978 0.9006 -0.3166
vn -0.1738 0.8629 -0.4746
vn -0.0673 0.9526 0.2966
vn -0.2360 0.9689 0.0746
vn -0.2478 0.9665 0.0664
vn 0.5024 0.8370 0.2171
vn -0.0968 0.9070 0.4099
vn 0.7628 0.5568 0.3288
vn 0.6487 0.7607 0.0209
vn 0.6512 0.7564 0.0614
vn 0.7578 0.6230 0.1941
vn 0.3888 0.7712 -0.5040
vn 0.1247 0.8189 -0.5602
vn 0.1281 0.8195 -0.5585
vn -0.0119 0.8471 -0.5313
vn -0.0209 0.8461 -0.5326
vn -0.2149 0.9114 -0.3509
vn -0.3166 0.8945 -0.3156
vn -0.3150 0.8889 -0.3327
vn -0.3968 0.8933 -0.2110
vn -0.5425 0.5643 -0.6223
vn -0.5892 0.7814 0.2054
vn -0.4071 0.8462 0.3438
vn -0.3665 0.8424 0.3949
vn -0.5917 0.7463 0.3048
vn -0.1286 0.7685 0.6268
vn -0.4139 0.6441 0.6433
vn 0.3357 0.5827 0.7401
vn 0.5836 0.7174 0.3803
vn 0.4341 0.7729 0.4628
vn 0.3365 0.4902 0.8040
vn 0.8817 0.3931 0.2610
vn 0.8969 0.2151 0.3863
vn 0.9686 0.2477 0.0217
vn 0.9817 0.1781 0.0674
vn 0.8835 0.2266 -0.4101
vn 0.4950 0.6259 -0.6027
vn 0.2078 0.6093 -0.7652
vn 0.1687 0.6341 -0.7546
vn -0.3834 0.5345 -0.7532
vn -0.1645 0.2198 -0.9616
vn -0.6707 0.1961 -0.7154
vn -0.6916 0.2715 -0.6693
vn -0.9379 0.2616 -0.2279
vn -0.9003 -0.0644 -0.4305
vn -0.9832 -0.0739 -0.1672
vn -0.8287 0.5089 0.2330
vn -0.7311 0.5321 0.4271
vn -0.4968 0.7049 0.5062
vn -0.0669 0.6673 0.7418
vn -0.1572 0.6144 0.7732
vn 0.4416 0.4945 0.7487
vn 0.3791 0.3940 0.8373
vn 0.6303 0.3601 0.6878
vn 0.6383 0.3989 0.6584
vn 0.9619 -0.0817 0.2609
vn 0.9519 -0.1201 0.2818
vn 0.9913 -0.1307 0.0138
vn 0.9896 -0.1420 0.0222
vn 0.8296 -0.1780 -0.5293
vn 0.8622 -0.3107 -0.4002
vn 0.0516 -0.3169 -0.9471
vn 0.2230 -0.5250 -0.8214
vn -0.4177 -0.4272 -0.8019
vn -0.4074 -0.4400 -0.8003
vn -0.6310 -0.4030 -0.6629
vn -0.6227 -0.4135 -0.6642
vn -0.8047 -0.4219 -0.4177
vn -0.9700 -0.0589 -0.2358
vn -0.9897 -0.0636 0.1282
vn -0.8943 -0.4209 -0.1521
vn -0.7107 -0.5545 0.4329
vn -0.7121 -0.5656 0.4160
vn -0.1129 -0.5704 0.8136
vn -0.0763 -0.5289 0.8452
vn 0.3695 -0.4487 0.8137
vn 0.4852 -0.2960 0.8228
vn 0.5426 -0.2901 0.7883
vn 0.6732 -0.0831 0.7347
vn 0.4155 -0.8875 0.1994
vn 0.5766 -0.8104 0.1043
vn 0.5678 -0.8231 -0.0111
vn 0.5583 -0.8295 0.0114
vn 0.3699 -0.8822 -0.2914
vn 0.3851 -0.8924 -0.2354
vn -0.0594 -0.8599 -0.5070
vn -0.0045 -0.8902 -0.4556
vn -0.0896 -0.8788 -0.4687
vn -0.3018 -0.7737 -0.5571
vn -0.3520 -0.7664 -0.5373
vn -0.4957 -0.6852 -0.5337
vn -0.7497 -0.6559 -0.0881
vn -0.4751 -0.8387 -0.2660
vn -0.4576 -0.8889 0.0206
vn -0.4891 -0.8655 0.1084
vn -0.3337 -0.8817 0.3334
vn -0.3683 -0.9049 0.2134
vn -0.3446 -0.9098 0.2314
vn -0.0707 -0.8312 0.5514
vn 0.0894 -0.8133 0.5749
vn 0.2977 -0.6959 0.6535
vn 0.6830 -0.5875 0.4341
vn 0.2328 -0.8600 0.4541
vn 0.3078 -0.9391 0.1527
vn 0.2886 -0.9574 -0.0109
vn 0.1830 -0.9701 -0.1593
vn -0.0823 -0.9425 -0.3241
vn -0.0266 -0.9491 -0.3138
vn -0.1006 -0.9505 -0.2941
vn -0.3415 -0.9362 0.0827
vn -0.3510 -0.9362 0.0202
vn -0.1994 -0.9516 0.2338
vn -0.3159 -0.9365 0.1522
vn -0.0497 -0.9741 0.2204
vn 0.3360 -0.9357 0.1072
vn -0.8164 -0.5222 -0.2466
vn -0.8171 -0.5213 -0.2463
vn -0.8184 -0.5195 -0.2456
vn -0.8164 -0.5221 -0.2465
vn -0.8206 -0.5153 -0.2473
vn -0.8197 -0.5162 -0.2483
vn -0.8216 -0.5144 -0.2459
vn -0.8231 -0.5132 -0.2433
vn -0.8217 -0.5148 -0.2445
vn -0.8218 -0.5139 -0.2461
vn -0.8215 -0.5128 -0.2494
vn -0.8218 -0.5143 -0.2453
vn -0.8174 -0.5210 -0.2459
vn -0.8173 -0.5211 -0.2458
vn -0.8178 -0.5200 -0.2464
vn -0.8183 -0.5190 -0.2472
vn -0.8164 -0.5222 -0.2465
vn -0.8183 -0.5197 -0.2457
vn -0.8171 -0.5212 -0.2463
vn -0.8225 -0.5136 -0.2443
vn -0.8212 -0.5147 -0.2464
vn -0.8196 -0.5163 -0.2484
vn -0.8202 -0.5157 -0.2477
vn -0.8218 -0.5144 -0.2451
vn -0.8216 -0.5129 -0.2486
vn -0.8218 -0.5141 -0.2457
vn -0.8217 -0.5148 -0.2444
vn -0.8182 -0.5192 -0.2470
vn -0.8176 -0.5204 -0.2462
vn -0.8172 -0.5214 -0.2457
vn -0.8174 -0.5209 -0.2459
vn 0.0590 -0.1454 0.9876
vn 0.0586 -0.1450 0.9877
vn 0.0837 -0.1885 0.9785
vn 0.0837 -0.1886 0.9785
vn 0.4891 -0.6844 0.5408
vn 0.4890 -0.6843 0.5410
vn 0.6802 -0.6939 -0.2361
vn 0.6732 -0.7093 -0.2090
vn 0.5620 -0.1583 -0.8118
vn 0.5621 -0.1585 -0.8117
vn 0.5760 -0.2119 -0.7895
vn 0.5760 -0.2118 -0.7895
vn 0.1885 0.4691 -0.8628
vn 0.1887 0.4688 -0.8629
vn 0.2116 0.4343 -0.8756
vn 0.2115 0.4344 -0.8755
vn -0.2268 0.8560 -0.4645
vn -0.2267 0.8560 -0.4647
vn -0.2271 0.8562 -0.4641
vn -0.4652 0.8589 0.2143
vn -0.4651 0.8589 0.2142
vn -0.4720 0.8483 0.2400
vn -0.3365 0.4813 0.8094
vn -0.3366 0.4815 0.8092
vn -0.3217 0.4357 0.8406
vn -0.3217 0.4356 0.8407
vn 0.0005 -0.2131 0.9770
vn 0.0015 -0.2146 0.9767
vn 0.0180 -0.2435 0.9697
vn 0.0179 -0.2433 0.9698
vn 0.4313 -0.7325 0.5266
vn 0.4317 -0.7328 0.5259
vn 0.4310 -0.7322 0.5274
vn 0.6328 -0.7363 -0.2396
vn 0.6328 -0.7362 -0.2400
vn 0.6276 -0.7467 -0.2204
vn 0.6277 -0.7466 -0.2204
vn 0.5198 -0.2186 -0.8259
vn 0.5193 -0.2174 -0.8265
vn 0.5294 -0.2558 -0.8089
vn 0.5294 -0.2559 -0.8089
vn 0.1441 0.4616 -0.8753
vn 0.1442 0.4533 -0.8796
vn 0.1464 0.4553 -0.8782
vn 0.1436 0.4551 -0.8788
vn -0.2304 0.8535 -0.4674
vn -0.2304 0.8535 -0.4673
vn -0.2312 0.8540 -0.4661
vn -0.2311 0.8540 -0.4661
vn -0.4999 0.8449 0.1903
vn -0.4997 0.8457 0.1876
vn -0.5056 0.8397 0.1984
vn -0.5058 0.8397 0.1976
vn -0.3915 0.4297 0.8137
vn -0.3912 0.4290 0.8142
vn -0.3813 0.3952 0.8357
vn -0.3813 0.3953 0.8357
vn -0.0520 -0.3135 0.9482
vn 0.3378 -0.7968 0.5009
vn 0.5585 -0.7968 -0.2305
vn 0.4812 -0.3135 -0.8186
vn 0.0760 0.4402 -0.8947
vn -0.4543 0.8654 0.2112
vn -0.3826 0.3696 0.8467
vn -0.0977 -0.3402 0.9353
vn 0.2973 -0.8202 0.4888
vn 0.5181 -0.8202 -0.2428
vn 0.4359 -0.3402 -0.8332
vn -0.3059 0.8154 -0.4915
vn -0.5215 0.8216 0.2302
vn -0.4359 0.3402 0.8332
vn -0.0801 -0.3292 0.9409
vn 0.3404 -0.7948 0.5024
vn 0.5615 -0.7948 -0.2303
vn 0.4537 -0.3292 -0.8281
vn 0.0801 0.3292 -0.9409
vn -0.3404 0.7948 -0.5024
vn -0.5615 0.7948 0.2303
vn -0.4537 0.3292 0.8281
vn 0.8218 0.5131 0.2478
vn 0.8215 0.5135 0.2479
vn 0.8217 0.5133 0.2478
vn 0.8209 0.5144 0.2483
vn 0.8211 0.5142 0.2479
vn 0.8213 0.5139 0.2477
vn 0.8212 0.5140 0.2478
vn 0.8211 0.5141 0.2480
vn 0.8211 0.5144 0.2475
vn 0.8211 0.5141 0.2481
vn 0.8215 0.5135 0.2478
vn 0.8216 0.5134 0.2479
vn 0.8217 0.5132 0.2480
vn 0.8216 0.5133 0.2480
vn 0.8218 0.5131 0.2479
vn 0.8217 0.5131 0.2480
vn 0.8212 0.5141 0.2477
vn 0.8213 0.5140 0.2476
vn 0.8209 0.5144 0.2482
vn 0.8210 0.5141 0.2482
vn 0.8210 0.5142 0.2480
vn 0.8210 0.5144 0.2476
vn 0.8210 0.5142 0.2481
vn 0.8216 0.5132 0.2480
vn 0.8216 0.5132 0.2481
vn 0.8215 0.5134 0.2480
vn 0.8215 0.5135 0.2480
vn -0.2802 0.8294 -0.4832
vn 0.0785 0.3282 -0.9413
vn -0.3443 0.7924 -0.5036
vn -0.5654 0.7924 0.2291
vn -0.4553 0.3282 0.8276
vn -0.0785 -0.3282 0.9413
vn 0.3443 -0.7924 0.5036
vn 0.5654 -0.7924 -0.2291
vn 0.4553 -0.3282 -0.8276
vn -0.8163 -0.5225 -0.2463
vn 0.8215 0.5136 0.2479
vn 0.0932 0.3432 -0.9346
vn 0.2709 0.9606 -0.0626
vn 0.1187 0.9772 0.1763
vn 0.1431 0.9534 -0.2657
vn 0.1608 0.9577 -0.2387
vn 0.0513 0.9564 -0.2875
vn -0.0338 0.9593 -0.2803
vn 0.1631 0.9090 -0.3834
vn -0.2271 0.9515 0.2075
vn -0.2212 0.9748 0.0279
vn -0.2254 0.9741 0.0206
vn 0.2709 0.9326 0.2384
vn -0.3162 0.9046 0.2859
vn 0.4975 0.7496 0.4365
vn 0.5223 0.8471 0.0980
vn 0.5040 0.8534 0.1327
vn 0.5587 0.7797 0.2827
vn 0.5768 0.7538 -0.3149
vn 0.4260 0.8158 -0.3911
vn 0.4273 0.8160 -0.3893
vn 0.3148 0.8634 -0.3943
vn 0.3094 0.8640 -0.3972
vn 0.0528 0.9549 -0.2921
vn -0.0496 0.9578 -0.2833
vn -0.0374 0.9541 -0.2971
vn -0.1810 0.9603 -0.2124
vn -0.0399 0.7396 -0.6718
vn -0.5805 0.8097 0.0860
vn -0.5040 0.8397 0.2023
vn -0.5012 0.8308 0.2421
vn -0.6320 0.7588 0.1574
vn -0.4690 0.7662 0.4392
vn -0.6688 0.6225 0.4064
vn -0.2300 0.6928 0.6834
vn 0.2507 0.8741 0.4161
vn 0.0526 0.8941 0.4449
vn -0.2803 0.5945 0.7536
vn 0.7149 0.5639 0.4136
vn 0.7048 0.3487 0.6177
vn 0.9308 0.3266 0.1640
vn 0.9448 0.2444 0.2183
vn 0.9484 0.2385 -0.2089
vn 0.7045 0.6058 -0.3696
vn 0.6033 0.6007 -0.5246
vn 0.5725 0.6297 -0.5251
vn 0.2040 0.6575 -0.7253
vn 0.5173 0.2510 -0.8181
vn -0.1111 0.3114 -0.9438
vn -0.1780 0.4272 -0.8865
vn -0.8299 0.3878 -0.4012
vn -0.7005 -0.1099 -0.7051
vn -0.9329 -0.1095 -0.3431
vn -0.8262 0.5572 0.0833
vn -0.8095 0.5397 0.2312
vn -0.6569 0.6896 0.3049
vn -0.5008 0.6774 0.5389
vn -0.5767 0.6119 0.5413
vn -0.1536 0.6328 0.7589
vn -0.2772 0.4979 0.8217
vn 0.0835 0.5323 0.8424
vn 0.1170 0.5834 0.8037
vn 0.8753 -0.1281 0.4664
vn 0.8499 -0.1896 0.4917
vn 0.9713 -0.1744 0.1619
vn 0.9668 -0.1903 0.1704
vn 0.9391 -0.1792 -0.2932
vn 0.9232 -0.3261 -0.2034
vn 0.6269 -0.3285 -0.7065
vn 0.6462 -0.5165 -0.5619
vn 0.2176 -0.5485 -0.8073
vn 0.2243 -0.5600 -0.7975
vn -0.1047 -0.5865 -0.8031
vn -0.0938 -0.5969 -0.7968
vn -0.5160 -0.6265 -0.5842
vn -0.8966 -0.0911 -0.4334
vn -0.9967 -0.0781 -0.0221
vn -0.7726 -0.5677 -0.2842
vn -0.7941 -0.5598 0.2367
vn -0.7879 -0.5732 0.2250
vn -0.5749 -0.5749 0.5823
vn -0.5732 -0.5394 0.6168
vn -0.2643 -0.5583 0.7864
vn -0.1812 -0.4067 0.8954
vn -0.0982 -0.4146 0.9047
vn 0.0977 -0.1346 0.9861
vn 0.2040 -0.9570 0.2063
vn 0.4062 -0.9004 0.1560
vn 0.4607 -0.8856 0.0599
vn 0.4398 -0.8948 0.0765
vn 0.4469 -0.8784 -0.1693
vn 0.4278 -0.8948 -0.1280
vn 0.2663 -0.8836 -0.3850
vn 0.2727 -0.9017 -0.3355
vn 0.2205 -0.9061 -0.3611
vn 0.1219 -0.8637 -0.4891
vn 0.0682 -0.8703 -0.4877
vn -0.0597 -0.8383 -0.5419
vn -0.5996 -0.7806 -0.1762
vn -0.2162 -0.9368 -0.2751
vn -0.3680 -0.9291 -0.0380
vn -0.4430 -0.8962 0.0246
vn -0.4429 -0.8734 0.2026
vn -0.4026 -0.9083 0.1140
vn -0.3942 -0.9099 0.1293
vn -0.3840 -0.8350 0.3941
vn -0.2891 -0.8475 0.4452
vn -0.1935 -0.7926 0.5783
vn 0.3307 -0.7852 0.5235
vn -0.1056 -0.9189 0.3800
vn 0.1429 -0.9781 0.1514
vn 0.2246 -0.9741 0.0249
vn 0.2307 -0.9684 -0.0949
vn 0.1351 -0.9591 -0.2488
vn 0.1695 -0.9576 -0.2328
vn 0.1031 -0.9680 -0.2289
vn -0.3079 -0.9512 0.0221
vn -0.2795 -0.9598 -0.0253
vn -0.2864 -0.9468 0.1466
vn -0.3274 -0.9419 0.0755
vn -0.1687 -0.9735 0.1543
vn 0.1929 -0.9738 0.1202
vn 0.2963 0.9504 -0.0951
vn 0.1128 0.9812 0.1564
vn 0.1783 0.9450 -0.2743
vn 0.1946 0.9484 -0.2504
vn 0.0823 0.9548 -0.2855
vn -0.0106 0.9631 -0.2689
vn 0.2098 0.8972 -0.3886
vn -0.2617 0.9379 0.2278
vn -0.2409 0.9690 0.0556
vn -0.2448 0.9683 0.0491
vn 0.2738 0.9412 0.1980
vn -0.3594 0.8801 0.3103
vn 0.5144 0.7734 0.3705
vn 0.5492 0.8352 0.0267
vn 0.5294 0.8461 0.0626
vn 0.5839 0.7860 0.2034
vn 0.6125 0.7054 -0.3566
vn 0.4743 0.7766 -0.4146
vn 0.4755 0.7768 -0.4130
vn 0.3657 0.8354 -0.4103
vn 0.3606 0.8365 -0.4126
vn 0.0843 0.9533 -0.2901
vn -0.0274 0.9625 -0.2700
vn -0.0129 0.9584 -0.2850
vn -0.1776 0.9667 -0.1840
vn 0.0197 0.7524 -0.6585
vn -0.6112 0.7766 0.1527
vn -0.5405 0.8031 0.2508
vn -0.5394 0.7919 0.2864
vn -0.6609 0.7168 0.2223
vn -0.5175 0.7219 0.4595
vn -0.6959 0.5679 0.4396
vn -0.3042 0.6731 0.6741
vn 0.2382 0.8938 0.3799
vn 0.0157 0.9029 0.4295
vn -0.3593 0.5710 0.7381
vn 0.7533 0.5769 0.3157
vn 0.7535 0.3720 0.5420
vn 0.9494 0.3120 0.0363
vn 0.9680 0.2357 0.0857
vn 0.9329 0.2124 -0.2909
vn 0.7264 0.5513 -0.4104
vn 0.6414 0.5482 -0.5368
vn 0.6146 0.5780 -0.5368
vn 0.2817 0.6416 -0.7134
vn 0.5786 0.2280 -0.7831
vn -0.0340 0.3260 -0.9447
vn -0.1164 0.4512 -0.8848
vn -0.8741 0.3932 -0.2854
vn -0.7543 -0.1195 -0.6455
vn -0.9716 -0.1086 -0.2100
vn -0.8379 0.5169 0.1750
vn -0.8178 0.4909 0.3003
vn -0.6847 0.6376 0.3530
vn -0.5513 0.6297 0.5473
vn -0.6188 0.5604 0.5504
vn -0.2337 0.6235 0.7460
vn -0.3618 0.4778 0.8005
vn 0.0124 0.5504 0.8348
vn 0.0539 0.6053 0.7942
vn 0.9284 -0.1314 0.3476
vn 0.9044 -0.1959 0.3790
vn 0.9858 -0.1657 0.0291
vn 0.9827 -0.1812 0.0376
vn 0.9201 -0.1578 -0.3585
vn 0.9131 -0.2921 -0.2847
vn 0.6658 -0.2934 -0.6860
vn 0.6787 -0.4656 -0.5680
vn 0.3025 -0.5333 -0.7900
vn 0.3082 -0.5438 -0.7806
vn -0.0400 -0.6072 -0.7935
vn -0.0283 -0.6166 -0.7868
vn -0.5330 -0.6613 -0.5279
vn -0.9465 -0.0926 -0.3091
vn -0.9924 -0.0719 0.0998
vn -0.8067 -0.5647 -0.1744
vn -0.8046 -0.5102 0.3039
vn -0.7996 -0.5238 0.2936
vn -0.6185 -0.5249 0.5848
vn -0.6182 -0.4912 0.6137
vn -0.3464 -0.5376 0.7687
vn -0.2742 -0.3984 0.8752
vn -0.1905 -0.4140 0.8901
vn 0.0147 -0.1410 0.9899
vn 0.2032 -0.9634 0.1750
vn 0.4254 -0.8996 0.0985
vn 0.4870 -0.8734 -0.0019
vn 0.4646 -0.8854 0.0168
vn 0.4833 -0.8486 -0.2151
vn 0.4621 -0.8694 -0.1750
vn 0.3163 -0.8610 -0.3983
vn 0.3188 -0.8798 -0.3526
vn 0.2674 -0.8888 -0.3723
vn 0.1761 -0.8558 -0.4865
vn 0.1192 -0.8683 -0.4815
vn -0.0144 -0.8503 -0.5261
vn -0.6275 -0.7732 -0.0921
vn -0.2111 -0.9471 -0.2417
vn -0.3915 -0.9201 0.0109
vn -0.4726 -0.8777 0.0800
vn -0.4809 -0.8418 0.2453
vn -0.4359 -0.8858 0.1592
vn -0.4283 -0.8870 0.1725
vn -0.4339 -0.7999 0.4146
vn -0.3438 -0.8212 0.4555
vn -0.2582 -0.7764 0.5749
vn 0.3213 -0.8147 0.4828
vn -0.1488 -0.9128 0.3804
vn 0.1412 -0.9815 0.1289
vn 0.2402 -0.9707 -0.0050
vn 0.2564 -0.9590 -0.1211
vn 0.1683 -0.9516 -0.2572
vn 0.2033 -0.9478 -0.2457
vn 0.1324 -0.9630 -0.2346
vn -0.3322 -0.9412 0.0609
vn -0.2989 -0.9542 0.0117
vn -0.3188 -0.9312 0.1768
vn -0.3563 -0.9274 0.1142
vn -0.1956 -0.9657 0.1705
vn 0.1983 -0.9758 0.0918
vn 0.1302 0.9568 -0.2598
vn 0.3530 0.9349 -0.0376
vn -0.2810 0.9344 -0.2190
vn -0.2282 0.9469 -0.2264
vn -0.3793 0.9140 -0.1442
vn -0.4291 0.9006 -0.0690
vn -0.4273 0.8629 -0.2699
vn 0.1277 0.9526 0.2761
vn -0.1414 0.9689 0.2031
vn -0.1557 0.9665 0.2038
vn 0.5305 0.8370 -0.1346
vn 0.1735 0.9070 0.3838
vn 0.8049 0.5568 -0.2050
vn 0.5267 0.7607 -0.3793
vn 0.5533 0.7564 -0.3488
vn 0.7187 0.6230 -0.3087
vn 0.0004 0.7712 -0.6366
vn -0.2431 0.8189 -0.5199
vn -0.2394 0.8195 -0.5207
vn -0.3337 0.8471 -0.4136
vn -0.3416 0.8461 -0.4092
vn -0.3844 0.9114 -0.1469
vn -0.4434 0.8945 -0.0568
vn -0.4525 0.8889 -0.0713
vn -0.4431 0.8933 0.0751
vn -0.8095 0.5643 -0.1620
vn -0.3414 0.7814 0.5223
vn -0.1127 0.8462 0.5208
vn -0.0494 0.8424 0.5365
vn -0.2828 0.7463 0.6026
vn 0.2807 0.7685 0.5750
vn 0.0647 0.6441 0.7622
vn 0.7176 0.5827 0.3815
vn 0.6945 0.7174 -0.0549
vn 0.6263 0.7729 0.1017
vn 0.7573 0.4902 0.4316
vn 0.8577 0.3931 -0.3313
vn 0.9463 0.2151 -0.2413
vn 0.7806 0.2477 -0.5739
vn 0.8188 0.1781 -0.5457
vn 0.4496 0.2266 -0.8640
vn 0.0243 0.6259 -0.7795
vn -0.3024 0.6093 -0.7330
vn -0.3269 0.6341 -0.7008
vn -0.7634 0.5345 -0.3627
vn -0.7172 0.2198 -0.6614
vn -0.9679 0.1961 -0.1574
vn -0.9563 0.2715 -0.1081
vn -0.8821 0.2616 0.3918
vn -0.9759 -0.0644 0.2084
vn -0.8809 -0.0739 0.4675
vn -0.5143 0.5089 0.6903
vn -0.3186 0.5321 0.7845
vn -0.0846 0.7049 0.7042
vn 0.3997 0.6673 0.6285
vn 0.3473 0.6144 0.7084
vn 0.8067 0.4945 0.3236
vn 0.8113 0.3940 0.4320
vn 0.9191 0.3601 0.1603
vn 0.9074 0.3989 0.1321
vn 0.9212 -0.0817 -0.3803
vn 0.9261 -0.1201 -0.3577
vn 0.7938 -0.1307 -0.5940
vn 0.7975 -0.1420 -0.5864
vn 0.3342 -0.1780 -0.9256
vn 0.4388 -0.3107 -0.8432
vn -0.5371 -0.3169 -0.7818
vn -0.3246 -0.5250 -0.7868
vn -0.8203 -0.4272 -0.3803
vn -0.8111 -0.4400 -0.3853
vn -0.9044 -0.4030 -0.1400
vn -0.8987 -0.4135 -0.1462
vn -0.8924 -0.4219 0.1602
vn -0.9123 -0.0589 0.4052
vn -0.7058 -0.0636 0.7056
vn -0.8012 -0.4209 0.4253
vn -0.2988 -0.5545 0.7767
vn -0.3103 -0.5656 0.7641
vn 0.4070 -0.5704 0.7134
vn 0.4554 -0.5289 0.7161
vn 0.7893 -0.4487 0.4191
vn 0.8865 -0.2960 0.3557
vn 0.9109 -0.2901 0.2934
vn 0.9817 -0.0831 0.1712
vn 0.4508 -0.8875 -0.0956
vn 0.5204 -0.8104 -0.2692
vn 0.4430 -0.8231 -0.3553
vn 0.4493 -0.8295 -0.3317
vn 0.1152 -0.8822 -0.4566
vn 0.1614 -0.8924 -0.4215
vn -0.3565 -0.8599 -0.3654
vn -0.2816 -0.8902 -0.3582
vn -0.3570 -0.8788 -0.3167
vn -0.5790 -0.7737 -0.2571
vn -0.6068 -0.7664 -0.2109
vn -0.7184 -0.6852 -0.1203
vn -0.6477 -0.6559 0.3877
vn -0.5387 -0.8387 0.0793
vn -0.3500 -0.8889 0.2956
vn -0.3213 -0.8655 0.3843
vn -0.0609 -0.8817 0.4678
vn -0.1616 -0.9049 0.3938
vn -0.1318 -0.9098 0.3935
vn 0.2805 -0.8312 0.4800
vn 0.4217 -0.8133 0.4008
vn 0.6347 -0.6959 0.3360
vn 0.8060 -0.5875 -0.0730
vn 0.4615 -0.8600 0.2177
vn 0.3371 -0.9391 -0.0669
vn 0.2220 -0.9574 -0.1847
vn 0.0478 -0.9701 -0.2379
vn -0.2630 -0.9425 -0.2065
vn -0.2125 -0.9491 -0.2324
vn -0.2592 -0.9505 -0.1716
vn -0.2201 -0.9362 0.2740
vn -0.2657 -0.9362 0.2302
vn -0.0153 -0.9516 0.3069
vn -0.1573 -0.9365 0.3134
vn 0.0951 -0.9741 0.2050
vn 0.3316 -0.9357 -0.1202
vn 0.1389 -0.6150 -0.7762
vn 0.1384 -0.6138 -0.7772
vn 0.1386 -0.6142 -0.7769
vn 0.1406 -0.6085 -0.7810
vn 0.1418 -0.6090 -0.7804
vn 0.1419 -0.6090 -0.7804
vn 0.1387 -0.6079 -0.7818
vn 0.1362 -0.6103 -0.7804
vn 0.1369 -0.6099 -0.7806
vn 0.1404 -0.6086 -0.7810
vn 0.1389 -0.6091 -0.7809
vn 0.1359 -0.6154 -0.7764
vn 0.1354 -0.6160 -0.7760
vn 0.1353 -0.6162 -0.7759
vn 0.1367 -0.6145 -0.7770
vn 0.1387 -0.6145 -0.7766
vn 0.1385 -0.6139 -0.7771
vn 0.1390 -0.6152 -0.7760
vn 0.1392 -0.6080 -0.7816
vn 0.1408 -0.6085 -0.7809
vn 0.1383 -0.6093 -0.7808
vn 0.1396 -0.6088 -0.7809
vn 0.1365 -0.6101 -0.7805
vn 0.1360 -0.6103 -0.7804
vn 0.1366 -0.6146 -0.7769
vn 0.1354 -0.6161 -0.7759
vn 0.1355 -0.6160 -0.7760
vn -0.9822 -0.1311 0.1344
vn -0.9823 -0.1310 0.1343
vn -0.9691 -0.1859 0.1620
vn -0.9691 -0.1860 0.1620
vn -0.5383 -0.6083 0.5833
vn -0.5384 -0.6082 0.5832
vn -0.5071 -0.6246 0.5939
vn 0.2592 -0.5908 0.7641
vn 0.2590 -0.5909 0.7641
vn 0.2508 -0.5941 0.7643
vn 0.8649 -0.1039 0.4911
vn 0.8647 -0.1041 0.4913
vn 0.8413 -0.1540 0.5182
vn 0.8413 -0.1539 0.5181
vn 0.8890 0.4577 -0.0085
vn 0.8891 0.4576 -0.0084
vn 0.9113 0.4112 0.0207
vn 0.9113 0.4113 0.0207
vn 0.4110 0.8157 -0.4071
vn 0.4111 0.8156 -0.4071
vn 0.4403 0.8038 -0.4000
vn -0.2857 0.8178 -0.4996
vn -0.2855 0.8179 -0.4996
vn -0.2925 0.8158 -0.4990
vn -0.8379 0.4612 -0.2918
vn -0.8377 0.4615 -0.2920
vn -0.8659 0.4197 -0.2721
vn -0.8659 0.4196 -0.2721
vn -0.9758 -0.1939 0.1012
vn -0.9757 -0.1943 0.1014
vn -0.9651 -0.2325 0.1209
vn -0.5188 -0.6616 0.5415
vn -0.5185 -0.6617 0.5416
vn -0.4967 -0.6727 0.5484
vn -0.4966 -0.6727 0.5484
vn 0.2692 -0.6524 0.7084
vn 0.2703 -0.6520 0.7084
vn 0.2640 -0.6543 0.7086
vn 0.2640 -0.6544 0.7086
vn 0.8761 -0.1786 0.4479
vn 0.8768 -0.1774 0.4470
vn 0.8586 -0.2136 0.4659
vn 0.8586 -0.2137 0.4660
vn 0.8878 0.4569 -0.0553
vn 0.8928 0.4475 -0.0522
vn 0.9001 0.4331 -0.0479
vn 0.8999 0.4333 -0.0486
vn 0.4277 0.8113 -0.3985
vn 0.4281 0.8112 -0.3984
vn 0.4454 0.8040 -0.3940
vn 0.4452 0.8041 -0.3940
vn -0.2670 0.7955 -0.5439
vn -0.2652 0.7967 -0.5431
vn -0.2628 0.7975 -0.5431
vn -0.2635 0.7974 -0.5429
vn -0.8483 0.4093 -0.3359
vn -0.8489 0.4085 -0.3354
vn -0.8683 0.3780 -0.3211
vn -0.8683 0.3781 -0.3212
vn -0.9536 -0.2859 0.0944
vn -0.4728 -0.7381 0.4814
vn 0.2796 -0.7381 0.6140
vn 0.8638 -0.2859 0.4148
vn 0.9059 0.4161 -0.0786
vn -0.2467 0.8170 -0.5212
vn -0.8789 0.3533 -0.3206
vn -0.9468 -0.3177 0.0507
vn -0.4660 -0.7661 0.4426
vn 0.2866 -0.7661 0.5753
vn 0.8724 -0.3177 0.3715
vn 0.4675 0.7604 -0.4508
vn -0.2744 0.7667 -0.5803
vn -0.8724 0.3177 -0.3715
vn -0.9500 -0.3048 0.0675
vn -0.4739 -0.7357 0.4838
vn 0.2798 -0.7357 0.6167
vn 0.8696 -0.3048 0.3884
vn 0.9500 0.3048 -0.0675
vn 0.4739 0.7357 -0.4838
vn -0.2798 0.7357 -0.6167
vn -0.8696 0.3048 -0.3884
vn -0.1375 0.6081 0.7818
vn -0.1375 0.6082 0.7818
vn -0.1375 0.6080 0.7819
vn -0.1375 0.6080 0.7820
vn -0.1376 0.6090 0.7811
vn -0.1373 0.6088 0.7813
vn -0.1374 0.6089 0.7813
vn -0.1377 0.6088 0.7813
vn -0.1375 0.6089 0.7813
vn -0.1379 0.6087 0.7814
vn -0.1380 0.6086 0.7814
vn -0.1379 0.6080 0.7819
vn -0.1381 0.6078 0.7820
vn -0.1381 0.6079 0.7819
vn -0.1376 0.6080 0.7820
vn -0.1377 0.6079 0.7819
vn -0.1376 0.6081 0.7819
vn -0.1377 0.6081 0.7819
vn -0.1373 0.6089 0.7812
vn -0.1372 0.6089 0.7813
vn -0.1379 0.6087 0.7813
vn -0.1376 0.6089 0.7813
vn -0.1378 0.6088 0.7813
vn -0.1382 0.6078 0.7819
vn -0.1382 0.6078 0.7820
vn -0.1381 0.6080 0.7818
vn 0.4627 0.7774 -0.4261
vn 0.9503 0.3036 -0.0690
vn 0.4745 0.7329 -0.4875
vn -0.2792 0.7329 -0.6204
vn -0.8694 0.3036 -0.3899
vn -0.9503 -0.3036 0.0690
vn -0.4745 -0.7329 0.4875
vn 0.2792 -0.7329 0.6204
vn 0.8694 -0.3036 0.3899
vn 0.1367 -0.6165 -0.7754
vn -0.1378 0.6083 0.7817
vn 0.9457 0.3203 -0.0554
vn -0.2403 0.9568 -0.1634
vn 0.0094 0.9349 -0.3548
vn -0.2543 0.9344 0.2496
vn -0.2547 0.9469 0.1962
vn -0.1932 0.9140 0.3568
vn -0.1252 0.9006 0.4162
vn -0.3241 0.8629 0.3878
vn 0.2905 0.9526 -0.0900
vn 0.1826 0.9689 0.1670
vn 0.1814 0.9665 0.1813
vn -0.0632 0.8370 -0.5436
vn 0.4034 0.9070 -0.1211
vn -0.0966 0.5568 -0.8250
vn -0.3062 0.7607 -0.5723
vn -0.2725 0.7564 -0.5947
vn -0.2108 0.6230 -0.7533
vn -0.6309 0.7712 -0.0847
vn -0.5475 0.8189 0.1721
vn -0.5478 0.8195 0.1683
vn -0.4541 0.8471 0.2759
vn -0.4508 0.8461 0.2845
vn -0.1965 0.9114 0.3615
vn -0.1150 0.8945 0.4320
vn -0.1306 0.8889 0.4391
vn 0.0157 0.8933 0.4492
vn -0.2677 0.5643 0.7810
vn 0.4725 0.7814 0.4076
vn 0.5013 0.8462 0.1807
vn 0.5253 0.8424 0.1200
vn 0.5598 0.7463 0.3601
vn 0.6071 0.7685 -0.2020
vn 0.7641 0.6441 0.0368
vn 0.4731 0.5827 -0.6608
vn 0.0376 0.7174 -0.6956
vn 0.1837 0.7729 -0.6073
vn 0.5281 0.4902 -0.6934
vn -0.2148 0.3931 -0.8940
vn -0.1139 0.2151 -0.9699
vn -0.4655 0.2477 -0.8497
vn -0.4325 0.1781 -0.8839
vn -0.7969 0.2266 -0.5601
vn -0.7694 0.6259 -0.1273
vn -0.7666 0.6093 0.2027
vn -0.7379 0.6341 0.2313
vn -0.4605 0.5345 0.7086
vn -0.7505 0.2198 0.6233
vn -0.2842 0.1961 0.9385
vn -0.2338 0.2715 0.9336
vn 0.2715 0.2616 0.9262
vn 0.0773 -0.0644 0.9949
vn 0.3468 -0.0739 0.9350
vn 0.6161 0.5089 0.6012
vn 0.7354 0.5321 0.4196
vn 0.6868 0.7049 0.1771
vn 0.6759 0.6673 -0.3129
vn 0.7482 0.6144 -0.2505
vn 0.4276 0.4945 -0.7568
vn 0.5356 0.3940 -0.7469
vn 0.2805 0.3601 -0.8897
vn 0.2511 0.3989 -0.8820
vn -0.2550 -0.0817 -0.9635
vn -0.2320 -0.1201 -0.9653
vn -0.4837 -0.1307 -0.8654
vn -0.4756 -0.1420 -0.8681
vn -0.8732 -0.1780 -0.4538
vn -0.7777 -0.3107 -0.5466
vn -0.8460 -0.3169 0.4288
vn -0.8228 -0.5250 0.2175
vn -0.4856 -0.4272 0.7627
vn -0.4893 -0.4400 0.7530
vn -0.2585 -0.4030 0.8779
vn -0.2639 -0.4135 0.8714
vn 0.0406 -0.4219 0.9057
vn 0.2808 -0.0589 0.9579
vn 0.6059 -0.0636 0.7930
vn 0.3154 -0.4209 0.8505
vn 0.7303 -0.5545 0.3990
vn 0.7163 -0.5656 0.4087
vn 0.7610 -0.5704 -0.3090
vn 0.7701 -0.5289 -0.3566
vn 0.5200 -0.4487 -0.7268
vn 0.4699 -0.2959 -0.8316
vn 0.4114 -0.2901 -0.8640
vn 0.2997 -0.0831 -0.9504
vn -0.0351 -0.8875 -0.4595
vn -0.1979 -0.8104 -0.5515
vn -0.2935 -0.8231 -0.4862
vn -0.2693 -0.8295 -0.4892
vn -0.4373 -0.8822 -0.1746
vn -0.3964 -0.8924 -0.2158
vn -0.4094 -0.8599 0.3050
vn -0.3923 -0.8902 0.2317
vn -0.3611 -0.8788 0.3119
vn -0.3315 -0.7737 0.5399
vn -0.2894 -0.7664 0.5735
vn -0.2143 -0.6852 0.6961
vn 0.2985 -0.6559 0.6933
vn 0.0072 -0.8387 0.5445
vn 0.2467 -0.8889 0.3860
vn 0.3384 -0.8655 0.3694
vn 0.4556 -0.8817 0.1223
vn 0.3690 -0.9049 0.2123
vn 0.3726 -0.9098 0.1827
vn 0.5129 -0.8312 -0.2144
vn 0.4531 -0.8133 -0.3649
vn 0.4171 -0.6959 -0.5846
vn 0.0344 -0.5875 -0.8085
vn 0.2769 -0.8600 -0.4286
vn -0.0216 -0.9391 -0.3430
vn -0.1537 -0.9574 -0.2445
vn -0.2294 -0.9701 -0.0788
vn -0.2395 -0.9425 0.2333
vn -0.2585 -0.9491 0.1799
vn -0.2044 -0.9505 0.2342
vn 0.2424 -0.9362 0.2544
vn 0.1930 -0.9362 0.2939
vn 0.3022 -0.9516 0.0558
vn 0.2898 -0.9365 0.1974
vn 0.2158 -0.9741 -0.0671
vn -0.0752 -0.9357 -0.3446
vn 0.0221 0.9682 -0.2492
vn 0.2372 0.9667 -0.0958
vn -0.2521 0.9569 -0.1444
vn -0.2160 0.9633 -0.1591
vn -0.3053 0.9502 -0.0621
vn -0.3238 0.9460 0.0143
vn -0.3780 0.9103 -0.1688
vn 0.1586 0.9628 0.2187
vn -0.0443 0.9785 0.2013
vn -0.0540 0.9773 0.2046
vn 0.3527 0.9085 -0.2242
vn 0.2199 0.9257 0.3078
vn 0.6105 0.6898 -0.3892
vn 0.2870 0.8400 -0.4605
vn 0.3175 0.8404 -0.4392
vn 0.4856 0.7416 -0.4628
vn -0.1688 0.8029 -0.5718
vn -0.3092 0.8516 -0.4233
vn -0.3066 0.8519 -0.4245
vn -0.3461 0.8844 -0.3131
vn -0.3510 0.8843 -0.3080
vn -0.3100 0.9486 -0.0636
vn -0.3318 0.9429 0.0281
vn -0.3430 0.9392 0.0166
vn -0.2967 0.9434 0.1482
vn -0.7224 0.6915 -0.0020
vn -0.1044 0.8334 0.5427
vn 0.0584 0.8734 0.4836
vn 0.1066 0.8678 0.4854
vn -0.0402 0.7951 0.6052
vn 0.3541 0.8079 0.4711
vn 0.2527 0.6829 0.6854
vn 0.6862 0.6855 0.2432
vn 0.5268 0.8282 -0.1914
vn 0.5031 0.8639 -0.0213
vn 0.7513 0.5912 0.2933
vn 0.6475 0.5129 -0.5637
vn 0.8045 0.2988 -0.5133
vn 0.4925 0.3192 -0.8096
vn 0.5468 0.2345 -0.8037
vn 0.0980 0.2645 -0.9594
vn -0.1942 0.6661 -0.7201
vn -0.4220 0.6563 -0.6255
vn -0.4308 0.6824 -0.5906
vn -0.7335 0.6432 -0.2198
vn -0.7951 0.2670 -0.5445
vn -0.9617 0.2711 0.0405
vn -0.9236 0.3714 0.0955
vn -0.6680 0.3514 0.6560
vn -0.8653 -0.0917 0.4928
vn -0.6497 -0.1006 0.7535
vn -0.1981 0.5855 0.7861
vn -0.0172 0.5884 0.8084
vn 0.1291 0.7436 0.6560
vn 0.4660 0.7213 0.5124
vn 0.4499 0.6644 0.5968
vn 0.7741 0.6086 0.1743
vn 0.8212 0.4905 0.2916
vn 0.8786 0.4770 -0.0245
vn 0.8505 0.5233 -0.0536
vn 0.7308 -0.1133 -0.6731
vn 0.7437 -0.1666 -0.6474
vn 0.5043 -0.1707 -0.8465
vn 0.5107 -0.1857 -0.8395
vn -0.0113 -0.2037 -0.9790
vn 0.0949 -0.3595 -0.9283
vn -0.6472 -0.3641 -0.6697
vn -0.4586 -0.5724 -0.6797
vn -0.8133 -0.5325 -0.2345
vn -0.8029 -0.5454 -0.2406
vn -0.8484 -0.5275 0.0438
vn -0.8417 -0.5388 0.0354
vn -0.7400 -0.5541 0.3814
vn -0.7112 -0.0814 0.6983
vn -0.3771 -0.0805 0.9227
vn -0.5517 -0.5350 0.6399
vn -0.0046 -0.6096 0.7927
vn -0.0166 -0.6219 0.7829
vn 0.5015 -0.6250 0.5982
vn 0.5448 -0.5867 0.5991
vn 0.7870 -0.5505 0.2784
vn 0.9002 -0.3855 0.2027
vn 0.9145 -0.3835 0.1292
vn 0.9928 -0.1164 -0.0277
vn 0.2974 -0.9397 -0.1687
vn 0.3095 -0.8841 -0.3502
vn 0.2248 -0.8838 -0.4103
vn 0.2357 -0.8904 -0.3894
vn -0.0395 -0.9048 -0.4241
vn 0.0018 -0.9159 -0.4014
vn -0.3497 -0.8984 -0.2658
vn -0.2910 -0.9181 -0.2691
vn -0.3361 -0.9155 -0.2211
vn -0.5045 -0.8527 -0.1356
vn -0.5165 -0.8518 -0.0872
vn -0.6023 -0.7980 0.0219
vn -0.3939 -0.7606 0.5160
vn -0.3742 -0.9109 0.1740
vn -0.1689 -0.9291 0.3289
vn -0.1251 -0.9060 0.4044
vn 0.0800 -0.9023 0.4236
vn -0.0091 -0.9265 0.3761
vn 0.0114 -0.9291 0.3696
vn 0.3253 -0.8654 0.3813
vn 0.4118 -0.8636 0.2908
vn 0.5826 -0.7864 0.2053
vn 0.6474 -0.7214 -0.2461
vn 0.3908 -0.9131 0.1158
vn 0.2179 -0.9687 -0.1188
vn 0.1050 -0.9740 -0.2006
vn -0.0285 -0.9763 -0.2147
vn -0.2356 -0.9623 -0.1361
vn -0.2065 -0.9641 -0.1668
vn -0.2236 -0.9689 -0.1058
vn -0.0808 -0.9566 0.2798
vn -0.1243 -0.9602 0.2502
vn 0.0686 -0.9604 0.2699
vn -0.0270 -0.9528 0.3023
vn 0.1174 -0.9799 0.1615
vn 0.2001 -0.9657 -0.1654
vn 0.0490 0.9674 -0.2483
vn 0.2892 0.9504 -0.1142
vn -0.2884 0.9501 -0.1193
vn -0.2447 0.9598 -0.1375
vn -0.3557 0.9340 -0.0334
vn -0.3816 0.9234 0.0422
vn -0.4312 0.8928 -0.1304
vn 0.1714 0.9642 0.2023
vn -0.0713 0.9766 0.2027
vn -0.0832 0.9748 0.2067
vn 0.4263 0.8713 -0.2431
vn 0.2377 0.9284 0.2855
vn 0.6852 0.6141 -0.3916
vn 0.3710 0.8057 -0.4617
vn 0.4022 0.8019 -0.4417
vn 0.5731 0.6789 -0.4591
vn -0.1541 0.8149 -0.5587
vn -0.3358 0.8560 -0.3930
vn -0.3327 0.8566 -0.3944
vn -0.3863 0.8798 -0.2771
vn -0.3923 0.8789 -0.2714
vn -0.3609 0.9320 -0.0345
vn -0.3915 0.9185 0.0561
vn -0.4032 0.9140 0.0459
vn -0.3602 0.9175 0.1685
vn -0.7813 0.6216 0.0566
vn -0.1725 0.8239 0.5399
vn 0.0270 0.8790 0.4761
vn 0.0854 0.8759 0.4749
vn -0.1025 0.7930 0.6006
vn 0.3860 0.8126 0.4367
vn 0.2482 0.6990 0.6707
vn 0.7503 0.6397 0.1669
vn 0.6030 0.7670 -0.2192
vn 0.5740 0.8164 -0.0627
vn 0.8117 0.5466 0.2058
vn 0.7193 0.4446 -0.5338
vn 0.8410 0.2477 -0.4809
vn 0.5931 0.2845 -0.7532
vn 0.6403 0.2056 -0.7401
vn 0.2013 0.2607 -0.9442
vn -0.1729 0.6816 -0.7110
vn -0.4581 0.6657 -0.5891
vn -0.4701 0.6895 -0.5511
vn -0.7940 0.5918 -0.1394
vn -0.8603 0.2530 -0.4426
vn -0.9684 0.2261 0.1055
vn -0.9386 0.3112 0.1487
vn -0.7371 0.3001 0.6055
vn -0.8845 -0.0747 0.4606
vn -0.7237 -0.0857 0.6847
vn -0.2986 0.5658 0.7686
vn -0.0935 0.5893 0.8025
vn 0.0980 0.7556 0.6476
vn 0.5143 0.7208 0.4646
vn 0.4923 0.6706 0.5550
vn 0.8293 0.5510 0.0931
vn 0.8738 0.4455 0.1950
vn 0.9083 0.4089 -0.0885
vn 0.8857 0.4507 -0.1115
vn 0.7857 -0.0947 -0.6114
vn 0.7953 -0.1390 -0.5901
vn 0.6050 -0.1512 -0.7818
vn 0.6103 -0.1642 -0.7750
vn 0.0750 -0.2054 -0.9758
vn 0.1950 -0.3547 -0.9144
vn -0.7136 -0.3616 -0.6000
vn -0.4992 -0.5822 -0.6418
vn -0.8649 -0.4809 -0.1435
vn -0.8562 -0.4944 -0.1503
vn -0.8844 -0.4552 0.1032
vn -0.8794 -0.4663 0.0958
vn -0.7932 -0.4753 0.3806
vn -0.7709 -0.0683 0.6333
vn -0.4919 -0.0737 0.8675
vn -0.6395 -0.4742 0.6051
vn -0.0770 -0.6118 0.7873
vn -0.0905 -0.6228 0.7771
vn 0.5521 -0.6276 0.5490
vn 0.6012 -0.5861 0.5431
vn 0.8434 -0.5036 0.1872
vn 0.9351 -0.3384 0.1050
vn 0.9425 -0.3319 0.0394
vn 0.9907 -0.0964 -0.0965
vn 0.3624 -0.9128 -0.1881
vn 0.3879 -0.8488 -0.3593
vn 0.2990 -0.8596 -0.4144
vn 0.3096 -0.8650 -0.3948
vn -0.0095 -0.9086 -0.4177
vn 0.0383 -0.9168 -0.3976
vn -0.3934 -0.8903 -0.2294
vn -0.3249 -0.9150 -0.2393
vn -0.3805 -0.9058 -0.1865
vn -0.5701 -0.8171 -0.0851
vn -0.5842 -0.8107 -0.0379
vn -0.6717 -0.7375 0.0700
vn -0.4859 -0.7101 0.5095
vn -0.4465 -0.8728 0.1972
vn -0.2290 -0.9140 0.3350
vn -0.1846 -0.8949 0.4062
vn 0.0585 -0.9082 0.4145
vn -0.0448 -0.9268 0.3729
vn -0.0195 -0.9307 0.3652
vn 0.3576 -0.8665 0.3483
vn 0.4628 -0.8513 0.2470
vn 0.6488 -0.7474 0.1432
vn 0.7157 -0.6444 -0.2694
vn 0.4485 -0.8904 0.0774
vn 0.2687 -0.9537 -0.1350
vn 0.1435 -0.9679 -0.2066
vn -0.0151 -0.9776 -0.2101
vn -0.2697 -0.9563 -0.1127
vn -0.2328 -0.9615 -0.1460
vn -0.2578 -0.9625 -0.0840
vn -0.1218 -0.9515 0.2826
vn -0.1705 -0.9514 0.2563
vn 0.0585 -0.9634 0.2616
vn -0.0596 -0.9517 0.3011
vn 0.1269 -0.9806 0.1493
vn 0.2518 -0.9511 -0.1788
vn 0.2497 -0.5204 0.8166
vn 0.2499 -0.5201 0.8167
vn 0.2508 -0.5190 0.8172
vn 0.2500 -0.5200 0.8168
vn 0.2513 -0.5104 0.8224
vn 0.2502 -0.5109 0.8224
vn 0.2540 -0.5095 0.8222
vn 0.2589 -0.5111 0.8196
vn 0.2581 -0.5106 0.8202
vn 0.2556 -0.5096 0.8216
vn 0.2577 -0.5104 0.8204
vn 0.2562 -0.5202 0.8147
vn 0.2563 -0.5206 0.8144
vn 0.2562 -0.5203 0.8147
vn 0.2557 -0.5191 0.8156
vn 0.2507 -0.5191 0.8171
vn 0.2496 -0.5205 0.8166
vn 0.2533 -0.5097 0.8222
vn 0.2510 -0.5105 0.8224
vn 0.2501 -0.5109 0.8224
vn 0.2579 -0.5105 0.8203
vn 0.2562 -0.5098 0.8213
vn 0.2584 -0.5107 0.8200
vn 0.2590 -0.5111 0.8196
vn 0.2558 -0.5192 0.8155
vn 0.2563 -0.5204 0.8146
vn 0.2564 -0.5206 0.8144
vn 0.8256 -0.1733 -0.5369
vn 0.8258 -0.1731 -0.5368
vn 0.8009 -0.2299 -0.5529
vn 0.8008 -0.2300 -0.5530
vn 0.2265 -0.6879 -0.6896
vn 0.2268 -0.6878 -0.6896
vn 0.1989 -0.7004 -0.6855
vn 0.1988 -0.7004 -0.6855
vn -0.5714 -0.6872 -0.4485
vn -0.5712 -0.6873 -0.4487
vn -0.5508 -0.6972 -0.4589
vn -0.5508 -0.6971 -0.4589
vn -0.9853 -0.1699 0.0201
vn -0.9852 -0.1701 0.0199
vn -0.9741 -0.2262 -0.0082
vn -0.9741 -0.2261 -0.0082
vn -0.7994 0.4607 0.3857
vn -0.7995 0.4605 0.3856
vn -0.8308 0.4117 0.3744
vn -0.8308 0.4118 0.3744
vn -0.2148 0.8567 0.4690
vn -0.2150 0.8566 0.4690
vn -0.2384 0.8480 0.4734
vn -0.2384 0.8480 0.4733
vn 0.4479 0.8557 0.2590
vn 0.4477 0.8558 0.2591
vn 0.4653 0.8489 0.2506
vn 0.4654 0.8489 0.2506
vn 0.8769 0.4604 -0.1378
vn 0.8768 0.4607 -0.1376
vn 0.8959 0.4126 -0.1647
vn 0.8960 0.4125 -0.1647
vn 0.8345 -0.2307 -0.5005
vn 0.8341 -0.2313 -0.5008
vn 0.8158 -0.2706 -0.5111
vn 0.8159 -0.2705 -0.5111
vn 0.2322 -0.7343 -0.6378
vn 0.2313 -0.7347 -0.6378
vn 0.2129 -0.7428 -0.6348
vn 0.2130 -0.7427 -0.6348
vn -0.5481 -0.7345 -0.4002
vn -0.5491 -0.7340 -0.3996
vn -0.5342 -0.7409 -0.4071
vn -0.5340 -0.7410 -0.4071
vn -0.9717 -0.2293 0.0567
vn -0.9719 -0.2281 0.0575
vn -0.9626 -0.2683 0.0371
vn -0.9626 -0.2685 0.0370
vn -0.7796 0.4676 0.4166
vn -0.7847 0.4591 0.4165
vn -0.7898 0.4504 0.4164
vn -0.7896 0.4505 0.4167
vn -0.2304 0.8544 0.4657
vn -0.2305 0.8544 0.4657
vn -0.2446 0.8491 0.4682
vn 0.4534 0.8404 0.2970
vn 0.4502 0.8418 0.2979
vn 0.4504 0.8417 0.2977
vn 0.4508 0.8415 0.2977
vn 0.9034 0.4154 -0.1065
vn 0.9037 0.4147 -0.1070
vn 0.9166 0.3795 -0.1259
vn 0.9165 0.3797 -0.1259
vn 0.8149 -0.3135 -0.4876
vn 0.2261 -0.7968 -0.5603
vn -0.5036 -0.7968 -0.3339
vn -0.9477 -0.3135 0.0594
vn -0.7840 0.4402 0.4377
vn 0.4293 0.8654 0.2583
vn 0.9159 0.3696 -0.1568
vn 0.8298 -0.3402 -0.4424
vn 0.2387 -0.8202 -0.5200
vn -0.4911 -0.8202 -0.2935
vn -0.9345 -0.3402 0.1051
vn -0.2361 0.8154 0.5286
vn 0.4826 0.8216 0.3034
vn 0.9345 0.3402 -0.1051
vn 0.8245 -0.3292 -0.4602
vn 0.2259 -0.7948 -0.5633
vn -0.5051 -0.7948 -0.3365
vn -0.9402 -0.3292 0.0875
vn -0.8245 0.3292 0.4602
vn -0.2259 0.7948 0.5633
vn 0.5051 0.7948 0.3365
vn 0.9402 0.3292 -0.0875
vn -0.2549 0.5133 -0.8195
vn -0.2549 0.5135 -0.8194
vn -0.2549 0.5132 -0.8195
vn -0.2543 0.5148 -0.8188
vn -0.2546 0.5146 -0.8187
vn -0.2547 0.5146 -0.8187
vn -0.2537 0.5146 -0.8190
vn -0.2540 0.5147 -0.8189
vn -0.2537 0.5145 -0.8191
vn -0.2536 0.5145 -0.8191
vn -0.2540 0.5134 -0.8197
vn -0.2539 0.5133 -0.8198
vn -0.2539 0.5132 -0.8199
vn -0.2548 0.5132 -0.8196
vn -0.2547 0.5132 -0.8196
vn -0.2548 0.5134 -0.8195
vn -0.2547 0.5133 -0.8196
vn -0.2546 0.5147 -0.8187
vn -0.2548 0.5146 -0.8187
vn -0.2543 0.5148 -0.8187
vn -0.2536 0.5146 -0.8191
vn -0.2539 0.5147 -0.8189
vn -0.2538 0.5133 -0.8198
vn -0.2538 0.5132 -0.8199
vn -0.2538 0.5134 -0.8198
vn -0.2437 0.8294 0.5026
vn -0.8240 0.3282 0.4618
vn -0.2247 0.7924 0.5672
vn 0.5063 0.7924 0.3403
vn 0.9407 0.3282 -0.0859
vn 0.8240 -0.3282 -0.4618
vn 0.2247 -0.7924 -0.5672
vn -0.5063 -0.7924 -0.3403
vn -0.9407 -0.3282 0.0859
vn 0.2527 -0.5225 0.8143
vn -0.2543 0.5136 -0.8195
vn -0.8267 0.3432 0.4458
vn 0.6916 -0.7125 -0.1182
vn 0.6924 -0.7117 -0.1187
vn 0.6935 -0.7104 -0.1196
vn 0.6914 -0.7127 -0.1181
vn 0.6935 -0.7105 -0.1190
vn 0.6930 -0.7112 -0.1181
vn 0.6943 -0.7095 -0.1207
vn 0.6949 -0.7085 -0.1229
vn 0.6945 -0.7098 -0.1176
vn 0.6952 -0.7093 -0.1164
vn 0.6960 -0.7089 -0.1140
vn 0.6947 -0.7096 -0.1173
vn 0.6930 -0.7117 -0.1152
vn 0.6930 -0.7116 -0.1152
vn 0.6940 -0.7107 -0.1148
vn 0.6945 -0.7103 -0.1145
vn 0.6915 -0.7126 -0.1181
vn 0.6934 -0.7106 -0.1195
vn 0.6925 -0.7116 -0.1187
vn 0.6917 -0.7125 -0.1182
vn 0.6947 -0.7089 -0.1219
vn 0.6941 -0.7098 -0.1202
vn 0.6929 -0.7114 -0.1179
vn 0.6933 -0.7109 -0.1185
vn 0.6947 -0.7097 -0.1174
vn 0.6959 -0.7090 -0.1146
vn 0.6951 -0.7094 -0.1166
vn 0.6943 -0.7105 -0.1146
vn 0.6937 -0.7110 -0.1149
vn 0.6928 -0.7119 -0.1153
vn 0.6931 -0.7116 -0.1152
vn -0.4606 0.0546 -0.8859
vn -0.4603 0.0549 -0.8861
vn -0.4906 0.0147 -0.8713
vn -0.4906 0.0146 -0.8713
vn -0.8150 -0.4416 -0.3751
vn -0.8150 -0.4416 -0.3753
vn -0.8170 -0.4500 -0.3607
vn -0.7302 -0.5469 0.4096
vn -0.7339 -0.5519 0.3960
vn -0.3045 -0.1335 0.9431
vn -0.3047 -0.1337 0.9430
vn -0.3312 -0.1706 0.9280
vn 0.2162 0.3994 0.8909
vn 0.2160 0.3992 0.8911
vn 0.1892 0.3651 0.9116
vn 0.1892 0.3651 0.9115
vn 0.5585 0.7374 0.3798
vn 0.5585 0.7374 0.3799
vn 0.5555 0.7328 0.3929
vn 0.5300 0.7789 -0.3353
vn 0.5300 0.7789 -0.3352
vn 0.5264 0.7758 -0.3478
vn 0.0957 0.5314 -0.8417
vn 0.0959 0.5315 -0.8416
vn 0.0674 0.5043 -0.8609
vn -0.4178 -0.0299 -0.9080
vn -0.4186 -0.0308 -0.9077
vn -0.4390 -0.0586 -0.8966
vn -0.4389 -0.0585 -0.8966
vn -0.7692 -0.5118 -0.3825
vn -0.7693 -0.5120 -0.3822
vn -0.7705 -0.5170 -0.3729
vn -0.7705 -0.5170 -0.3728
vn -0.6897 -0.6044 0.3988
vn -0.6896 -0.6043 0.3990
vn -0.6923 -0.6077 0.3891
vn -0.6923 -0.6077 0.3892
vn -0.2639 -0.2121 0.9409
vn -0.2632 -0.2114 0.9413
vn -0.2829 -0.2375 0.9293
vn -0.2828 -0.2375 0.9293
vn 0.2705 0.3680 0.8896
vn 0.2714 0.3577 0.8935
vn 0.2649 0.3519 0.8978
vn 0.2689 0.3500 0.8973
vn 0.5707 0.7235 0.3885
vn 0.5706 0.7234 0.3887
vn 0.5692 0.7209 0.3954
vn 0.5692 0.7210 0.3953
vn 0.5765 0.7525 -0.3185
vn 0.5780 0.7517 -0.3177
vn 0.5787 0.7463 -0.3288
vn 0.5793 0.7462 -0.3280
vn 0.1412 0.4704 -0.8711
vn 0.1408 0.4700 -0.8713
vn 0.1208 0.4493 -0.8852
vn -0.3660 -0.1682 -0.9153
vn -0.6802 -0.6230 -0.3862
vn -0.6211 -0.6895 0.3726
vn -0.2232 -0.3289 0.9176
vn 0.3570 0.3038 0.8833
vn 0.5510 0.7745 -0.3108
vn 0.1384 0.4078 -0.9025
vn -0.3268 -0.2054 -0.9225
vn -0.6452 -0.6558 -0.3919
vn -0.5861 -0.7223 0.3671
vn -0.1838 -0.3662 0.9122
vn 0.6527 0.6490 0.3908
vn 0.5940 0.7211 -0.3567
vn 0.1838 0.3662 -0.9122
vn -0.3420 -0.1903 -0.9202
vn -0.6826 -0.6203 -0.3865
vn -0.6233 -0.6869 0.3737
vn -0.1990 -0.3512 0.9149
vn 0.3420 0.1903 0.9202
vn 0.6826 0.6203 0.3865
vn 0.6233 0.6869 -0.3737
vn 0.1990 0.3512 -0.9149
vn -0.7007 0.7040 0.1161
vn -0.7004 0.7043 0.1161
vn -0.7005 0.7041 0.1161
vn -0.7006 0.7040 0.1161
vn -0.7002 0.7046 0.1155
vn -0.7003 0.7044 0.1158
vn -0.7004 0.7042 0.1161
vn -0.7004 0.7043 0.1160
vn -0.7002 0.7044 0.1163
vn -0.7001 0.7045 0.1166
vn -0.7002 0.7044 0.1164
vn -0.7003 0.7044 0.1162
vn -0.7003 0.7043 0.1166
vn -0.7003 0.7043 0.1165
vn -0.7005 0.7041 0.1165
vn -0.7004 0.7041 0.1165
vn -0.7006 0.7041 0.1160
vn -0.7004 0.7042 0.1160
vn -0.7007 0.7040 0.1160
vn -0.7003 0.7044 0.1159
vn -0.7002 0.7046 0.1156
vn -0.7002 0.7044 0.1162
vn -0.7000 0.7045 0.1166
vn 0.6301 0.6692 0.3939
vn 0.3433 0.1889 0.9200
vn 0.6859 0.6170 0.3859
vn 0.6266 0.6836 -0.3742
vn 0.2003 0.3498 -0.9152
vn -0.3433 -0.1889 -0.9200
vn -0.6859 -0.6170 -0.3859
vn -0.6266 -0.6836 0.3742
vn -0.2003 -0.3498 0.9152
vn 0.6927 -0.7117 -0.1164
vn -0.7002 0.7045 0.1163
vn 0.3314 0.2075 0.9204
vn 0.0812 0.9606 -0.2659
vn 0.2120 0.9772 -0.0147
vn -0.1585 0.9534 -0.2568
vn -0.1264 0.9577 -0.2586
vn -0.2233 0.9564 -0.1882
vn -0.2597 0.9593 -0.1109
vn -0.2505 0.9090 -0.3330
vn 0.0661 0.9515 0.3004
vn -0.0864 0.9748 0.2055
vn -0.0949 0.9741 0.2055
vn 0.3419 0.9326 -0.1154
vn 0.0895 0.9046 0.4168
vn 0.6268 0.7496 -0.2126
vn 0.3460 0.8471 -0.4034
vn 0.3669 0.8534 -0.3701
vn 0.5242 0.7797 -0.3425
vn 0.0156 0.7538 -0.6570
vn -0.1257 0.8158 -0.5645
vn -0.1235 0.8160 -0.5647
vn -0.1841 0.8634 -0.4698
vn -0.1892 0.8640 -0.4666
vn -0.2266 0.9549 -0.1918
vn -0.2701 0.9578 -0.0987
vn -0.2760 0.9541 -0.1161
vn -0.2745 0.9603 0.0506
vn -0.6018 0.7396 -0.3013
vn -0.2158 0.8097 0.5457
vn -0.0768 0.8397 0.5376
vn -0.0410 0.8308 0.5551
vn -0.1797 0.7588 0.6260
vn 0.1459 0.7662 0.6258
vn 0.0175 0.6225 0.7824
vn 0.4769 0.6928 0.5409
vn 0.4857 0.8741 -0.0091
vn 0.4116 0.8941 0.1769
vn 0.5125 0.5945 0.6196
vn 0.7156 0.5639 -0.4123
vn 0.8874 0.3487 -0.3015
vn 0.6075 0.3266 -0.7241
vn 0.6615 0.2444 -0.7091
vn 0.2933 0.2385 -0.9258
vn 0.0322 0.6058 -0.7950
vn -0.1527 0.6007 -0.7847
vn -0.1685 0.6297 -0.7584
vn -0.5262 0.6575 -0.5393
vn -0.4499 0.2510 -0.8571
vn -0.8729 0.3114 -0.3756
vn -0.8567 0.4272 -0.2891
vn -0.7624 0.3878 0.5181
vn -0.9609 -0.1099 0.2541
vn -0.7636 -0.1095 0.6363
vn -0.3409 0.5572 0.7571
vn -0.2046 0.5397 0.8166
vn -0.0644 0.6896 0.7214
vn 0.2163 0.6774 0.7031
vn 0.1804 0.6119 0.7701
vn 0.5804 0.6328 0.5125
vn 0.5730 0.4979 0.6509
vn 0.7713 0.5323 0.3489
vn 0.7545 0.5834 0.3005
vn 0.8415 -0.1281 -0.5248
vn 0.8507 -0.1897 -0.4902
vn 0.6258 -0.1744 -0.7602
vn 0.6310 -0.1903 -0.7521
vn 0.2156 -0.1792 -0.9599
vn 0.2855 -0.3261 -0.9012
vn -0.2984 -0.3285 -0.8961
vn -0.1635 -0.5165 -0.8405
vn -0.5904 -0.5485 -0.5921
vn -0.5785 -0.5600 -0.5930
vn -0.7479 -0.5865 -0.3109
vn -0.7370 -0.5969 -0.3171
vn -0.7639 -0.6265 0.1548
vn -0.8237 -0.0911 0.5597
vn -0.5175 -0.0781 0.8521
vn -0.6324 -0.5677 0.5270
vn -0.1920 -0.5598 0.8061
vn -0.1991 -0.5732 0.7948
vn 0.2169 -0.5749 0.7890
vn 0.2476 -0.5394 0.8049
vn 0.5489 -0.5583 0.6221
vn 0.6848 -0.4067 0.6047
vn 0.7344 -0.4146 0.5374
vn 0.9028 -0.1346 0.4084
vn 0.2807 -0.9570 -0.0735
vn 0.3382 -0.9004 -0.2738
vn 0.2822 -0.8856 -0.3690
vn 0.2861 -0.8948 -0.3426
vn 0.0769 -0.8784 -0.4717
vn 0.1031 -0.8948 -0.4345
vn -0.2003 -0.8836 -0.4232
vn -0.1542 -0.9017 -0.4039
vn -0.2025 -0.9061 -0.3715
vn -0.3627 -0.8637 -0.3501
vn -0.3883 -0.8703 -0.3030
vn -0.4992 -0.8383 -0.2193
vn -0.4524 -0.7806 0.4312
vn -0.3464 -0.9368 0.0497
vn -0.2169 -0.9291 0.2996
vn -0.2002 -0.8962 0.3960
vn -0.0460 -0.8734 0.4849
vn -0.1026 -0.9083 0.4056
vn -0.0851 -0.9099 0.4060
vn 0.1492 -0.8350 0.5296
vn 0.2410 -0.8475 0.4730
vn 0.4040 -0.7926 0.4567
vn 0.6187 -0.7852 -0.0246
vn 0.2764 -0.9189 0.2814
vn 0.2026 -0.9781 -0.0480
vn 0.1339 -0.9741 -0.1820
vn 0.0332 -0.9684 -0.2472
vn -0.1479 -0.9591 -0.2413
vn -0.1169 -0.9576 -0.2632
vn -0.1467 -0.9680 -0.2037
vn -0.1348 -0.9512 0.2777
vn -0.1617 -0.9598 0.2294
vn -0.0163 -0.9468 0.3214
vn -0.0983 -0.9419 0.3213
vn 0.0493 -0.9735 0.2232
vn 0.2005 -0.9738 -0.1070
vn 0.2188 0.9568 0.1913
vn -0.0522 0.9349 0.3511
vn 0.2826 0.9344 -0.2170
vn 0.2765 0.9469 -0.1640
vn 0.2348 0.9140 -0.3309
vn 0.1746 0.9006 -0.3980
vn 0.3686 0.8629 -0.3458
vn -0.2993 0.9526 0.0542
vn -0.1611 0.9689 -0.1879
vn -0.1582 0.9665 -0.2019
vn -0.0029 0.8370 0.5473
vn -0.4151 0.9070 0.0715
vn -0.0037 0.5568 0.8306
vn 0.2349 0.7607 0.6051
vn 0.1987 0.7564 0.6232
vn 0.1183 0.6230 0.7732
vn 0.6161 0.7712 0.1603
vn 0.5643 0.8189 -0.1047
vn 0.5641 0.8195 -0.1009
vn 0.4841 0.8471 -0.2191
vn 0.4818 0.8461 -0.2279
vn 0.2387 0.9114 -0.3352
vn 0.1663 0.8945 -0.4150
vn 0.1827 0.8889 -0.4201
vn 0.0386 0.8933 -0.4478
vn 0.3601 0.5643 -0.7429
vn -0.4198 0.7814 -0.4616
vn -0.4758 0.8462 -0.2399
vn -0.5069 0.8424 -0.1825
vn -0.5123 0.7463 -0.4250
vn -0.6271 0.7685 0.1273
vn -0.7541 0.6441 -0.1288
vn -0.5494 0.5827 0.5988
vn -0.1213 0.7174 0.6860
vn -0.2557 0.7729 0.5807
vn -0.6079 0.4902 0.6246
vn 0.1053 0.3931 0.9134
vn -0.0040 0.2151 0.9766
vn 0.3595 0.2477 0.8997
vn 0.3226 0.1781 0.9296
vn 0.7234 0.2266 0.6522
vn 0.7484 0.6259 0.2193
vn 0.7854 0.6093 -0.1086
vn 0.7604 0.6341 -0.1405
vn 0.5427 0.5345 -0.6478
vn 0.8203 0.2198 -0.5281
vn 0.3954 0.1961 -0.8973
vn 0.3448 0.2715 -0.8985
vn -0.1577 0.2616 -0.9522
vn 0.0434 -0.0644 -0.9970
vn -0.2314 -0.0739 -0.9701
vn -0.5390 0.5089 -0.6712
vn -0.6793 0.5321 -0.5053
vn -0.6604 0.7049 -0.2588
vn -0.7087 0.6673 0.2290
vn -0.7730 0.6144 0.1583
vn -0.5159 0.4945 0.6996
vn -0.6219 0.3940 0.6768
vn -0.3859 0.3601 0.8494
vn -0.3557 0.3989 0.8452
vn 0.1368 -0.0817 0.9872
vn 0.1137 -0.1201 0.9862
vn 0.3757 -0.1307 0.9175
vn 0.3673 -0.1420 0.9192
vn 0.8120 -0.1780 0.5559
vn 0.7060 -0.3107 0.6365
vn 0.8916 -0.3169 -0.3235
vn 0.8431 -0.5250 -0.1166
vn 0.5741 -0.4273 -0.6985
vn 0.5767 -0.4400 -0.6884
vn 0.3626 -0.4030 -0.8403
vn 0.3672 -0.4135 -0.8332
vn 0.0690 -0.4219 -0.9040
vn -0.1631 -0.0589 -0.9848
vn -0.5057 -0.0636 -0.8604
vn -0.2104 -0.4209 -0.8823
vn -0.6768 -0.5545 -0.4843
vn -0.6617 -0.5656 -0.4922
vn -0.7928 -0.5704 0.2148
vn -0.8076 -0.5289 0.2610
vn -0.6039 -0.4487 0.6587
vn -0.5669 -0.2960 0.7688
vn -0.5127 -0.2901 0.8080
vn -0.4122 -0.0831 0.9073
vn -0.0207 -0.8875 0.4604
vn 0.1299 -0.8104 0.5713
vn 0.2327 -0.8231 0.5181
vn 0.2083 -0.8295 0.5182
vn 0.4130 -0.8822 0.2261
vn 0.3674 -0.8924 0.2621
vn 0.4432 -0.8599 -0.2533
vn 0.4174 -0.8902 -0.1826
vn 0.3962 -0.8788 -0.2660
vn 0.3943 -0.7737 -0.4959
vn 0.3565 -0.7664 -0.5344
vn 0.2968 -0.6852 -0.6651
vn -0.2126 -0.6559 -0.7243
vn 0.0586 -0.8387 -0.5414
vn -0.1983 -0.8889 -0.4130
vn -0.2913 -0.8655 -0.4075
vn -0.4375 -0.8817 -0.1764
vn -0.3406 -0.9049 -0.2553
vn -0.3478 -0.9098 -0.2264
vn -0.5350 -0.8312 0.1509
vn -0.4939 -0.8133 0.3075
vn -0.4847 -0.6959 0.5299
vn -0.1318 -0.5875 0.7985
vn -0.3266 -0.8600 0.3921
vn -0.0199 -0.9391 0.3431
vn 0.1230 -0.9574 0.2612
vn 0.2182 -0.9701 0.1060
vn 0.2659 -0.9425 -0.2027
vn 0.2783 -0.9491 -0.1474
vn 0.2312 -0.9505 -0.2078
vn -0.2099 -0.9362 -0.2818
vn -0.1561 -0.9362 -0.3150
vn -0.2933 -0.9516 -0.0919
vn -0.2638 -0.9365 -0.2310
vn -0.2223 -0.9741 0.0406
vn 0.0331 -0.9357 0.3512
vt 0.000000 1.000000
vt 0.000000 0.833333
vt 0.083333 0.833333
vt 0.083333 1.000000
vt 0.166667 0.833333
vt 0.166667 1.000000
vt 0.250000 0.833333
vt 0.250000 1.000000
vt 0.333333 0.833333
vt 0.333333 1.000000
vt 0.416667 0.833333
vt 0.416667 1.000000
vt 0.500000 0.833333
vt 0.500000 1.000000
vt 0.583333 0.833333
vt 0.583333 1.000000
vt 0.666667 0.833333
vt 0.666667 1.000000
vt 0.750000 0.833333
vt 0.750000 1.000000
vt 0.833333 0.833333
vt 0.833333 1.000000
vt 0.916667 0.833333
vt 0.916667 1.000000
vt 1.000000 0.833333
vt 0.000000 0.666667
vt 0.083333 0.666667
vt 0.166667 0.666667
vt 0.250000 0.666667
vt 0.333333 0.666667
vt 0.416667 0.666667
vt 0.500000 0.666667
vt 0.583333 0.666667
vt 0.666667 0.666667
vt 0.750000 0.666667
vt 0.833333 0.666667
vt 0.916667 0.666667
vt 1.000000 0.666667
vt 0.000000 0.500000
vt 0.083333 0.500000
vt 0.166667 0.500000
vt 0.250000 0.500000
vt 0.333333 0.500000
vt 0.416667 0.500000
vt 0.500000 0.500000
vt 0.583333 0.500000
vt 0.666667 0.500000
vt 0.750000 0.500000
vt 0.833333 0.500000
vt 0.916667 0.500000
vt 1.000000 0.500000
vt 0.000000 0.333333
vt 0.083333 0.333333
vt 0.166667 0.333333
vt 0.250000 0.333333
vt 0.333333 0.333333
vt 0.416667 0.333333
vt 0.500000 0.333333
vt 0.583333 0.333333
vt 0.666667 0.333333
vt 0.750000 0.333333
vt 0.833333 0.333333
vt 0.916667 0.333333
vt 1.000000 0.333333
vt 0.000000 0.166667
vt 0.083333 0.166667
vt 0.166667 0.166667
vt 0.250000 0.166667
vt 0.333333 0.166667
vt 0.416667 0.166667
vt 0.500000 0.166667
vt 0.583333 0.166667
vt 0.666667 0.166667
vt 0.750000 0.166667
vt 0.833333 0.166667
vt 0.916667 0.166667
vt 1.000000 0.166667
vt 0.000000 0.000000
vt 0.083333 0.000000
vt 0.166667 0.000000
vt 0.250000 0.000000
vt 0.333333 0.000000
vt 0.416667 0.000000
vt 0.500000 0.000000
vt 0.583333 0.000000
vt 0.666667 0.000000
vt 0.750000 0.000000
vt 0.833333 0.000000
vt 0.916667 0.000000
vt 0.500000 0.000000
vt 0.805556 0.000000
vt 0.750000 0.000000
vt 0.861111 0.000000
vt 0.916667 0.000000
vt 0.972222 0.000000
vt 0.027778 0.000000
vt -0.027778 0.000000
vt 0.083333 0.000000
vt 0.138889 0.000000
vt 0.194444 0.000000
vt 0.250000 0.000000
vt 0.305556 0.000000
vt 0.361111 0.000000
vt 0.416667 0.000000
vt 0.472222 0.000000
vt 0.527778 0.000000
vt 0.583333 0.000000
vt 0.638889 0.000000
vt 0.694444 0.000000
vt 0.805556 1.000000
vt 0.750000 1.000000
vt 0.861111 1.000000
vt 0.916667 1.000000
vt 0.972222 1.000000
vt 0.027778 1.000000
vt -0.027778 1.000000
vt 0.083333 1.000000
vt 0.138889 1.000000
vt 0.194444 1.000000
vt 0.250000 1.000000
vt 0.305556 1.000000
vt 0.361111 1.000000
vt 0.416667 1.000000
vt 0.472222 1.000000
vt 0.527778 1.000000
vt 0.638889 1.000000
vt 0.694444 1.000000
vt 0.500000 1.000000
vt 0.875000 0.000000
vt -0.125000 0.000000
vt 0.000000 0.000000
vt 0.125000 0.000000
vt 0.250000 0.000000
vt 0.375000 0.000000
vt 0.625000 0.000000
vt 0.875000 0.200000
vt 0.750000 0.200000
vt 0.000000 0.200000
vt -0.125000 0.200000
vt 0.125000 0.200000
vt 0.250000 0.200000
vt 0.375000 0.200000
vt 0.500000 0.200000
vt 0.625000 0.200000
vt 0.875000 0.400000
vt 0.750000 0.400000
vt 0.000000 0.400000
vt -0.125000 0.400000
vt 0.125000 0.400000
vt 0.250000 0.400000
vt 0.375000 0.400000
vt 0.500000 0.400000
vt 0.625000 0.400000
vt 0.875000 0.600000
vt 0.750000 0.600000
vt 0.000000 0.600000
vt -0.125000 0.600000
vt 0.125000 0.600000
vt 0.250000 0.600000
vt 0.375000 0.600000
vt 0.625000 0.600000
vt 0.500000 0.600000
vt 0.875000 0.800000
vt 0.750000 0.800000
vt 0.000000 0.800000
vt -0.125000 0.800000
vt 0.125000 0.800000
vt 0.250000 0.800000
vt 0.500000 0.800000
vt 0.375000 0.800000
vt 0.625000 0.800000
vt 0.875000 1.000000
vt 0.000000 1.000000
vt -0.125000 1.000000
vt 0.125000 1.000000
vt 0.250000 1.000000
vt 0.375000 1.000000
vt 0.625000 1.000000
s 0
usemtl 
f 931/635/609 932/636/609 933/637/609
f 931/638/610 933/637/610 934/639/610
f 931/640/611 934/639/611 935/641/611
f 931/642/612 935/641/612 936/643/612
f 931/644/613 936/643/613 937/645/613
f 931/646/614 937/645/614 938/647/614
f 931/648/615 938/647/615 939/649/615
f 931/650/616 939/649/616 940/651/616
f 931/652/617 940/651/617 941/653/617
f 931/654/618 941/653/618 942/655/618
f 931/656/619 942/655/619 943/657/619
f 931/658/620 943/657/620 932/659/620
f 932/636/621 944/660/621 945/661/621
f 932/636/622 945/661/622 933/637/622
f 933/637/623 945/661/623 946/662/623
f 933/637/624 946/662/624 934/639/624
f 934/639/625 946/662/625 947/663/625
f 934/639/626 947/663/626 935/641/626
f 935/641/627 947/663/627 948/664/627
f 935/641/628 948/664/628 936/643/628
f 936/643/629 948/664/629 949/665/629
f 936/643/630 949/665/630 937/645/630
f 937/645/631 949/665/631 950/666/631
f 937/645/632 950/666/632 938/647/632
f 938/647/633 950/666/633 951/667/633
f 938/647/634 951/667/634 939/649/634
f 939/649/635 951/667/635 952/668/635
f 939/649/636 952/668/636 940/651/636
f 940/651/637 952/668/637 953/669/637
f 940/651/638 953/669/638 941/653/638
f 941/653/639 953/669/639 954/670/639
f 941/653/640 954/670/640 942/655/640
f 942/655/641 954/670/641 955/671/641
f 942/655/642 955/671/642 943/657/642
f 943/657/643 955/671/643 944/672/643
f 943/657/644 944/672/644 932/659/644
f 944/660/645 956/673/645 957/674/645
f 944/660/646 957/674/646 945/661/646
f 945/661/647 957/674/647 958/675/647
f 945/661/648 958/675/648 946/662/648
f 946/662/649 958/675/649 959/676/649
f 946/662/650 959/676/650 947/663/650
f 947/663/651 959/676/651 960/677/651
f 947/663/652 960/677/652 948/664/652
f 948/664/653 960/677/653 961/678/653
f 948/664/654 961/678/654 949/665/654
f 949/665/655 961/678/655 962/679/655
f 949/665/656 962/679/656 950/666/656
f 950/666/657 962/679/657 963/680/657
f 950/666/658 963/680/658 951/667/658
f 951/667/659 963/680/659 964/681/659
f 951/667/660 964/681/660 952/668/660
f 952/668/661 964/681/661 965/682/661
f 952/668/662 965/682/662 953/669/662
f 953/669/663 965/682/663 966/683/663
f 953/669/664 966/683/664 954/670/664
f 954/670/665 966/683/665 967/684/665
f 954/670/666 967/684/666 955/671/666
f 955/671/667 967/684/667 956/685/667
f 955/671/668 956/685/668 944/672/668
f 956/673/669 968/686/669 969/687/669
f 956/673/670 969/687/670 957/674/670
f 957/674/671 969/687/671 970/688/671
f 957/674/672 970/688/672 958/675/672
f 958/675/673 970/688/673 971/689/673
f 958/675/674 971/689/674 959/676/674
f 959/676/675 971/689/675 972/690/675
f 959/676/676 972/690/676 960/677/676
f 960/677/677 972/690/677 973/691/677
f 960/677/678 973/691/678 961/678/678
f 961/678/679 973/691/679 974/692/679
f 961/678/680 974/692/680 962/679/680
f 962/679/681 974/692/681 975/693/681
f 962/679/682 975/693/682 963/680/682
f 963/680/683 975/693/683 976/694/683
f 963/680/684 976/694/684 964/681/684
f 964/681/685 976/694/685 977/695/685
f 964/681/686 977/695/686 965/682/686
f 965/682/687 977/695/687 978/696/687
f 965/682/688 978/696/688 966/683/688
f 966/683/689 978/696/689 979/697/689
f 966/683/690 979/697/690 967/684/690
f 967/684/691 979/697/691 968/698/691
f 967/684/692 968/698/692 956/685/692
f 968/686/693 980/699/693 981/700/693
f 968/686/694 981/700/694 969/687/694
f 969/687/695 981/700/695 982/701/695
f 969/687/696 982/701/696 970/688/696
f 970/688/697 982/701/697 983/702/697
f 970/688/698 983/702/698 971/689/698
f 971/689/699 983/702/699 984/703/699
f 971/689/700 984/703/700 972/690/700
f 972/690/701 984/703/701 985/704/701
f 972/690/702 985/704/702 973/691/702
f 973/691/703 985/704/703 986/705/703
f 973/691/704 986/705/704 974/692/704
f 974/692/705 986/705/705 987/706/705
f 974/692/706 987/706/706 975/693/706
f 975/693/707 987/706/707 988/707/707
f 975/693/708 988/707/708 976/694/708
f 976/694/709 988/707/709 989/708/709
f 976/694/710 989/708/710 977/695/710
f 977/695/711 989/708/711 990/709/711
f 977/695/712 990/709/712 978/696/712
f 978/696/713 990/709/713 991/710/713
f 978/696/714 991/710/714 979/697/714
f 979/697/715 991/710/715 980/711/715
f 979/697/716 980/711/716 968/698/716
f 992/712/717 981/700/717 980/699/717
f 992/713/718 982/701/718 981/700/718
f 992/714/719 983/702/719 982/701/719
f 992/715/720 984/703/720 983/702/720
f 992/716/721 985/704/721 984/703/721
f 992/717/722 986/705/722 985/704/722
f 992/718/723 987/706/723 986/705/723
f 992/719/724 988/707/724 987/706/724
f 992/720/725 989/708/725 988/707/725
f 992/721/726 990/709/726 989/708/726
f 992/722/727 991/710/727 990/709/727
f 992/723/728 980/711/728 991/710/728
f 993/635/729 994/636/729 995/637/729
f 993/638/730 995/637/730 996/639/730
f 993/640/731 996/639/731 997/641/731
f 993/642/732 997/641/732 998/643/732
f 993/644/733 998/643/733 999/645/733
f 993/646/734 999/645/734 1000/647/734
f 993/648/735 1000/647/735 1001/649/735
f 993/650/736 1001/649/736 1002/651/736
f 993/652/737 1002/651/737 1003/653/737
f 993/654/738 1003/653/738 1004/655/738
f 993/656/739 1004/655/739 1005/657/739
f 993/658/740 1005/657/740 994/659/740
f 994/636/741 1006/660/741 1007/661/741
f 994/636/742 1007/661/742 995/637/742
f 995/637/743 1007/661/743 1008/662/743
f 995/637/744 1008/662/744 996/639/744
f 996/639/745 1008/662/745 1009/663/745
f 996/639/746 1009/663/746 997/641/746
f 997/641/747 1009/663/747 1010/664/747
f 997/641/748 1010/664/748 998/643/748
f 998/643/749 1010/664/749 1011/665/749
f 998/643/750 1011/665/750 999/645/750
f 999/645/751 1011/665/751 1012/666/751
f 999/645/752 1012/666/752 1000/647/752
f 1000/647/753 1012/666/753 1013/667/753
f 1000/647/754 1013/667/754 1001/649/754
f 1001/649/755 1013/667/755 1014/668/755
f 1001/649/756 1014/668/756 1002/651/756
f 1002/651/757 1014/668/757 1015/669/757
f 1002/651/758 1015/669/758 1003/653/758
f 1003/653/759 1015/669/759 1016/670/759
f 1003/653/760 1016/670/760 1004/655/760
f 1004/655/761 1016/670/761 1017/671/761
f 1004/655/762 1017/671/762 1005/657/762
f 1005/657/763 1017/671/763 1006/672/763
f 1005/657/764 1006/672/764 994/659/764
f 1006/660/765 1018/673/765 1019/674/765
f 1006/660/766 1019/674/766 1007/661/766
f 1007/661/767 1019/674/767 1020/675/767
f 1007/661/768 1020/675/768 1008/662/768
f 1008/662/769 1020/675/769 1021/676/769
f 1008/662/770 1021/676/770 1009/663/770
f 1009/663/771 1021/676/771 1022/677/771
f 1009/663/772 1022/677/772 1010/664/772
f 1010/664/773 1022/677/773 1023/678/773
f 1010/664/774 1023/678/774 1011/665/774
f 1011/665/775 1023/678/775 1024/679/775
f 1011/665/776 1024/679/776 1012/666/776
f 1012/666/777 1024/679/777 1025/680/777
f 1012/666/778 1025/680/778 1013/667/778
f 1013/667/779 1025/680/779 1026/681/779
f 1013/667/780 1026/681/780 1014/668/780
f 1014/668/781 1026/681/781 1027/682/781
f 1014/668/782 1027/682/782 1015/669/782
f 1015/669/783 1027/682/783 1028/683/783
f 1015/669/784 1028/683/784 1016/670/784
f 1016/670/785 1028/683/785 1029/684/785
f 1016/670/786 1029/684/786 1017/671/786
f 1017/671/787 1029/684/787 1018/685/787
f 1017/671/788 1018/685/788 1006/672/788
f 1018/673/789 1030/686/789 1031/687/789
f 1018/673/790 1031/687/790 1019/674/790
f 1019/674/791 1031/687/791 1032/688/791
f 1019/674/792 1032/688/792 1020/675/792
f 1020/675/793 1032/688/793 1033/689/793
f 1020/675/794 1033/689/794 1021/676/794
f 1021/676/795 1033/689/795 1034/690/795
f 1021/676/796 1034/690/796 1022/677/796
f 1022/677/797 1034/690/797 1035/691/797
f 1022/677/798 1035/691/798 1023/678/798
f 1023/678/799 1035/691/799 1036/692/799
f 1023/678/800 1036/692/800 1024/679/800
f 1024/679/801 1036/692/801 1037/693/801
f 1024/679/802 1037/693/802 1025/680/802
f 1025/680/803 1037/693/803 1038/694/803
f 1025/680/804 1038/694/804 1026/681/804
f 1026/681/805 1038/694/805 1039/695/805
f 1026/681/806 1039/695/806 1027/682/806
f 1027/682/807 1039/695/807 1040/696/807
f 1027/682/808 1040/696/808 1028/683/808
f 1028/683/809 1040/696/809 1041/697/809
f 1028/683/810 1041/697/810 1029/684/810
f 1029/684/811 1041/697/811 1030/698/811
f 1029/684/812 1030/698/812 1018/685/812
f 1030/686/813 1042/699/813 1043/700/813
f 1030/686/814 1043/700/814 1031/687/814
f 1031/687/815 1043/700/815 1044/701/815
f 1031/687/816 1044/701/816 1032/688/816
f 1032/688/817 1044/701/817 1045/702/817
f 1032/688/818 1045/702/818 1033/689/818
f 1033/689/819 1045/702/819 1046/703/819
f 1033/689/820 1046/703/820 1034/690/820
f 1034/690/821 1046/703/821 1047/704/821
f 1034/690/822 1047/704/822 1035/691/822
f 1035/691/823 1047/704/823 1048/705/823
f 1035/691/824 1048/705/824 1036/692/824
f 1036/692/825 1048/705/825 1049/706/825
f 1036/692/826 1049/706/826 1037/693/826
f 1037/693/827 1049/706/827 1050/707/827
f 1037/693/828 1050/707/828 1038/694/828
f 1038/694/829 1050/707/829 1051/708/829
f 1038/694/830 1051/708/830 1039/695/830
f 1039/695/831 1051/708/831 1052/709/831
f 1039/695/832 1052/709/832 1040/696/832
f 1040/696/833 1052/709/833 1053/710/833
f 1040/696/834 1053/710/834 1041/697/834
f 1041/697/835 1053/710/835 1042/711/835
f 1041/697/836 1042/711/836 1030/698/836
f 1054/712/837 1043/700/837 1042/699/837
f 1054/713/838 1044/701/838 1043/700/838
f 1054/714/839 1045/702/839 1044/701/839
f 1054/715/840 1046/703/840 1045/702/840
f 1054/716/841 1047/704/841 1046/703/841
f 1054/717/842 1048/705/842 1047/704/842
f 1054/718/843 1049/706/843 1048/705/843
f 1054/719/844 1050/707/844 1049/706/844
f 1054/720/845 1051/708/845 1050/707/845
f 1054/721/846 1052/709/846 1051/708/846
f 1054/722/847 1053/710/847 1052/709/847
f 1054/723/848 1042/711/848 1053/710/848
f 1055/635/849 1056/636/849 1057/637/849
f 1055/638/850 1057/637/850 1058/639/850
f 1055/640/851 1058/639/851 1059/641/851
f 1055/642/852 1059/641/852 1060/643/852
f 1055/644/853 1060/643/853 1061/645/853
f 1055/646/854 1061/645/854 1062/647/854
f 1055/648/855 1062/647/855 1063/649/855
f 1055/650/856 1063/649/856 1064/651/856
f 1055/652/857 1064/651/857 1065/653/857
f 1055/654/858 1065/653/858 1066/655/858
f 1055/656/859 1066/655/859 1067/657/859
f 1055/658/860 1067/657/860 1056/659/860
f 1056/636/861 1068/660/861 1069/661/861
f 1056/636/862 1069/661/862 1057/637/862
f 1057/637/863 1069/661/863 1070/662/863
f 1057/637/864 1070/662/864 1058/639/864
f 1058/639/865 1070/662/865 1071/663/865
f 1058/639/866 1071/663/866 1059/641/866
f 1059/641/867 1071/663/867 1072/664/867
f 1059/641/868 1072/664/868 1060/643/868
f 1060/643/869 1072/664/869 1073/665/869
f 1060/643/870 1073/665/870 1061/645/870
f 1061/645/871 1073/665/871 1074/666/871
f 1061/645/872 1074/666/872 1062/647/872
f 1062/647/873 1074/666/873 1075/667/873
f 1062/647/874 1075/667/874 1063/649/874
f 1063/649/875 1075/667/875 1076/668/875
f 1063/649/876 1076/668/876 1064/651/876
f 1064/651/877 1076/668/877 1077/669/877
f 1064/651/878 1077/669/878 1065/653/878
f 1065/653/879 1077/669/879 1078/670/879
f 1065/653/880 1078/670/880 1066/655/880
f 1066/655/881 1078/670/881 1079/671/881
f 1066/655/882 1079/671/882 1067/657/882
f 1067/657/883 1079/671/883 1068/672/883
f 1067/657/884 1068/672/884 1056/659/884
f 1068/660/885 1080/673/885 1081/674/885
f 1068/660/886 1081/674/886 1069/661/886
f 1069/661/887 1081/674/887 1082/675/887
f 1069/661/888 1082/675/888 1070/662/888
f 1070/662/889 1082/675/889 1083/676/889
f 1070/662/890 1083/676/890 1071/663/890
f 1071/663/891 1083/676/891 1084/677/891
f 1071/663/892 1084/677/892 1072/664/892
f 1072/664/893 1084/677/893 1085/678/893
f 1072/664/894 1085/678/894 1073/665/894
f 1073/665/895 1085/678/895 1086/679/895
f 1073/665/896 1086/679/896 1074/666/896
f 1074/666/897 1086/679/897 1087/680/897
f 1074/666/898 1087/680/898 1075/667/898
f 1075/667/899 1087/680/899 1088/681/899
f 1075/667/900 1088/681/900 1076/668/900
f 1076/668/901 1088/681/901 1089/682/901
f 1076/668/902 1089/682/902 1077/669/902
f 1077/669/903 1089/682/903 1090/683/903
f 1077/669/904 1090/683/904 1078/670/904
f 1078/670/905 1090/683/905 1091/684/905
f 1078/670/906 1091/684/906 1079/671/906
f 1079/671/907 1091/684/907 1080/685/907
f 1079/671/908 1080/685/908 1068/672/908
f 1080/673/909 1092/686/909 1093/687/909
f 1080/673/910 1093/687/910 1081/674/910
f 1081/674/911 1093/687/911 1094/688/911
f 1081/674/912 1094/688/912 1082/675/912
f 1082/675/913 1094/688/913 1095/689/913
f 1082/675/914 1095/689/914 1083/676/914
f 1083/676/915 1095/689/915 1096/690/915
f 1083/676/916 1096/690/916 1084/677/916
f 1084/677/917 1096/690/917 1097/691/917
f 1084/677/918 1097/691/918 1085/678/918
f 1085/678/919 1097/691/919 1098/692/919
f 1085/678/920 1098/692/920 1086/679/920
f 1086/679/921 1098/692/921 1099/693/921
f 1086/679/922 1099/693/922 1087/680/922
f 1087/680/923 1099/693/923 1100/694/923
f 1087/680/924 1100/694/924 1088/681/924
f 1088/681/925 1100/694/925 1101/695/925
f 1088/681/926 1101/695/926 1089/682/926
f 1089/682/927 1101/695/927 1102/696/927
f 1089/682/928 1102/696/928 1090/683/928
f 1090/683/929 1102/696/929 1103/697/929
f 1090/683/930 1103/697/930 1091/684/930
f 1091/684/931 1103/697/931 1092/698/931
f 1091/684/932 1092/698/932 1080/685/932
f 1092/686/933 1104/699/933 1105/700/933
f 1092/686/934 1105/700/934 1093/687/934
f 1093/687/935 1105/700/935 1106/701/935
f 1093/687/936 1106/701/936 1094/688/936
f 1094/688/937 1106/701/937 1107/702/937
f 1094/688/938 1107/702/938 1095/689/938
f 1095/689/939 1107/702/939 1108/703/939
f 1095/689/940 1108/703/940 1096/690/940
f 1096/690/941 1108/703/941 1109/704/941
f 1096/690/942 1109/704/942 1097/691/942
f 1097/691/943 1109/704/943 1110/705/943
f 1097/691/944 1110/705/944 1098/692/944
f 1098/692/945 1110/705/945 1111/706/945
f 1098/692/946 1111/706/946 1099/693/946
f 1099/693/947 1111/706/947 1112/707/947
f 1099/693/948 1112/707/948 1100/694/948
f 1100/694/949 1112/707/949 1113/708/949
f 1100/694/950 1113/708/950 1101/695/950
f 1101/695/951 1113/708/951 1114/709/951
f 1101/695/952 1114/709/952 1102/696/952
f 1102/696/953 1114/709/953 1115/710/953
f 1102/696/954 1115/710/954 1103/697/954
f 1103/697/955 1115/710/955 1104/711/955
f 1103/697/956 1104/711/956 1092/698/956
f 1116/712/957 1105/700/957 1104/699/957
f 1116/713/958 1106/701/958 1105/700/958
f 1116/714/959 1107/702/959 1106/701/959
f 1116/715/960 1108/703/960 1107/702/960
f 1116/716/961 1109/704/961 1108/703/961
f 1116/717/962 1110/705/962 1109/704/962
f 1116/718/963 1111/706/963 1110/705/963
f 1116/719/964 1112/707/964 1111/706/964
f 1116/720/965 1113/708/965 1112/707/965
f 1116/721/966 1114/709/966 1113/708/966
f 1116/722/967 1115/710/967 1114/709/967
f 1116/723/968 1104/711/968 1115/710/968
f 1117/635/969 1118/636/969 1119/637/969
f 1117/638/970 1119/637/970 1120/639/970
f 1117/640/971 1120/639/971 1121/641/971
f 1117/642/972 1121/641/972 1122/643/972
f 1117/644/973 1122/643/973 1123/645/973
f 1117/646/974 1123/645/974 1124/647/974
f 1117/648/975 1124/647/975 1125/649/975
f 1117/650/976 1125/649/976 1126/651/976
f 1117/652/977 1126/651/977 1127/653/977
f 1117/654/978 1127/653/978 1128/655/978
f 1117/656/979 1128/655/979 1129/657/979
f 1117/658/980 1129/657/980 1118/659/980
f 1118/636/981 1130/660/981 1131/661/981
f 1118/636/982 1131/661/982 1119/637/982
f 1119/637/983 1131/661/983 1132/662/983
f 1119/637/984 1132/662/984 1120/639/984
f 1120/639/985 1132/662/985 1133/663/985
f 1120/639/986 1133/663/986 1121/641/986
f 1121/641/987 1133/663/987 1134/664/987
f 1121/641/988 1134/664/988 1122/643/988
f 1122/643/989 1134/664/989 1135/665/989
f 1122/643/990 1135/665/990 1123/645/990
f 1123/645/991 1135/665/991 1136/666/991
f 1123/645/992 1136/666/992 1124/647/992
f 1124/647/993 1136/666/993 1137/667/993
f 1124/647/994 1137/667/994 1125/649/994
f 1125/649/995 1137/667/995 1138/668/995
f 1125/649/996 1138/668/996 1126/651/996
f 1126/651/997 1138/668/997 1139/669/997
f 1126/651/998 1139/669/998 1127/653/998
f 1127/653/999 1139/669/999 1140/670/999
f 1127/653/1000 1140/670/1000 1128/655/1000
f 1128/655/1001 1140/670/1001 1141/671/1001
f 1128/655/1002 1141/671/1002 1129/657/1002
f 1129/657/1003 1141/671/1003 1130/672/1003
f 1129/657/1004 1130/672/1004 1118/659/1004
f 1130/660/1005 1142/673/1005 1143/674/1005
f 1130/660/1006 1143/674/1006 1131/661/1006
f 1131/661/1007 1143/674/1007 1144/675/1007
f 1131/661/1008 1144/675/1008 1132/662/1008
f 1132/662/1009 1144/675/1009 1145/676/1009
f 1132/662/1010 1145/676/1010 1133/663/1010
f 1133/663/1011 1145/676/1011 1146/677/1011
f 1133/663/1012 1146/677/1012 1134/664/1012
f 1134/664/1013 1146/677/1013 1147/678/1013
f 1134/664/1014 1147/678/1014 1135/665/1014
f 1135/665/1015 1147/678/1015 1148/679/1015
f 1135/665/1016 1148/679/1016 1136/666/1016
f 1136/666/1017 1148/679/1017 1149/680/1017
f 1136/666/1018 1149/680/1018 1137/667/1018
f 1137/667/1019 1149/680/1019 1150/681/1019
f 1137/667/1020 1150/681/1020 1138/668/1020
f 1138/668/1021 1150/681/1021 1151/682/1021
f 1138/668/1022 1151/682/1022 1139/669/1022
f 1139/669/1023 1151/682/1023 1152/683/1023
f 1139/669/1024 1152/683/1024 1140/670/1024
f 1140/670/1025 1152/683/1025 1153/684/1025
f 1140/670/1026 1153/684/1026 1141/671/1026
f 1141/671/1027 1153/684/1027 1142/685/1027
f 1141/671/1028 1142/685/1028 1130/672/1028
f 1142/673/1029 1154/686/1029 1155/687/1029
f 1142/673/1030 1155/687/1030 1143/674/1030
f 1143/674/1031 1155/687/1031 1156/688/1031
f 1143/674/1032 1156/688/1032 1144/675/1032
f 1144/675/1033 1156/688/1033 1157/689/1033
f 1144/675/1034 1157/689/1034 1145/676/1034
f 1145/676/1035 1157/689/1035 1158/690/1035
f 1145/676/1036 1158/690/1036 1146/677/1036
f 1146/677/1037 1158/690/1037 1159/691/1037
f 1146/677/1038 1159/691/1038 1147/678/1038
f 1147/678/1039 1159/691/1039 1160/692/1039
f 1147/678/1040 1160/692/1040 1148/679/1040
f 1148/679/1041 1160/692/1041 1161/693/1041
f 1148/679/1042 1161/693/1042 1149/680/1042
f 1149/680/1043 1161/693/1043 1162/694/1043
f 1149/680/1044 1162/694/1044 1150/681/1044
f 1150/681/1045 1162/694/1045 1163/695/1045
f 1150/681/1046 1163/695/1046 1151/682/1046
f 1151/682/1047 1163/695/1047 1164/696/1047
f 1151/682/1048 1164/696/1048 1152/683/1048
f 1152/683/1049 1164/696/1049 1165/697/1049
f 1152/683/1050 1165/697/1050 1153/684/1050
f 1153/684/1051 1165/697/1051 1154/698/1051
f 1153/684/1052 1154/698/1052 1142/685/1052
f 1154/686/1053 1166/699/1053 1167/700/1053
f 1154/686/1054 1167/700/1054 1155/687/1054
f 1155/687/1055 1167/700/1055 1168/701/1055
f 1155/687/1056 1168/701/1056 1156/688/1056
f 1156/688/1057 1168/701/1057 1169/702/1057
f 1156/688/1058 1169/702/1058 1157/689/1058
f 1157/689/1059 1169/702/1059 1170/703/1059
f 1157/689/1060 1170/703/1060 1158/690/1060
f 1158/690/1061 1170/703/1061 1171/704/1061
f 1158/690/1062 1171/704/1062 1159/691/1062
f 1159/691/1063 1171/704/1063 1172/705/1063
f 1159/691/1064 1172/705/1064 1160/692/1064
f 1160/692/1065 1172/705/1065 1173/706/1065
f 1160/692/1066 1173/706/1066 1161/693/1066
f 1161/693/1067 1173/706/1067 1174/707/1067
f 1161/693/1068 1174/707/1068 1162/694/1068
f 1162/694/1069 1174/707/1069 1175/708/1069
f 1162/694/1070 1175/708/1070 1163/695/1070
f 1163/695/1071 1175/708/1071 1176/709/1071
f 1163/695/1072 1176/709/1072 1164/696/1072
f 1164/696/1073 1176/709/1073 1177/710/1073
f 1164/696/1074 1177/710/1074 1165/697/1074
f 1165/697/1075 1177/710/1075 1166/711/1075
f 1165/697/1076 1166/711/1076 1154/698/1076
f 1178/712/1077 1167/700/1077 1166/699/1077
f 1178/713/1078 1168/701/1078 1167/700/1078
f 1178/714/1079 1169/702/1079 1168/701/1079
f 1178/715/1080 1170/703/1080 1169/702/1080
f 1178/716/1081 1171/704/1081 1170/703/1081
f 1178/717/1082 1172/705/1082 1171/704/1082
f 1178/718/1083 1173/706/1083 1172/705/1083
f 1178/719/1084 1174/707/1084 1173/706/1084
f 1178/720/1085 1175/708/1085 1174/707/1085
f 1178/721/1086 1176/709/1086 1175/708/1086
f 1178/722/1087 1177/710/1087 1176/709/1087
f 1178/723/1088 1166/711/1088 1177/710/1088
s 1
f 1179/724/1089 1181/725/1089 1180/726/1089
f 1179/724/1089 1182/727/1089 1181/725/1089
f 1179/724/1089 1183/728/1089 1182/727/1089
f 1179/724/1089 1184/729/1089 1183/728/1089
f 1179/724/1089 1185/730/1089 1184/731/1089
f 1179/724/1089 1186/732/1089 1185/730/1089
f 1179/724/1089 1187/733/1089 1186/732/1089
f 1179/724/1089 1188/734/1089 1187/733/1089
f 1179/724/1089 1189/735/1089 1188/734/1089
f 1179/724/1089 1190/736/1089 1189/735/1089
f 1179/724/1089 1191/737/1089 1190/736/1089
f 1179/724/1089 1192/738/1089 1191/737/1089
f 1179/724/1089 1193/739/1089 1192/738/1089
f 1179/724/1089 1194/740/1089 1193/739/1089
f 1179/724/1089 1195/741/1089 1194/740/1089
f 1179/724/1089 1196/742/1089 1195/741/1089
f 1179/724/1089 1197/743/1089 1196/742/1089
f 1179/724/1089 1180/726/1089 1197/743/1089
f 1180/726/1090 1199/744/1091 1198/745/1090
f 1180/726/1090 1181/725/1091 1199/744/1091
f 1181/725/1091 1200/746/1092 1199/744/1091
f 1181/725/1091 1182/727/1092 1200/746/1092
f 1182/727/1092 1201/747/1093 1200/746/1092
f 1182/727/1092 1183/728/1093 1201/747/1093
f 1183/728/1093 1202/748/1094 1201/747/1093
f 1183/728/1093 1184/729/1094 1202/748/1094
f 1184/731/1094 1203/749/1095 1202/750/1094
f 1184/731/1094 1185/730/1095 1203/749/1095
f 1185/730/1095 1204/751/1096 1203/749/1095
f 1185/730/1095 1186/732/1096 1204/751/1096
f 1186/732/1096 1205/752/1097 1204/751/1096
f 1186/732/1096 1187/733/1097 1205/752/1097
f 1187/733/1097 1206/753/1098 1205/752/1097
f 1187/733/1097 1188/734/1098 1206/753/1098
f 1188/734/1098 1207/754/1099 1206/753/1098
f 1188/734/1098 1189/735/1099 1207/754/1099
f 1189/735/1099 1208/755/1100 1207/754/1099
f 1189/735/1099 1190/736/1100 1208/755/1100
f 1190/736/1100 1209/756/1101 1208/755/1100
f 1190/736/1100 1191/737/1101 1209/756/1101
f 1191/737/1101 1210/757/1102 1209/756/1101
f 1191/737/1101 1192/738/1102 1210/757/1102
f 1192/738/1102 1211/758/1103 1210/757/1102
f 1192/738/1102 1193/739/1103 1211/758/1103
f 1193/739/1103 1212/759/1104 1211/758/1103
f 1193/739/1103 1194/740/1104 1212/759/1104
f 1194/740/1104 1213/650/1105 1212/759/1104
f 1194/740/1104 1195/741/1105 1213/650/1105
f 1195/741/1105 1214/760/1106 1213/650/1105
f 1195/741/1105 1196/742/1106 1214/760/1106
f 1196/742/1106 1215/761/1107 1214/760/1106
f 1196/742/1106 1197/743/1107 1215/761/1107
f 1197/743/1107 1198/745/1090 1215/761/1107
f 1197/743/1107 1180/726/1090 1198/745/1090
f 1216/762/1108 1198/745/1108 1199/744/1108
f 1216/762/1108 1199/744/1108 1200/746/1108
f 1216/762/1108 1200/746/1108 1201/747/1108
f 1216/762/1108 1201/747/1108 1202/748/1108
f 1216/762/1108 1202/750/1108 1203/749/1108
f 1216/762/1108 1203/749/1108 1204/751/1108
f 1216/762/1108 1204/751/1108 1205/752/1108
f 1216/762/1108 1205/752/1108 1206/753/1108
f 1216/762/1108 1206/753/1108 1207/754/1108
f 1216/762/1108 1207/754/1108 1208/755/1108
f 1216/762/1108 1208/755/1108 1209/756/1108
f 1216/762/1108 1209/756/1108 1210/757/1108
f 1216/762/1108 1210/757/1108 1211/758/1108
f 1216/762/1108 1211/758/1108 1212/759/1108
f 1216/762/1108 1212/759/1108 1213/650/1108
f 1216/762/1108 1213/650/1108 1214/760/1108
f 1216/762/1108 1214/760/1108 1215/761/1108
f 1216/762/1108 1215/761/1108 1198/745/1108
s 0
f 1217/635/1109 1218/636/1109 1219/637/1109
f 1217/638/1110 1219/637/1110 1220/639/1110
f 1217/640/1111 1220/639/1111 1221/641/1111
f 1217/642/1112 1221/641/1112 1222/643/1112
f 1217/644/1113 1222/643/1113 1223/645/1113
f 1217/646/1114 1223/645/1114 1224/647/1114
f 1217/648/1115 1224/647/1115 1225/649/1115
f 1217/650/1116 1225/649/1116 1226/651/1116
f 1217/652/1117 1226/651/1117 1227/653/1117
f 1217/654/1118 1227/653/1118 1228/655/1118
f 1217/656/1119 1228/655/1119 1229/657/1119
f 1217/658/1120 1229/657/1120 1218/659/1120
f 1218/636/1121 1230/660/1121 1231/661/1121
f 1218/636/1122 1231/661/1122 1219/637/1122
f 1219/637/1123 1231/661/1123 1232/662/1123
f 1219/637/1124 1232/662/1124 1220/639/1124
f 1220/639/1125 1232/662/1125 1233/663/1125
f 1220/639/1126 1233/663/1126 1221/641/1126
f 1221/641/1127 1233/663/1127 1234/664/1127
f 1221/641/1128 1234/664/1128 1222/643/1128
f 1222/643/1129 1234/664/1129 1235/665/1129
f 1222/643/1130 1235/665/1130 1223/645/1130
f 1223/645/1131 1235/665/1131 1236/666/1131
f 1223/645/1132 1236/666/1132 1224/647/1132
f 1224/647/1133 1236/666/1133 1237/667/1133
f 1224/647/1134 1237/667/1134 1225/649/1134
f 1225/649/1135 1237/667/1135 1238/668/1135
f 1225/649/1136 1238/668/1136 1226/651/1136
f 1226/651/1137 1238/668/1137 1239/669/1137
f 1226/651/1138 1239/669/1138 1227/653/1138
f 1227/653/1139 1239/669/1139 1240/670/1139
f 1227/653/1140 1240/670/1140 1228/655/1140
f 1228/655/1141 1240/670/1141 1241/671/1141
f 1228/655/1142 1241/671/1142 1229/657/1142
f 1229/657/1143 1241/671/1143 1230/672/1143
f 1229/657/1144 1230/672/1144 1218/659/1144
f 1230/660/1145 1242/673/1145 1243/674/1145
f 1230/660/1146 1243/674/1146 1231/661/1146
f 1231/661/1147 1243/674/1147 1244/675/1147
f 1231/661/1148 1244/675/1148 1232/662/1148
f 1232/662/1149 1244/675/1149 1245/676/1149
f 1232/662/1150 1245/676/1150 1233/663/1150
f 1233/663/1151 1245/676/1151 1246/677/1151
f 1233/663/1152 1246/677/1152 1234/664/1152
f 1234/664/1153 1246/677/1153 1247/678/1153
f 1234/664/1154 1247/678/1154 1235/665/1154
f 1235/665/1155 1247/678/1155 1248/679/1155
f 1235/665/1156 1248/679/1156 1236/666/1156
f 1236/666/1157 1248/679/1157 1249/680/1157
f 1236/666/1158 1249/680/1158 1237/667/1158
f 1237/667/1159 1249/680/1159 1250/681/1159
f 1237/667/1160 1250/681/1160 1238/668/1160
f 1238/668/1161 1250/681/1161 1251/682/1161
f 1238/668/1162 1251/682/1162 1239/669/1162
f 1239/669/1163 1251/682/1163 1252/683/1163
f 1239/669/1164 1252/683/1164 1240/670/1164
f 1240/670/1165 1252/683/1165 1253/684/1165
f 1240/670/1166 1253/684/1166 1241/671/1166
f 1241/671/1167 1253/684/1167 1242/685/1167
f 1241/671/1168 1242/685/1168 1230/672/1168
f 1242/673/1169 1254/686/1169 1255/687/1169
f 1242/673/1170 1255/687/1170 1243/674/1170
f 1243/674/1171 1255/687/1171 1256/688/1171
f 1243/674/1172 1256/688/1172 1244/675/1172
f 1244/675/1173 1256/688/1173 1257/689/1173
f 1244/675/1174 1257/689/1174 1245/676/1174
f 1245/676/1175 1257/689/1175 1258/690/1175
f 1245/676/1176 1258/690/1176 1246/677/1176
f 1246/677/1177 1258/690/1177 1259/691/1177
f 1246/677/1178 1259/691/1178 1247/678/1178
f 1247/678/1179 1259/691/1179 1260/692/1179
f 1247/678/1180 1260/692/1180 1248/679/1180
f 1248/679/1181 1260/692/1181 1261/693/1181
f 1248/679/1182 1261/693/1182 1249/680/1182
f 1249/680/1183 1261/693/1183 1262/694/1183
f 1249/680/1184 1262/694/1184 1250/681/1184
f 1250/681/1185 1262/694/1185 1263/695/1185
f 1250/681/1186 1263/695/1186 1251/682/1186
f 1251/682/1187 1263/695/1187 1264/696/1187
f 1251/682/1188 1264/696/1188 1252/683/1188
f 1252/683/1189 1264/696/1189 1265/697/1189
f 1252/683/1190 1265/697/1190 1253/684/1190
f 1253/684/1191 1265/697/1191 1254/698/1191
f 1253/684/1192 1254/698/1192 1242/685/1192
f 1254/686/1193 1266/699/1193 1267/700/1193
f 1254/686/1194 1267/700/1194 1255/687/1194
f 1255/687/1195 1267/700/1195 1268/701/1195
f 1255/687/1196 1268/701/1196 1256/688/1196
f 1256/688/1197 1268/701/1197 1269/702/1197
f 1256/688/1198 1269/702/1198 1257/689/1198
f 1257/689/1199 1269/702/1199 1270/703/1199
f 1257/689/1200 1270/703/1200 1258/690/1200
f 1258/690/1201 1270/703/1201 1271/704/1201
f 1258/690/1202 1271/704/1202 1259/691/1202
f 1259/691/1203 1271/704/1203 1272/705/1203
f 1259/691/1204 1272/705/1204 1260/692/1204
f 1260/692/1205 1272/705/1205 1273/706/1205
f 1260/692/1206 1273/706/1206 1261/693/1206
f 1261/693/1207 1273/706/1207 1274/707/1207
f 1261/693/1208 1274/707/1208 1262/694/1208
f 1262/694/1209 1274/707/1209 1275/708/1209
f 1262/694/1210 1275/708/1210 1263/695/1210
f 1263/695/1211 1275/708/1211 1276/709/1211
f 1263/695/1212 1276/709/1212 1264/696/1212
f 1264/696/1213 1276/709/1213 1277/710/1213
f 1264/696/1214 1277/710/1214 1265/697/1214
f 1265/697/1215 1277/710/1215 1266/711/1215
f 1265/697/1216 1266/711/1216 1254/698/1216
f 1278/712/1217 1267/700/1217 1266/699/1217
f 1278/713/1218 1268/701/1218 1267/700/1218
f 1278/714/1219 1269/702/1219 1268/701/1219
f 1278/715/1220 1270/703/1220 1269/702/1220
f 1278/716/1221 1271/704/1221 1270/703/1221
f 1278/717/1222 1272/705/1222 1271/704/1222
f 1278/718/1223 1273/706/1223 1272/705/1223
f 1278/719/1224 1274/707/1224 1273/706/1224
f 1278/720/1225 1275/708/1225 1274/707/1225
f 1278/721/1226 1276/709/1226 1275/708/1226
f 1278/722/1227 1277/710/1227 1276/709/1227
f 1278/723/1228 1266/711/1228 1277/710/1228
f 1279/635/1229 1280/636/1229 1281/637/1229
f 1279/638/1230 1281/637/1230 1282/639/1230
f 1279/640/1231 1282/639/1231 1283/641/1231
f 1279/642/1232 1283/641/1232 1284/643/1232
f 1279/644/1233 1284/643/1233 1285/645/1233
f 1279/646/1234 1285/645/1234 1286/647/1234
f 1279/648/1235 1286/647/1235 1287/649/1235
f 1279/650/1236 1287/649/1236 1288/651/1236
f 1279/652/1237 1288/651/1237 1289/653/1237
f 1279/654/1238 1289/653/1238 1290/655/1238
f 1279/656/1239 1290/655/1239 1291/657/1239
f 1279/658/1240 1291/657/1240 1280/659/1240
f 1280/636/1241 1292/660/1241 1293/661/1241
f 1280/636/1242 1293/661/1242 1281/637/1242
f 1281/637/1243 1293/661/1243 1294/662/1243
f 1281/637/1244 1294/662/1244 1282/639/1244
f 1282/639/1245 1294/662/1245 1295/663/1245
f 1282/639/1246 1295/663/1246 1283/641/1246
f 1283/641/1247 1295/663/1247 1296/664/1247
f 1283/641/1248 1296/664/1248 1284/643/1248
f 1284/643/1249 1296/664/1249 1297/665/1249
f 1284/643/1250 1297/665/1250 1285/645/1250
f 1285/645/1251 1297/665/1251 1298/666/1251
f 1285/645/1252 1298/666/1252 1286/647/1252
f 1286/647/1253 1298/666/1253 1299/667/1253
f 1286/647/1254 1299/667/1254 1287/649/1254
f 1287/649/1255 1299/667/1255 1300/668/1255
f 1287/649/1256 1300/668/1256 1288/651/1256
f 1288/651/1257 1300/668/1257 1301/669/1257
f 1288/651/1258 1301/669/1258 1289/653/1258
f 1289/653/1259 1301/669/1259 1302/670/1259
f 1289/653/1260 1302/670/1260 1290/655/1260
f 1290/655/1261 1302/670/1261 1303/671/1261
f 1290/655/1262 1303/671/1262 1291/657/1262
f 1291/657/1263 1303/671/1263 1292/672/1263
f 1291/657/1264 1292/672/1264 1280/659/1264
f 1292/660/1265 1304/673/1265 1305/674/1265
f 1292/660/1266 1305/674/1266 1293/661/1266
f 1293/661/1267 1305/674/1267 1306/675/1267
f 1293/661/1268 1306/675/1268 1294/662/1268
f 1294/662/1269 1306/675/1269 1307/676/1269
f 1294/662/1270 1307/676/1270 1295/663/1270
f 1295/663/1271 1307/676/1271 1308/677/1271
f 1295/663/1272 1308/677/1272 1296/664/1272
f 1296/664/1273 1308/677/1273 1309/678/1273
f 1296/664/1274 1309/678/1274 1297/665/1274
f 1297/665/1275 1309/678/1275 1310/679/1275
f 1297/665/1276 1310/679/1276 1298/666/1276
f 1298/666/1277 1310/679/1277 1311/680/1277
f 1298/666/1278 1311/680/1278 1299/667/1278
f 1299/667/1279 1311/680/1279 1312/681/1279
f 1299/667/1280 1312/681/1280 1300/668/1280
f 1300/668/1281 1312/681/1281 1313/682/1281
f 1300/668/1282 1313/682/1282 1301/669/1282
f 1301/669/1283 1313/682/1283 1314/683/1283
f 1301/669/1284 1314/683/1284 1302/670/1284
f 1302/670/1285 1314/683/1285 1315/684/1285
f 1302/670/1286 1315/684/1286 1303/671/1286
f 1303/671/1287 1315/684/1287 1304/685/1287
f 1303/671/1288 1304/685/1288 1292/672/1288
f 1304/673/1289 1316/686/1289 1317/687/1289
f 1304/673/1290 1317/687/1290 1305/674/1290
f 1305/674/1291 1317/687/1291 1318/688/1291
f 1305/674/1292 1318/688/1292 1306/675/1292
f 1306/675/1293 1318/688/1293 1319/689/1293
f 1306/675/1294 1319/689/1294 1307/676/1294
f 1307/676/1295 1319/689/1295 1320/690/1295
f 1307/676/1296 1320/690/1296 1308/677/1296
f 1308/677/1297 1320/690/1297 1321/691/1297
f 1308/677/1298 1321/691/1298 1309/678/1298
f 1309/678/1299 1321/691/1299 1322/692/1299
f 1309/678/1300 1322/692/1300 1310/679/1300
f 1310/679/1301 1322/692/1301 1323/693/1301
f 1310/679/1302 1323/693/1302 1311/680/1302
f 1311/680/1303 1323/693/1303 1324/694/1303
f 1311/680/1304 1324/694/1304 1312/681/1304
f 1312/681/1305 1324/694/1305 1325/695/1305
f 1312/681/1306 1325/695/1306 1313/682/1306
f 1313/682/1307 1325/695/1307 1326/696/1307
f 1313/682/1308 1326/696/1308 1314/683/1308
f 1314/683/1309 1326/696/1309 1327/697/1309
f 1314/683/1310 1327/697/1310 1315/684/1310
f 1315/684/1311 1327/697/1311 1316/698/1311
f 1315/684/1312 1316/698/1312 1304/685/1312
f 1316/686/1313 1328/699/1313 1329/700/1313
f 1316/686/1314 1329/700/1314 1317/687/1314
f 1317/687/1315 1329/700/1315 1330/701/1315
f 1317/687/1316 1330/701/1316 1318/688/1316
f 1318/688/1317 1330/701/1317 1331/702/1317
f 1318/688/1318 1331/702/1318 1319/689/1318
f 1319/689/1319 1331/702/1319 1332/703/1319
f 1319/689/1320 1332/703/1320 1320/690/1320
f 1320/690/1321 1332/703/1321 1333/704/1321
f 1320/690/1322 1333/704/1322 1321/691/1322
f 1321/691/1323 1333/704/1323 1334/705/1323
f 1321/691/1324 1334/705/1324 1322/692/1324
f 1322/692/1325 1334/705/1325 1335/706/1325
f 1322/692/1326 1335/706/1326 1323/693/1326
f 1323/693/1327 1335/706/1327 1336/707/1327
f 1323/693/1328 1336/707/1328 1324/694/1328
f 1324/694/1329 1336/707/1329 1337/708/1329
f 1324/694/1330 1337/708/1330 1325/695/1330
f 1325/695/1331 1337/708/1331 1338/709/1331
f 1325/695/1332 1338/709/1332 1326/696/1332
f 1326/696/1333 1338/709/1333 1339/710/1333
f 1326/696/1334 1339/710/1334 1327/697/1334
f 1327/697/1335 1339/710/1335 1328/711/1335
f 1327/697/1336 1328/711/1336 1316/698/1336
f 1340/712/1337 1329/700/1337 1328/699/1337
f 1340/713/1338 1330/701/1338 1329/700/1338
f 1340/714/1339 1331/702/1339 1330/701/1339
f 1340/715/1340 1332/703/1340 1331/702/1340
f 1340/716/1341 1333/704/1341 1332/703/1341
f 1340/717/1342 1334/705/1342 1333/704/1342
f 1340/718/1343 1335/706/1343 1334/705/1343
f 1340/719/1344 1336/707/1344 1335/706/1344
f 1340/720/1345 1337/708/1345 1336/707/1345
f 1340/721/1346 1338/709/1346 1337/708/1346
f 1340/722/1347 1339/710/1347 1338/709/1347
f 1340/723/1348 1328/711/1348 1339/710/1348
f 1341/635/1349 1342/636/1349 1343/637/1349
f 1341/638/1350 1343/637/1350 1344/639/1350
f 1341/640/1351 1344/639/1351 1345/641/1351
f 1341/642/1352 1345/641/1352 1346/643/1352
f 1341/644/1353 1346/643/1353 1347/645/1353
f 1341/646/1354 1347/645/1354 1348/647/1354
f 1341/648/1355 1348/647/1355 1349/649/1355
f 1341/650/1356 1349/649/1356 1350/651/1356
f 1341/652/1357 1350/651/1357 1351/653/1357
f 1341/654/1358 1351/653/1358 1352/655/1358
f 1341/656/1359 1352/655/1359 1353/657/1359
f 1341/658/1360 1353/657/1360 1342/659/1360
f 1342/636/1361 1354/660/1361 1355/661/1361
f 1342/636/1362 1355/661/1362 1343/637/1362
f 1343/637/1363 1355/661/1363 1356/662/1363
f 1343/637/1364 1356/662/1364 1344/639/1364
f 1344/639/1365 1356/662/1365 1357/663/1365
f 1344/639/1366 1357/663/1366 1345/641/1366
f 1345/641/1367 1357/663/1367 1358/664/1367
f 1345/641/1368 1358/664/1368 1346/643/1368
f 1346/643/1369 1358/664/1369 1359/665/1369
f 1346/643/1370 1359/665/1370 1347/645/1370
f 1347/645/1371 1359/665/1371 1360/666/1371
f 1347/645/1372 1360/666/1372 1348/647/1372
f 1348/647/1373 1360/666/1373 1361/667/1373
f 1348/647/1374 1361/667/1374 1349/649/1374
f 1349/649/1375 1361/667/1375 1362/668/1375
f 1349/649/1376 1362/668/1376 1350/651/1376
f 1350/651/1377 1362/668/1377 1363/669/1377
f 1350/651/1378 1363/669/1378 1351/653/1378
f 1351/653/1379 1363/669/1379 1364/670/1379
f 1351/653/1380 1364/670/1380 1352/655/1380
f 1352/655/1381 1364/670/1381 1365/671/1381
f 1352/655/1382 1365/671/1382 1353/657/1382
f 1353/657/1383 1365/671/1383 1354/672/1383
f 1353/657/1384 1354/672/1384 1342/659/1384
f 1354/660/1385 1366/673/1385 1367/674/1385
f 1354/660/1386 1367/674/1386 1355/661/1386
f 1355/661/1387 1367/674/1387 1368/675/1387
f 1355/661/1388 1368/675/1388 1356/662/1388
f 1356/662/1389 1368/675/1389 1369/676/1389
f 1356/662/1390 1369/676/1390 1357/663/1390
f 1357/663/1391 1369/676/1391 1370/677/1391
f 1357/663/1392 1370/677/1392 1358/664/1392
f 1358/664/1393 1370/677/1393 1371/678/1393
f 1358/664/1394 1371/678/1394 1359/665/1394
f 1359/665/1395 1371/678/1395 1372/679/1395
f 1359/665/1396 1372/679/1396 1360/666/1396
f 1360/666/1397 1372/679/1397 1373/680/1397
f 1360/666/1398 1373/680/1398 1361/667/1398
f 1361/667/1399 1373/680/1399 1374/681/1399
f 1361/667/1400 1374/681/1400 1362/668/1400
f 1362/668/1401 1374/681/1401 1375/682/1401
f 1362/668/1402 1375/682/1402 1363/669/1402
f 1363/669/1403 1375/682/1403 1376/683/1403
f 1363/669/1404 1376/683/1404 1364/670/1404
f 1364/670/1405 1376/683/1405 1377/684/1405
f 1364/670/1406 1377/684/1406 1365/671/1406
f 1365/671/1407 1377/684/1407 1366/685/1407
f 1365/671/1408 1366/685/1408 1354/672/1408
f 1366/673/1409 1378/686/1409 1379/687/1409
f 1366/673/1410 1379/687/1410 1367/674/1410
f 1367/674/1411 1379/687/1411 1380/688/1411
f 1367/674/1412 1380/688/1412 1368/675/1412
f 1368/675/1413 1380/688/1413 1381/689/1413
f 1368/675/1414 1381/689/1414 1369/676/1414
f 1369/676/1415 1381/689/1415 1382/690/1415
f 1369/676/1416 1382/690/1416 1370/677/1416
f 1370/677/1417 1382/690/1417 1383/691/1417
f 1370/677/1418 1383/691/1418 1371/678/1418
f 1371/678/1419 1383/691/1419 1384/692/1419
f 1371/678/1420 1384/692/1420 1372/679/1420
f 1372/679/1421 1384/692/1421 1385/693/1421
f 1372/679/1422 1385/693/1422 1373/680/1422
f 1373/680/1423 1385/693/1423 1386/694/1423
f 1373/680/1424 1386/694/1424 1374/681/1424
f 1374/681/1425 1386/694/1425 1387/695/1425
f 1374/681/1426 1387/695/1426 1375/682/1426
f 1375/682/1427 1387/695/1427 1388/696/1427
f 1375/682/1428 1388/696/1428 1376/683/1428
f 1376/683/1429 1388/696/1429 1389/697/1429
f 1376/683/1430 1389/697/1430 1377/684/1430
f 1377/684/1431 1389/697/1431 1378/698/1431
f 1377/684/1432 1378/698/1432 1366/685/1432
f 1378/686/1433 1390/699/1433 1391/700/1433
f 1378/686/1434 1391/700/1434 1379/687/1434
f 1379/687/1435 1391/700/1435 1392/701/1435
f 1379/687/1436 1392/701/1436 1380/688/1436
f 1380/688/1437 1392/701/1437 1393/702/1437
f 1380/688/1438 1393/702/1438 1381/689/1438
f 1381/689/1439 1393/702/1439 1394/703/1439
f 1381/689/1440 1394/703/1440 1382/690/1440
f 1382/690/1441 1394/703/1441 1395/704/1441
f 1382/690/1442 1395/704/1442 1383/691/1442
f 1383/691/1443 1395/704/1443 1396/705/1443
f 1383/691/1444 1396/705/1444 1384/692/1444
f 1384/692/1445 1396/705/1445 1397/706/1445
f 1384/692/1446 1397/706/1446 1385/693/1446
f 1385/693/1447 1397/706/1447 1398/707/1447
f 1385/693/1448 1398/707/1448 1386/694/1448
f 1386/694/1449 1398/707/1449 1399/708/1449
f 1386/694/1450 1399/708/1450 1387/695/1450
f 1387/695/1451 1399/708/1451 1400/709/1451
f 1387/695/1452 1400/709/1452 1388/696/1452
f 1388/696/1453 1400/709/1453 1401/710/1453
f 1388/696/1454 1401/710/1454 1389/697/1454
f 1389/697/1455 1401/710/1455 1390/711/1455
f 1389/697/1456 1390/711/1456 1378/698/1456
f 1402/712/1457 1391/700/1457 1390/699/1457
f 1402/713/1458 1392/701/1458 1391/700/1458
f 1402/714/1459 1393/702/1459 1392/701/1459
f 1402/715/1460 1394/703/1460 1393/702/1460
f 1402/716/1461 1395/704/1461 1394/703/1461
f 1402/717/1462 1396/705/1462 1395/704/1462
f 1402/718/1463 1397/706/1463 1396/705/1463
f 1402/719/1464 1398/707/1464 1397/706/1464
f 1402/720/1465 1399/708/1465 1398/707/1465
f 1402/721/1466 1400/709/1466 1399/708/1466
f 1402/722/1467 1401/710/1467 1400/709/1467
f 1402/723/1468 1390/711/1468 1401/710/1468
f 1403/635/1469 1404/636/1469 1405/637/1469
f 1403/638/1470 1405/637/1470 1406/639/1470
f 1403/640/1471 1406/639/1471 1407/641/1471
f 1403/642/1472 1407/641/1472 1408/643/1472
f 1403/644/1473 1408/643/1473 1409/645/1473
f 1403/646/1474 1409/645/1474 1410/647/1474
f 1403/648/1475 1410/647/1475 1411/649/1475
f 1403/650/1476 1411/649/1476 1412/651/1476
f 1403/652/1477 1412/651/1477 1413/653/1477
f 1403/654/1478 1413/653/1478 1414/655/1478
f 1403/656/1479 1414/655/1479 1415/657/1479
f 1403/658/1480 1415/657/1480 1404/659/1480
f 1404/636/1481 1416/660/1481 1417/661/1481
f 1404/636/1482 1417/661/1482 1405/637/1482
f 1405/637/1483 1417/661/1483 1418/662/1483
f 1405/637/1484 1418/662/1484 1406/639/1484
f 1406/639/1485 1418/662/1485 1419/663/1485
f 1406/639/1486 1419/663/1486 1407/641/1486
f 1407/641/1487 1419/663/1487 1420/664/1487
f 1407/641/1488 1420/664/1488 1408/643/1488
f 1408/643/1489 1420/664/1489 1421/665/1489
f 1408/643/1490 1421/665/1490 1409/645/1490
f 1409/645/1491 1421/665/1491 1422/666/1491
f 1409/645/1492 1422/666/1492 1410/647/1492
f 1410/647/1493 1422/666/1493 1423/667/1493
f 1410/647/1494 1423/667/1494 1411/649/1494
f 1411/649/1495 1423/667/1495 1424/668/1495
f 1411/649/1496 1424/668/1496 1412/651/1496
f 1412/651/1497 1424/668/1497 1425/669/1497
f 1412/651/1498 1425/669/1498 1413/653/1498
f 1413/653/1499 1425/669/1499 1426/670/1499
f 1413/653/1500 1426/670/1500 1414/655/1500
f 1414/655/1501 1426/670/1501 1427/671/1501
f 1414/655/1502 1427/671/1502 1415/657/1502
f 1415/657/1503 1427/671/1503 1416/672/1503
f 1415/657/1504 1416/672/1504 1404/659/1504
f 1416/660/1505 1428/673/1505 1429/674/1505
f 1416/660/1506 1429/674/1506 1417/661/1506
f 1417/661/1507 1429/674/1507 1430/675/1507
f 1417/661/1508 1430/675/1508 1418/662/1508
f 1418/662/1509 1430/675/1509 1431/676/1509
f 1418/662/1510 1431/676/1510 1419/663/1510
f 1419/663/1511 1431/676/1511 1432/677/1511
f 1419/663/1512 1432/677/1512 1420/664/1512
f 1420/664/1513 1432/677/1513 1433/678/1513
f 1420/664/1514 1433/678/1514 1421/665/1514
f 1421/665/1515 1433/678/1515 1434/679/1515
f 1421/665/1516 1434/679/1516 1422/666/1516
f 1422/666/1517 1434/679/1517 1435/680/1517
f 1422/666/1518 1435/680/1518 1423/667/1518
f 1423/667/1519 1435/680/1519 1436/681/1519
f 1423/667/1520 1436/681/1520 1424/668/1520
f 1424/668/1521 1436/681/1521 1437/682/1521
f 1424/668/1522 1437/682/1522 1425/669/1522
f 1425/669/1523 1437/682/1523 1438/683/1523
f 1425/669/1524 1438/683/1524 1426/670/1524
f 1426/670/1525 1438/683/1525 1439/684/1525
f 1426/670/1526 1439/684/1526 1427/671/1526
f 1427/671/1527 1439/684/1527 1428/685/1527
f 1427/671/1528 1428/685/1528 1416/672/1528
f 1428/673/1529 1440/686/1529 1441/687/1529
f 1428/673/1530 1441/687/1530 1429/674/1530
f 1429/674/1531 1441/687/1531 1442/688/1531
f 1429/674/1532 1442/688/1532 1430/675/1532
f 1430/675/1533 1442/688/1533 1443/689/1533
f 1430/675/1534 1443/689/1534 1431/676/1534
f 1431/676/1535 1443/689/1535 1444/690/1535
f 1431/676/1536 1444/690/1536 1432/677/1536
f 1432/677/1537 1444/690/1537 1445/691/1537
f 1432/677/1538 1445/691/1538 1433/678/1538
f 1433/678/1539 1445/691/1539 1446/692/1539
f 1433/678/1540 1446/692/1540 1434/679/1540
f 1434/679/1541 1446/692/1541 1447/693/1541
f 1434/679/1542 1447/693/1542 1435/680/1542
f 1435/680/1543 1447/693/1543 1448/694/1543
f 1435/680/1544 1448/694/1544 1436/681/1544
f 1436/681/1545 1448/694/1545 1449/695/1545
f 1436/681/1546 1449/695/1546 1437/682/1546
f 1437/682/1547 1449/695/1547 1450/696/1547
f 1437/682/1548 1450/696/1548 1438/683/1548
f 1438/683/1549 1450/696/1549 1451/697/1549
f 1438/683/1550 1451/697/1550 1439/684/1550
f 1439/684/1551 1451/697/1551 1440/698/1551
f 1439/684/1552 1440/698/1552 1428/685/1552
f 1440/686/1553 1452/699/1553 1453/700/1553
f 1440/686/1554 1453/700/1554 1441/687/1554
f 1441/687/1555 1453/700/1555 1454/701/1555
f 1441/687/1556 1454/701/1556 1442/688/1556
f 1442/688/1557 1454/701/1557 1455/702/1557
f 1442/688/1558 1455/702/1558 1443/689/1558
f 1443/689/1559 1455/702/1559 1456/703/1559
f 1443/689/1560 1456/703/1560 1444/690/1560
f 1444/690/1561 1456/703/1561 1457/704/1561
f 1444/690/1562 1457/704/1562 1445/691/1562
f 1445/691/1563 1457/704/1563 1458/705/1563
f 1445/691/1564 1458/705/1564 1446/692/1564
f 1446/692/1565 1458/705/1565 1459/706/1565
f 1446/692/1566 1459/706/1566 1447/693/1566
f 1447/693/1567 1459/706/1567 1460/707/1567
f 1447/693/1568 1460/707/1568 1448/694/1568
f 1448/694/1569 1460/707/1569 1461/708/1569
f 1448/694/1570 1461/708/1570 1449/695/1570
f 1449/695/1571 1461/708/1571 1462/709/1571
f 1449/695/1572 1462/709/1572 1450/696/1572
f 1450/696/1573 1462/709/1573 1463/710/1573
f 1450/696/1574 1463/710/1574 1451/697/1574
f 1451/697/1575 1463/710/1575 1452/711/1575
f 1451/697/1576 1452/711/1576 1440/698/1576
f 1464/712/1577 1453/700/1577 1452/699/1577
f 1464/713/1578 1454/701/1578 1453/700/1578
f 1464/714/1579 1455/702/1579 1454/701/1579
f 1464/715/1580 1456/703/1580 1455/702/1580
f 1464/716/1581 1457/704/1581 1456/703/1581
f 1464/717/1582 1458/705/1582 1457/704/1582
f 1464/718/1583 1459/706/1583 1458/705/1583
f 1464/719/1584 1460/707/1584 1459/706/1584
f 1464/720/1585 1461/708/1585 1460/707/1585
f 1464/721/1586 1462/709/1586 1461/708/1586
f 1464/722/1587 1463/710/1587 1462/709/1587
f 1464/723/1588 1452/711/1588 1463/710/1588
f 1545/635/1738 1546/636/1738 1547/637/1738
f 1545/638/1739 1547/637/1739 1548/639/1739
f 1545/640/1740 1548/639/1740 1549/641/1740
f 1545/642/1741 1549/641/1741 1550/643/1741
f 1545/644/1742 1550/643/1742 1551/645/1742
f 1545/646/1743 1551/645/1743 1552/647/1743
f 1545/648/1744 1552/647/1744 1553/649/1744
f 1545/650/1745 1553/649/1745 1554/651/1745
f 1545/652/1746 1554/651/1746 1555/653/1746
f 1545/654/1747 1555/653/1747 1556/655/1747
f 1545/656/1748 1556/655/1748 1557/657/1748
f 1545/658/1749 1557/657/1749 1546/659/1749
f 1546/636/1750 1558/660/1750 1559/661/1750
f 1546/636/1751 1559/661/1751 1547/637/1751
f 1547/637/1752 1559/661/1752 1560/662/1752
f 1547/637/1753 1560/662/1753 1548/639/1753
f 1548/639/1754 1560/662/1754 1561/663/1754
f 1548/639/1755 1561/663/1755 1549/641/1755
f 1549/641/1756 1561/663/1756 1562/664/1756
f 1549/641/1757 1562/664/1757 1550/643/1757
f 1550/643/1758 1562/664/1758 1563/665/1758
f 1550/643/1759 1563/665/1759 1551/645/1759
f 1551/645/1760 1563/665/1760 1564/666/1760
f 1551/645/1761 1564/666/1761 1552/647/1761
f 1552/647/1762 1564/666/1762 1565/667/1762
f 1552/647/1763 1565/667/1763 1553/649/1763
f 1553/649/1764 1565/667/1764 1566/668/1764
f 1553/649/1765 1566/668/1765 1554/651/1765
f 1554/651/1766 1566/668/1766 1567/669/1766
f 1554/651/1767 1567/669/1767 1555/653/1767
f 1555/653/1768 1567/669/1768 1568/670/1768
f 1555/653/1769 1568/670/1769 1556/655/1769
f 1556/655/1770 1568/670/1770 1569/671/1770
f 1556/655/1771 1569/671/1771 1557/657/1771
f 1557/657/1772 1569/671/1772 1558/672/1772
f 1557/657/1773 1558/672/1773 1546/659/1773
f 1558/660/1774 1570/673/1774 1571/674/1774
f 1558/660/1775 1571/674/1775 1559/661/1775
f 1559/661/1776 1571/674/1776 1572/675/1776
f 1559/661/1777 1572/675/1777 1560/662/1777
f 1560/662/1778 1572/675/1778 1573/676/1778
f 1560/662/1779 1573/676/1779 1561/663/1779
f 1561/663/1780 1573/676/1780 1574/677/1780
f 1561/663/1781 1574/677/1781 1562/664/1781
f 1562/664/1782 1574/677/1782 1575/678/1782
f 1562/664/1783 1575/678/1783 1563/665/1783
f 1563/665/1784 1575/678/1784 1576/679/1784
f 1563/665/1785 1576/679/1785 1564/666/1785
f 1564/666/1786 1576/679/1786 1577/680/1786
f 1564/666/1787 1577/680/1787 1565/667/1787
f 1565/667/1788 1577/680/1788 1578/681/1788
f 1565/667/1789 1578/681/1789 1566/668/1789
f 1566/668/1790 1578/681/1790 1579/682/1790
f 1566/668/1791 1579/682/1791 1567/669/1791
f 1567/669/1792 1579/682/1792 1580/683/1792
f 1567/669/1793 1580/683/1793 1568/670/1793
f 1568/670/1794 1580/683/1794 1581/684/1794
f 1568/670/1795 1581/684/1795 1569/671/1795
f 1569/671/1796 1581/684/1796 1570/685/1796
f 1569/671/1797 1570/685/1797 1558/672/1797
f 1570/673/1798 1582/686/1798 1583/687/1798
f 1570/673/1799 1583/687/1799 1571/674/1799
f 1571/674/1800 1583/687/1800 1584/688/1800
f 1571/674/1801 1584/688/1801 1572/675/1801
f 1572/675/1802 1584/688/1802 1585/689/1802
f 1572/675/1803 1585/689/1803 1573/676/1803
f 1573/676/1804 1585/689/1804 1586/690/1804
f 1573/676/1805 1586/690/1805 1574/677/1805
f 1574/677/1806 1586/690/1806 1587/691/1806
f 1574/677/1807 1587/691/1807 1575/678/1807
f 1575/678/1808 1587/691/1808 1588/692/1808
f 1575/678/1809 1588/692/1809 1576/679/1809
f 1576/679/1810 1588/692/1810 1589/693/1810
f 1576/679/1811 1589/693/1811 1577/680/1811
f 1577/680/1812 1589/693/1812 1590/694/1812
f 1577/680/1813 1590/694/1813 1578/681/1813
f 1578/681/1814 1590/694/1814 1591/695/1814
f 1578/681/1815 1591/695/1815 1579/682/1815
f 1579/682/1816 1591/695/1816 1592/696/1816
f 1579/682/1817 1592/696/1817 1580/683/1817
f 1580/683/1818 1592/696/1818 1593/697/1818
f 1580/683/1819 1593/697/1819 1581/684/1819
f 1581/684/1820 1593/697/1820 1582/698/1820
f 1581/684/1821 1582/698/1821 1570/685/1821
f 1582/686/1822 1594/699/1822 1595/700/1822
f 1582/686/1823 1595/700/1823 1583/687/1823
f 1583/687/1824 1595/700/1824 1596/701/1824
f 1583/687/1825 1596/701/1825 1584/688/1825
f 1584/688/1826 1596/701/1826 1597/702/1826
f 1584/688/1827 1597/702/1827 1585/689/1827
f 1585/689/1828 1597/702/1828 1598/703/1828
f 1585/689/1829 1598/703/1829 1586/690/1829
f 1586/690/1830 1598/703/1830 1599/704/1830
f 1586/690/1831 1599/704/1831 1587/691/1831
f 1587/691/1832 1599/704/1832 1600/705/1832
f 1587/691/1833 1600/705/1833 1588/692/1833
f 1588/692/1834 1600/705/1834 1601/706/1834
f 1588/692/1835 1601/706/1835 1589/693/1835
f 1589/693/1836 1601/706/1836 1602/707/1836
f 1589/693/1837 1602/707/1837 1590/694/1837
f 1590/694/1838 1602/707/1838 1603/708/1838
f 1590/694/1839 1603/708/1839 1591/695/1839
f 1591/695/1840 1603/708/1840 1604/709/1840
f 1591/695/1841 1604/709/1841 1592/696/1841
f 1592/696/1842 1604/709/1842 1605/710/1842
f 1592/696/1843 1605/710/1843 1593/697/1843
f 1593/697/1844 1605/710/1844 1594/711/1844
f 1593/697/1845 1594/711/1845 1582/698/1845
f 1606/712/1846 1595/700/1846 1594/699/1846
f 1606/713/1847 1596/701/1847 1595/700/1847
f 1606/714/1848 1597/702/1848 1596/701/1848
f 1606/715/1849 1598/703/1849 1597/702/1849
f 1606/716/1850 1599/704/1850 1598/703/1850
f 1606/717/1851 1600/705/1851 1599/704/1851
f 1606/718/1852 1601/706/1852 1600/705/1852
f 1606/719/1853 1602/707/1853 1601/706/1853
f 1606/720/1854 1603/708/1854 1602/707/1854
f 1606/721/1855 1604/709/1855 1603/708/1855
f 1606/722/1856 1605/710/1856 1604/709/1856
f 1606/723/1857 1594/711/1857 1605/710/1857
f 1607/635/1858 1608/636/1858 1609/637/1858
f 1607/638/1859 1609/637/1859 1610/639/1859
f 1607/640/1860 1610/639/1860 1611/641/1860
f 1607/642/1861 1611/641/1861 1612/643/1861
f 1607/644/1862 1612/643/1862 1613/645/1862
f 1607/646/1863 1613/645/1863 1614/647/1863
f 1607/648/1864 1614/647/1864 1615/649/1864
f 1607/650/1865 1615/649/1865 1616/651/1865
f 1607/652/1866 1616/651/1866 1617/653/1866
f 1607/654/1867 1617/653/1867 1618/655/1867
f 1607/656/1868 1618/655/1868 1619/657/1868
f 1607/658/1869 1619/657/1869 1608/659/1869
f 1608/636/1870 1620/660/1870 1621/661/1870
f 1608/636/1871 1621/661/1871 1609/637/1871
f 1609/637/1872 1621/661/1872 1622/662/1872
f 1609/637/1873 1622/662/1873 1610/639/1873
f 1610/639/1874 1622/662/1874 1623/663/1874
f 1610/639/1875 1623/663/1875 1611/641/1875
f 1611/641/1876 1623/663/1876 1624/664/1876
f 1611/641/1877 1624/664/1877 1612/643/1877
f 1612/643/1878 1624/664/1878 1625/665/1878
f 1612/643/1879 1625/665/1879 1613/645/1879
f 1613/645/1880 1625/665/1880 1626/666/1880
f 1613/645/1881 1626/666/1881 1614/647/1881
f 1614/647/1882 1626/666/1882 1627/667/1882
f 1614/647/1883 1627/667/1883 1615/649/1883
f 1615/649/1884 1627/667/1884 1628/668/1884
f 1615/649/1885 1628/668/1885 1616/651/1885
f 1616/651/1886 1628/668/1886 1629/669/1886
f 1616/651/1887 1629/669/1887 1617/653/1887
f 1617/653/1888 1629/669/1888 1630/670/1888
f 1617/653/1889 1630/670/1889 1618/655/1889
f 1618/655/1890 1630/670/1890 1631/671/1890
f 1618/655/1891 1631/671/1891 1619/657/1891
f 1619/657/1892 1631/671/1892 1620/672/1892
f 1619/657/1893 1620/672/1893 1608/659/1893
f 1620/660/1894 1632/673/1894 1633/674/1894
f 1620/660/1895 1633/674/1895 1621/661/1895
f 1621/661/1896 1633/674/1896 1634/675/1896
f 1621/661/1897 1634/675/1897 1622/662/1897
f 1622/662/1898 1634/675/1898 1635/676/1898
f 1622/662/1899 1635/676/1899 1623/663/1899
f 1623/663/1900 1635/676/1900 1636/677/1900
f 1623/663/1901 1636/677/1901 1624/664/1901
f 1624/664/1902 1636/677/1902 1637/678/1902
f 1624/664/1903 1637/678/1903 1625/665/1903
f 1625/665/1904 1637/678/1904 1638/679/1904
f 1625/665/1905 1638/679/1905 1626/666/1905
f 1626/666/1906 1638/679/1906 1639/680/1906
f 1626/666/1907 1639/680/1907 1627/667/1907
f 1627/667/1908 1639/680/1908 1640/681/1908
f 1627/667/1909 1640/681/1909 1628/668/1909
f 1628/668/1910 1640/681/1910 1641/682/1910
f 1628/668/1911 1641/682/1911 1629/669/1911
f 1629/669/1912 1641/682/1912 1642/683/1912
f 1629/669/1913 1642/683/1913 1630/670/1913
f 1630/670/1914 1642/683/1914 1643/684/1914
f 1630/670/1915 1643/684/1915 1631/671/1915
f 1631/671/1916 1643/684/1916 1632/685/1916
f 1631/671/1917 1632/685/1917 1620/672/1917
f 1632/673/1918 1644/686/1918 1645/687/1918
f 1632/673/1919 1645/687/1919 1633/674/1919
f 1633/674/1920 1645/687/1920 1646/688/1920
f 1633/674/1921 1646/688/1921 1634/675/1921
f 1634/675/1922 1646/688/1922 1647/689/1922
f 1634/675/1923 1647/689/1923 1635/676/1923
f 1635/676/1924 1647/689/1924 1648/690/1924
f 1635/676/1925 1648/690/1925 1636/677/1925
f 1636/677/1926 1648/690/1926 1649/691/1926
f 1636/677/1927 1649/691/1927 1637/678/1927
f 1637/678/1928 1649/691/1928 1650/692/1928
f 1637/678/1929 1650/692/1929 1638/679/1929
f 1638/679/1930 1650/692/1930 1651/693/1930
f 1638/679/1931 1651/693/1931 1639/680/1931
f 1639/680/1932 1651/693/1932 1652/694/1932
f 1639/680/1933 1652/694/1933 1640/681/1933
f 1640/681/1934 1652/694/1934 1653/695/1934
f 1640/681/1935 1653/695/1935 1641/682/1935
f 1641/682/1936 1653/695/1936 1654/696/1936
f 1641/682/1937 1654/696/1937 1642/683/1937
f 1642/683/1938 1654/696/1938 1655/697/1938
f 1642/683/1939 1655/697/1939 1643/684/1939
f 1643/684/1940 1655/697/1940 1644/698/1940
f 1643/684/1941 1644/698/1941 1632/685/1941
f 1644/686/1942 1656/699/1942 1657/700/1942
f 1644/686/1943 1657/700/1943 1645/687/1943
f 1645/687/1944 1657/700/1944 1658/701/1944
f 1645/687/1945 1658/701/1945 1646/688/1945
f 1646/688/1946 1658/701/1946 1659/702/1946
f 1646/688/1947 1659/702/1947 1647/689/1947
f 1647/689/1948 1659/702/1948 1660/703/1948
f 1647/689/1949 1660/703/1949 1648/690/1949
f 1648/690/1950 1660/703/1950 1661/704/1950
f 1648/690/1951 1661/704/1951 1649/691/1951
f 1649/691/1952 1661/704/1952 1662/705/1952
f 1649/691/1953 1662/705/1953 1650/692/1953
f 1650/692/1954 1662/705/1954 1663/706/1954
f 1650/692/1955 1663/706/1955 1651/693/1955
f 1651/693/1956 1663/706/1956 1664/707/1956
f 1651/693/1957 1664/707/1957 1652/694/1957
f 1652/694/1958 1664/707/1958 1665/708/1958
f 1652/694/1959 1665/708/1959 1653/695/1959
f 1653/695/1960 1665/708/1960 1666/709/1960
f 1653/695/1961 1666/709/1961 1654/696/1961
f 1654/696/1962 1666/709/1962 1667/710/1962
f 1654/696/1963 1667/710/1963 1655/697/1963
f 1655/697/1964 1667/710/1964 1656/711/1964
f 1655/697/1965 1656/711/1965 1644/698/1965
f 1668/712/1966 1657/700/1966 1656/699/1966
f 1668/713/1967 1658/701/1967 1657/700/1967
f 1668/714/1968 1659/702/1968 1658/701/1968
f 1668/715/1969 1660/703/1969 1659/702/1969
f 1668/716/1970 1661/704/1970 1660/703/1970
f 1668/717/1971 1662/705/1971 1661/704/1971
f 1668/718/1972 1663/706/1972 1662/705/1972
f 1668/719/1973 1664/707/1973 1663/706/1973
f 1668/720/1974 1665/708/1974 1664/707/1974
f 1668/721/1975 1666/709/1975 1665/708/1975
f 1668/722/1976 1667/710/1976 1666/709/1976
f 1668/723/1977 1656/711/1977 1667/710/1977
f 1669/635/1978 1670/636/1978 1671/637/1978
f 1669/638/1979 1671/637/1979 1672/639/1979
f 1669/640/1980 1672/639/1980 1673/641/1980
f 1669/642/1981 1673/641/1981 1674/643/1981
f 1669/644/1982 1674/643/1982 1675/645/1982
f 1669/646/1983 1675/645/1983 1676/647/1983
f 1669/648/1984 1676/647/1984 1677/649/1984
f 1669/650/1985 1677/649/1985 1678/651/1985
f 1669/652/1986 1678/651/1986 1679/653/1986
f 1669/654/1987 1679/653/1987 1680/655/1987
f 1669/656/1988 1680/655/1988 1681/657/1988
f 1669/658/1989 1681/657/1989 1670/659/1989
f 1670/636/1990 1682/660/1990 1683/661/1990
f 1670/636/1991 1683/661/1991 1671/637/1991
f 1671/637/1992 1683/661/1992 1684/662/1992
f 1671/637/1993 1684/662/1993 1672/639/1993
f 1672/639/1994 1684/662/1994 1685/663/1994
f 1672/639/1995 1685/663/1995 1673/641/1995
f 1673/641/1996 1685/663/1996 1686/664/1996
f 1673/641/1997 1686/664/1997 1674/643/1997
f 1674/643/1998 1686/664/1998 1687/665/1998
f 1674/643/1999 1687/665/1999 1675/645/1999
f 1675/645/2000 1687/665/2000 1688/666/2000
f 1675/645/2001 1688/666/2001 1676/647/2001
f 1676/647/2002 1688/666/2002 1689/667/2002
f 1676/647/2003 1689/667/2003 1677/649/2003
f 1677/649/2004 1689/667/2004 1690/668/2004
f 1677/649/2005 1690/668/2005 1678/651/2005
f 1678/651/2006 1690/668/2006 1691/669/2006
f 1678/651/2007 1691/669/2007 1679/653/2007
f 1679/653/2008 1691/669/2008 1692/670/2008
f 1679/653/2009 1692/670/2009 1680/655/2009
f 1680/655/2010 1692/670/2010 1693/671/2010
f 1680/655/2011 1693/671/2011 1681/657/2011
f 1681/657/2012 1693/671/2012 1682/672/2012
f 1681/657/2013 1682/672/2013 1670/659/2013
f 1682/660/2014 1694/673/2014 1695/674/2014
f 1682/660/2015 1695/674/2015 1683/661/2015
f 1683/661/2016 1695/674/2016 1696/675/2016
f 1683/661/2017 1696/675/2017 1684/662/2017
f 1684/662/2018 1696/675/2018 1697/676/2018
f 1684/662/2019 1697/676/2019 1685/663/2019
f 1685/663/2020 1697/676/2020 1698/677/2020
f 1685/663/2021 1698/677/2021 1686/664/2021
f 1686/664/2022 1698/677/2022 1699/678/2022
f 1686/664/2023 1699/678/2023 1687/665/2023
f 1687/665/2024 1699/678/2024 1700/679/2024
f 1687/665/2025 1700/679/2025 1688/666/2025
f 1688/666/2026 1700/679/2026 1701/680/2026
f 1688/666/2027 1701/680/2027 1689/667/2027
f 1689/667/2028 1701/680/2028 1702/681/2028
f 1689/667/2029 1702/681/2029 1690/668/2029
f 1690/668/2030 1702/681/2030 1703/682/2030
f 1690/668/2031 1703/682/2031 1691/669/2031
f 1691/669/2032 1703/682/2032 1704/683/2032
f 1691/669/2033 1704/683/2033 1692/670/2033
f 1692/670/2034 1704/683/2034 1705/684/2034
f 1692/670/2035 1705/684/2035 1693/671/2035
f 1693/671/2036 1705/684/2036 1694/685/2036
f 1693/671/2037 1694/685/2037 1682/672/2037
f 1694/673/2038 1706/686/2038 1707/687/2038
f 1694/673/2039 1707/687/2039 1695/674/2039
f 1695/674/2040 1707/687/2040 1708/688/2040
f 1695/674/2041 1708/688/2041 1696/675/2041
f 1696/675/2042 1708/688/2042 1709/689/2042
f 1696/675/2043 1709/689/2043 1697/676/2043
f 1697/676/2044 1709/689/2044 1710/690/2044
f 1697/676/2045 1710/690/2045 1698/677/2045
f 1698/677/2046 1710/690/2046 1711/691/2046
f 1698/677/2047 1711/691/2047 1699/678/2047
f 1699/678/2048 1711/691/2048 1712/692/2048
f 1699/678/2049 1712/692/2049 1700/679/2049
f 1700/679/2050 1712/692/2050 1713/693/2050
f 1700/679/2051 1713/693/2051 1701/680/2051
f 1701/680/2052 1713/693/2052 1714/694/2052
f 1701/680/2053 1714/694/2053 1702/681/2053
f 1702/681/2054 1714/694/2054 1715/695/2054
f 1702/681/2055 1715/695/2055 1703/682/2055
f 1703/682/2056 1715/695/2056 1716/696/2056
f 1703/682/2057 1716/696/2057 1704/683/2057
f 1704/683/2058 1716/696/2058 1717/697/2058
f 1704/683/2059 1717/697/2059 1705/684/2059
f 1705/684/2060 1717/697/2060 1706/698/2060
f 1705/684/2061 1706/698/2061 1694/685/2061
f 1706/686/2062 1718/699/2062 1719/700/2062
f 1706/686/2063 1719/700/2063 1707/687/2063
f 1707/687/2064 1719/700/2064 1720/701/2064
f 1707/687/2065 1720/701/2065 1708/688/2065
f 1708/688/2066 1720/701/2066 1721/702/2066
f 1708/688/2067 1721/702/2067 1709/689/2067
f 1709/689/2068 1721/702/2068 1722/703/2068
f 1709/689/2069 1722/703/2069 1710/690/2069
f 1710/690/2070 1722/703/2070 1723/704/2070
f 1710/690/2071 1723/704/2071 1711/691/2071
f 1711/691/2072 1723/704/2072 1724/705/2072
f 1711/691/2073 1724/705/2073 1712/692/2073
f 1712/692/2074 1724/705/2074 1725/706/2074
f 1712/692/2075 1725/706/2075 1713/693/2075
f 1713/693/2076 1725/706/2076 1726/707/2076
f 1713/693/2077 1726/707/2077 1714/694/2077
f 1714/694/2078 1726/707/2078 1727/708/2078
f 1714/694/2079 1727/708/2079 1715/695/2079
f 1715/695/2080 1727/708/2080 1728/709/2080
f 1715/695/2081 1728/709/2081 1716/696/2081
f 1716/696/2082 1728/709/2082 1729/710/2082
f 1716/696/2083 1729/710/2083 1717/697/2083
f 1717/697/2084 1729/710/2084 1718/711/2084
f 1717/697/2085 1718/711/2085 1706/698/2085
f 1730/712/2086 1719/700/2086 1718/699/2086
f 1730/713/2087 1720/701/2087 1719/700/2087
f 1730/714/2088 1721/702/2088 1720/701/2088
f 1730/715/2089 1722/703/2089 1721/702/2089
f 1730/716/2090 1723/704/2090 1722/703/2090
f 1730/717/2091 1724/705/2091 1723/704/2091
f 1730/718/2092 1725/706/2092 1724/705/2092
f 1730/719/2093 1726/707/2093 1725/706/2093
f 1730/720/2094 1727/708/2094 1726/707/2094
f 1730/721/2095 1728/709/2095 1727/708/2095
f 1730/722/2096 1729/710/2096 1728/709/2096
f 1730/723/2097 1718/711/2097 1729/710/2097
f 1811/635/2244 1812/636/2244 1813/637/2244
f 1811/638/2245 1813/637/2245 1814/639/2245
f 1811/640/2246 1814/639/2246 1815/641/2246
f 1811/642/2247 1815/641/2247 1816/643/2247
f 1811/644/2248 1816/643/2248 1817/645/2248
f 1811/646/2249 1817/645/2249 1818/647/2249
f 1811/648/2250 1818/647/2250 1819/649/2250
f 1811/650/2251 1819/649/2251 1820/651/2251
f 1811/652/2252 1820/651/2252 1821/653/2252
f 1811/654/2253 1821/653/2253 1822/655/2253
f 1811/656/2254 1822/655/2254 1823/657/2254
f 1811/658/2255 1823/657/2255 1812/659/2255
f 1812/636/2256 1824/660/2256 1825/661/2256
f 1812/636/2257 1825/661/2257 1813/637/2257
f 1813/637/2258 1825/661/2258 1826/662/2258
f 1813/637/2259 1826/662/2259 1814/639/2259
f 1814/639/2260 1826/662/2260 1827/663/2260
f 1814/639/2261 1827/663/2261 1815/641/2261
f 1815/641/2262 1827/663/2262 1828/664/2262
f 1815/641/2263 1828/664/2263 1816/643/2263
f 1816/643/2264 1828/664/2264 1829/665/2264
f 1816/643/2265 1829/665/2265 1817/645/2265
f 1817/645/2266 1829/665/2266 1830/666/2266
f 1817/645/2267 1830/666/2267 1818/647/2267
f 1818/647/2268 1830/666/2268 1831/667/2268
f 1818/647/2269 1831/667/2269 1819/649/2269
f 1819/649/2270 1831/667/2270 1832/668/2270
f 1819/649/2271 1832/668/2271 1820/651/2271
f 1820/651/2272 1832/668/2272 1833/669/2272
f 1820/651/2273 1833/669/2273 1821/653/2273
f 1821/653/2274 1833/669/2274 1834/670/2274
f 1821/653/2275 1834/670/2275 1822/655/2275
f 1822/655/2276 1834/670/2276 1835/671/2276
f 1822/655/2277 1835/671/2277 1823/657/2277
f 1823/657/2278 1835/671/2278 1824/672/2278
f 1823/657/2279 1824/672/2279 1812/659/2279
f 1824/660/2280 1836/673/2280 1837/674/2280
f 1824/660/2281 1837/674/2281 1825/661/2281
f 1825/661/2282 1837/674/2282 1838/675/2282
f 1825/661/2283 1838/675/2283 1826/662/2283
f 1826/662/2284 1838/675/2284 1839/676/2284
f 1826/662/2285 1839/676/2285 1827/663/2285
f 1827/663/2286 1839/676/2286 1840/677/2286
f 1827/663/2287 1840/677/2287 1828/664/2287
f 1828/664/2288 1840/677/2288 1841/678/2288
f 1828/664/2289 1841/678/2289 1829/665/2289
f 1829/665/2290 1841/678/2290 1842/679/2290
f 1829/665/2291 1842/679/2291 1830/666/2291
f 1830/666/2292 1842/679/2292 1843/680/2292
f 1830/666/2293 1843/680/2293 1831/667/2293
f 1831/667/2294 1843/680/2294 1844/681/2294
f 1831/667/2295 1844/681/2295 1832/668/2295
f 1832/668/2296 1844/681/2296 1845/682/2296
f 1832/668/2297 1845/682/2297 1833/669/2297
f 1833/669/2298 1845/682/2298 1846/683/2298
f 1833/669/2299 1846/683/2299 1834/670/2299
f 1834/670/2300 1846/683/2300 1847/684/2300
f 1834/670/2301 1847/684/2301 1835/671/2301
f 1835/671/2302 1847/684/2302 1836/685/2302
f 1835/671/2303 1836/685/2303 1824/672/2303
f 1836/673/2304 1848/686/2304 1849/687/2304
f 1836/673/2305 1849/687/2305 1837/674/2305
f 1837/674/2306 1849/687/2306 1850/688/2306
f 1837/674/2307 1850/688/2307 1838/675/2307
f 1838/675/2308 1850/688/2308 1851/689/2308
f 1838/675/2309 1851/689/2309 1839/676/2309
f 1839/676/2310 1851/689/2310 1852/690/2310
f 1839/676/2311 1852/690/2311 1840/677/2311
f 1840/677/2312 1852/690/2312 1853/691/2312
f 1840/677/2313 1853/691/2313 1841/678/2313
f 1841/678/2314 1853/691/2314 1854/692/2314
f 1841/678/2315 1854/692/2315 1842/679/2315
f 1842/679/2316 1854/692/2316 1855/693/2316
f 1842/679/2317 1855/693/2317 1843/680/2317
f 1843/680/2318 1855/693/2318 1856/694/2318
f 1843/680/2319 1856/694/2319 1844/681/2319
f 1844/681/2320 1856/694/2320 1857/695/2320
f 1844/681/2321 1857/695/2321 1845/682/2321
f 1845/682/2322 1857/695/2322 1858/696/2322
f 1845/682/2323 1858/696/2323 1846/683/2323
f 1846/683/2324 1858/696/2324 1859/697/2324
f 1846/683/2325 1859/697/2325 1847/684/2325
f 1847/684/2326 1859/697/2326 1848/698/2326
f 1847/684/2327 1848/698/2327 1836/685/2327
f 1848/686/2328 1860/699/2328 1861/700/2328
f 1848/686/2329 1861/700/2329 1849/687/2329
f 1849/687/2330 1861/700/2330 1862/701/2330
f 1849/687/2331 1862/701/2331 1850/688/2331
f 1850/688/2332 1862/701/2332 1863/702/2332
f 1850/688/2333 1863/702/2333 1851/689/2333
f 1851/689/2334 1863/702/2334 1864/703/2334
f 1851/689/2335 1864/703/2335 1852/690/2335
f 1852/690/2336 1864/703/2336 1865/704/2336
f 1852/690/2337 1865/704/2337 1853/691/2337
f 1853/691/2338 1865/704/2338 1866/705/2338
f 1853/691/2339 1866/705/2339 1854/692/2339
f 1854/692/2340 1866/705/2340 1867/706/2340
f 1854/692/2341 1867/706/2341 1855/693/2341
f 1855/693/2342 1867/706/2342 1868/707/2342
f 1855/693/2343 1868/707/2343 1856/694/2343
f 1856/694/2344 1868/707/2344 1869/708/2344
f 1856/694/2345 1869/708/2345 1857/695/2345
f 1857/695/2346 1869/708/2346 1870/709/2346
f 1857/695/2347 1870/709/2347 1858/696/2347
f 1858/696/2348 1870/709/2348 1871/710/2348
f 1858/696/2349 1871/710/2349 1859/697/2349
f 1859/697/2350 1871/710/2350 1860/711/2350
f 1859/697/2351 1860/711/2351 1848/698/2351
f 1872/712/2352 1861/700/2352 1860/699/2352
f 1872/713/2353 1862/701/2353 1861/700/2353
f 1872/714/2354 1863/702/2354 1862/701/2354
f 1872/715/2355 1864/703/2355 1863/702/2355
f 1872/716/2356 1865/704/2356 1864/703/2356
f 1872/717/2357 1866/705/2357 1865/704/2357
f 1872/718/2358 1867/706/2358 1866/705/2358
f 1872/719/2359 1868/707/2359 1867/706/2359
f 1872/720/2360 1869/708/2360 1868/707/2360
f 1872/721/2361 1870/709/2361 1869/708/2361
f 1872/722/2362 1871/710/2362 1870/709/2362
f 1872/723/2363 1860/711/2363 1871/710/2363
f 1873/635/2364 1874/636/2364 1875/637/2364
f 1873/638/2365 1875/637/2365 1876/639/2365
f 1873/640/2366 1876/639/2366 1877/641/2366
f 1873/642/2367 1877/641/2367 1878/643/2367
f 1873/644/2368 1878/643/2368 1879/645/2368
f 1873/646/2369 1879/645/2369 1880/647/2369
f 1873/648/2370 1880/647/2370 1881/649/2370
f 1873/650/2371 1881/649/2371 1882/651/2371
f 1873/652/2372 1882/651/2372 1883/653/2372
f 1873/654/2373 1883/653/2373 1884/655/2373
f 1873/656/2374 1884/655/2374 1885/657/2374
f 1873/658/2375 1885/657/2375 1874/659/2375
f 1874/636/2376 1886/660/2376 1887/661/2376
f 1874/636/2377 1887/661/2377 1875/637/2377
f 1875/637/2378 1887/661/2378 1888/662/2378
f 1875/637/2379 1888/662/2379 1876/639/2379
f 1876/639/2380 1888/662/2380 1889/663/2380
f 1876/639/2381 1889/663/2381 1877/641/2381
f 1877/641/2382 1889/663/2382 1890/664/2382
f 1877/641/2383 1890/664/2383 1878/643/2383
f 1878/643/2384 1890/664/2384 1891/665/2384
f 1878/643/2385 1891/665/2385 1879/645/2385
f 1879/645/2386 1891/665/2386 1892/666/2386
f 1879/645/2387 1892/666/2387 1880/647/2387
f 1880/647/2388 1892/666/2388 1893/667/2388
f 1880/647/2389 1893/667/2389 1881/649/2389
f 1881/649/2390 1893/667/2390 1894/668/2390
f 1881/649/2391 1894/668/2391 1882/651/2391
f 1882/651/2392 1894/668/2392 1895/669/2392
f 1882/651/2393 1895/669/2393 1883/653/2393
f 1883/653/2394 1895/669/2394 1896/670/2394
f 1883/653/2395 1896/670/2395 1884/655/2395
f 1884/655/2396 1896/670/2396 1897/671/2396
f 1884/655/2397 1897/671/2397 1885/657/2397
f 1885/657/2398 1897/671/2398 1886/672/2398
f 1885/657/2399 1886/672/2399 1874/659/2399
f 1886/660/2400 1898/673/2400 1899/674/2400
f 1886/660/2401 1899/674/2401 1887/661/2401
f 1887/661/2402 1899/674/2402 1900/675/2402
f 1887/661/2403 1900/675/2403 1888/662/2403
f 1888/662/2404 1900/675/2404 1901/676/2404
f 1888/662/2405 1901/676/2405 1889/663/2405
f 1889/663/2406 1901/676/2406 1902/677/2406
f 1889/663/2407 1902/677/2407 1890/664/2407
f 1890/664/2408 1902/677/2408 1903/678/2408
f 1890/664/2409 1903/678/2409 1891/665/2409
f 1891/665/2410 1903/678/2410 1904/679/2410
f 1891/665/2411 1904/679/2411 1892/666/2411
f 1892/666/2412 1904/679/2412 1905/680/2412
f 1892/666/2413 1905/680/2413 1893/667/2413
f 1893/667/2414 1905/680/2414 1906/681/2414
f 1893/667/2415 1906/681/2415 1894/668/2415
f 1894/668/2416 1906/681/2416 1907/682/2416
f 1894/668/2417 1907/682/2417 1895/669/2417
f 1895/669/2418 1907/682/2418 1908/683/2418
f 1895/669/2419 1908/683/2419 1896/670/2419
f 1896/670/2420 1908/683/2420 1909/684/2420
f 1896/670/2421 1909/684/2421 1897/671/2421
f 1897/671/2422 1909/684/2422 1898/685/2422
f 1897/671/2423 1898/685/2423 1886/672/2423
f 1898/673/2424 1910/686/2424 1911/687/2424
f 1898/673/2425 1911/687/2425 1899/674/2425
f 1899/674/2426 1911/687/2426 1912/688/2426
f 1899/674/2427 1912/688/2427 1900/675/2427
f 1900/675/2428 1912/688/2428 1913/689/2428
f 1900/675/2429 1913/689/2429 1901/676/2429
f 1901/676/2430 1913/689/2430 1914/690/2430
f 1901/676/2431 1914/690/2431 1902/677/2431
f 1902/677/2432 1914/690/2432 1915/691/2432
f 1902/677/2433 1915/691/2433 1903/678/2433
f 1903/678/2434 1915/691/2434 1916/692/2434
f 1903/678/2435 1916/692/2435 1904/679/2435
f 1904/679/2436 1916/692/2436 1917/693/2436
f 1904/679/2437 1917/693/2437 1905/680/2437
f 1905/680/2438 1917/693/2438 1918/694/2438
f 1905/680/2439 1918/694/2439 1906/681/2439
f 1906/681/2440 1918/694/2440 1919/695/2440
f 1906/681/2441 1919/695/2441 1907/682/2441
f 1907/682/2442 1919/695/2442 1920/696/2442
f 1907/682/2443 1920/696/2443 1908/683/2443
f 1908/683/2444 1920/696/2444 1921/697/2444
f 1908/683/2445 1921/697/2445 1909/684/2445
f 1909/684/2446 1921/697/2446 1910/698/2446
f 1909/684/2447 1910/698/2447 1898/685/2447
f 1910/686/2448 1922/699/2448 1923/700/2448
f 1910/686/2449 1923/700/2449 1911/687/2449
f 1911/687/2450 1923/700/2450 1924/701/2450
f 1911/687/2451 1924/701/2451 1912/688/2451
f 1912/688/2452 1924/701/2452 1925/702/2452
f 1912/688/2453 1925/702/2453 1913/689/2453
f 1913/689/2454 1925/702/2454 1926/703/2454
f 1913/689/2455 1926/703/2455 1914/690/2455
f 1914/690/2456 1926/703/2456 1927/704/2456
f 1914/690/2457 1927/704/2457 1915/691/2457
f 1915/691/2458 1927/704/2458 1928/705/2458
f 1915/691/2459 1928/705/2459 1916/692/2459
f 1916/692/2460 1928/705/2460 1929/706/2460
f 1916/692/2461 1929/706/2461 1917/693/2461
f 1917/693/2462 1929/706/2462 1930/707/2462
f 1917/693/2463 1930/707/2463 1918/694/2463
f 1918/694/2464 1930/707/2464 1931/708/2464
f 1918/694/2465 1931/708/2465 1919/695/2465
f 1919/695/2466 1931/708/2466 1932/709/2466
f 1919/695/2467 1932/709/2467 1920/696/2467
f 1920/696/2468 1932/709/2468 1933/710/2468
f 1920/696/2469 1933/710/2469 1921/697/2469
f 1921/697/2470 1933/710/2470 1922/711/2470
f 1921/697/2471 1922/711/2471 1910/698/2471
f 1934/712/2472 1923/700/2472 1922/699/2472
f 1934/713/2473 1924/701/2473 1923/700/2473
f 1934/714/2474 1925/702/2474 1924/701/2474
f 1934/715/2475 1926/703/2475 1925/702/2475
f 1934/716/2476 1927/704/2476 1926/703/2476
f 1934/717/2477 1928/705/2477 1927/704/2477
f 1934/718/2478 1929/706/2478 1928/705/2478
f 1934/719/2479 1930/707/2479 1929/706/2479
f 1934/720/2480 1931/708/2480 1930/707/2480
f 1934/721/2481 1932/709/2481 1931/708/2481
f 1934/722/2482 1933/710/2482 1932/709/2482
f 1934/723/2483 1922/711/2483 1933/710/2483
f 1935/635/2484 1936/636/2484 1937/637/2484
f 1935/638/2485 1937/637/2485 1938/639/2485
f 1935/640/2486 1938/639/2486 1939/641/2486
f 1935/642/2487 1939/641/2487 1940/643/2487
f 1935/644/2488 1940/643/2488 1941/645/2488
f 1935/646/2489 1941/645/2489 1942/647/2489
f 1935/648/2490 1942/647/2490 1943/649/2490
f 1935/650/2491 1943/649/2491 1944/651/2491
f 1935/652/2492 1944/651/2492 1945/653/2492
f 1935/654/2493 1945/653/2493 1946/655/2493
f 1935/656/2494 1946/655/2494 1947/657/2494
f 1935/658/2495 1947/657/2495 1936/659/2495
f 1936/636/2496 1948/660/2496 1949/661/2496
f 1936/636/2497 1949/661/2497 1937/637/2497
f 1937/637/2498 1949/661/2498 1950/662/2498
f 1937/637/2499 1950/662/2499 1938/639/2499
f 1938/639/2500 1950/662/2500 1951/663/2500
f 1938/639/2501 1951/663/2501 1939/641/2501
f 1939/641/2502 1951/663/2502 1952/664/2502
f 1939/641/2503 1952/664/2503 1940/643/2503
f 1940/643/2504 1952/664/2504 1953/665/2504
f 1940/643/2505 1953/665/2505 1941/645/2505
f 1941/645/2506 1953/665/2506 1954/666/2506
f 1941/645/2507 1954/666/2507 1942/647/2507
f 1942/647/2508 1954/666/2508 1955/667/2508
f 1942/647/2509 1955/667/2509 1943/649/2509
f 1943/649/2510 1955/667/2510 1956/668/2510
f 1943/649/2511 1956/668/2511 1944/651/2511
f 1944/651/2512 1956/668/2512 1957/669/2512
f 1944/651/2513 1957/669/2513 1945/653/2513
f 1945/653/2514 1957/669/2514 1958/670/2514
f 1945/653/2515 1958/670/2515 1946/655/2515
f 1946/655/2516 1958/670/2516 1959/671/2516
f 1946/655/2517 1959/671/2517 1947/657/2517
f 1947/657/2518 1959/671/2518 1948/672/2518
f 1947/657/2519 1948/672/2519 1936/659/2519
f 1948/660/2520 1960/673/2520 1961/674/2520
f 1948/660/2521 1961/674/2521 1949/661/2521
f 1949/661/2522 1961/674/2522 1962/675/2522
f 1949/661/2523 1962/675/2523 1950/662/2523
f 1950/662/2524 1962/675/2524 1963/676/2524
f 1950/662/2525 1963/676/2525 1951/663/2525
f 1951/663/2526 1963/676/2526 1964/677/2526
f 1951/663/2527 1964/677/2527 1952/664/2527
f 1952/664/2528 1964/677/2528 1965/678/2528
f 1952/664/2529 1965/678/2529 1953/665/2529
f 1953/665/2530 1965/678/2530 1966/679/2530
f 1953/665/2531 1966/679/2531 1954/666/2531
f 1954/666/2532 1966/679/2532 1967/680/2532
f 1954/666/2533 1967/680/2533 1955/667/2533
f 1955/667/2534 1967/680/2534 1968/681/2534
f 1955/667/2535 1968/681/2535 1956/668/2535
f 1956/668/2536 1968/681/2536 1969/682/2536
f 1956/668/2537 1969/682/2537 1957/669/2537
f 1957/669/2538 1969/682/2538 1970/683/2538
f 1957/669/2539 1970/683/2539 1958/670/2539
f 1958/670/2540 1970/683/2540 1971/684/2540
f 1958/670/2541 1971/684/2541 1959/671/2541
f 1959/671/2542 1971/684/2542 1960/685/2542
f 1959/671/2543 1960/685/2543 1948/672/2543
f 1960/673/2544 1972/686/2544 1973/687/2544
f 1960/673/2545 1973/687/2545 1961/674/2545
f 1961/674/2546 1973/687/2546 1974/688/2546
f 1961/674/2547 1974/688/2547 1962/675/2547
f 1962/675/2548 1974/688/2548 1975/689/2548
f 1962/675/2549 1975/689/2549 1963/676/2549
f 1963/676/2550 1975/689/2550 1976/690/2550
f 1963/676/2551 1976/690/2551 1964/677/2551
f 1964/677/2552 1976/690/2552 1977/691/2552
f 1964/677/2553 1977/691/2553 1965/678/2553
f 1965/678/2554 1977/691/2554 1978/692/2554
f 1965/678/2555 1978/692/2555 1966/679/2555
f 1966/679/2556 1978/692/2556 1979/693/2556
f 1966/679/2557 1979/693/2557 1967/680/2557
f 1967/680/2558 1979/693/2558 1980/694/2558
f 1967/680/2559 1980/694/2559 1968/681/2559
f 1968/681/2560 1980/694/2560 1981/695/2560
f 1968/681/2561 1981/695/2561 1969/682/2561
f 1969/682/2562 1981/695/2562 1982/696/2562
f 1969/682/2563 1982/696/2563 1970/683/2563
f 1970/683/2564 1982/696/2564 1983/697/2564
f 1970/683/2565 1983/697/2565 1971/684/2565
f 1971/684/2566 1983/697/2566 1972/698/2566
f 1971/684/2567 1972/698/2567 1960/685/2567
f 1972/686/2568 1984/699/2568 1985/700/2568
f 1972/686/2569 1985/700/2569 1973/687/2569
f 1973/687/2570 1985/700/2570 1986/701/2570
f 1973/687/2571 1986/701/2571 1974/688/2571
f 1974/688/2572 1986/701/2572 1987/702/2572
f 1974/688/2573 1987/702/2573 1975/689/2573
f 1975/689/2574 1987/702/2574 1988/703/2574
f 1975/689/2575 1988/703/2575 1976/690/2575
f 1976/690/2576 1988/703/2576 1989/704/2576
f 1976/690/2577 1989/704/2577 1977/691/2577
f 1977/691/2578 1989/704/2578 1990/705/2578
f 1977/691/2579 1990/705/2579 1978/692/2579
f 1978/692/2580 1990/705/2580 1991/706/2580
f 1978/692/2581 1991/706/2581 1979/693/2581
f 1979/693/2582 1991/706/2582 1992/707/2582
f 1979/693/2583 1992/707/2583 1980/694/2583
f 1980/694/2584 1992/707/2584 1993/708/2584
f 1980/694/2585 1993/708/2585 1981/695/2585
f 1981/695/2586 1993/708/2586 1994/709/2586
f 1981/695/2587 1994/709/2587 1982/696/2587
f 1982/696/2588 1994/709/2588 1995/710/2588
f 1982/696/2589 1995/710/2589 1983/697/2589
f 1983/697/2590 1995/710/2590 1984/711/2590
f 1983/697/2591 1984/711/2591 1972/698/2591
f 1996/712/2592 1985/700/2592 1984/699/2592
f 1996/713/2593 1986/701/2593 1985/700/2593
f 1996/714/2594 1987/702/2594 1986/701/2594
f 1996/715/2595 1988/703/2595 1987/702/2595
f 1996/716/2596 1989/704/2596 1988/703/2596
f 1996/717/2597 1990/705/2597 1989/704/2597
f 1996/718/2598 1991/706/2598 1990/705/2598
f 1996/719/2599 1992/707/2599 1991/706/2599
f 1996/720/2600 1993/708/2600 1992/707/2600
f 1996/721/2601 1994/709/2601 1993/708/2601
f 1996/722/2602 1995/710/2602 1994/709/2602
f 1996/723/2603 1984/711/2603 1995/710/2603
f 2157/635/2897 2158/636/2897 2159/637/2897
f 2157/638/2898 2159/637/2898 2160/639/2898
f 2157/640/2899 2160/639/2899 2161/641/2899
f 2157/642/2900 2161/641/2900 2162/643/2900
f 2157/644/2901 2162/643/2901 2163/645/2901
f 2157/646/2902 2163/645/2902 2164/647/2902
f 2157/648/2903 2164/647/2903 2165/649/2903
f 2157/650/2904 2165/649/2904 2166/651/2904
f 2157/652/2905 2166/651/2905 2167/653/2905
f 2157/654/2906 2167/653/2906 2168/655/2906
f 2157/656/2907 2168/655/2907 2169/657/2907
f 2157/658/2908 2169/657/2908 2158/659/2908
f 2158/636/2909 2170/660/2909 2171/661/2909
f 2158/636/2910 2171/661/2910 2159/637/2910
f 2159/637/2911 2171/661/2911 2172/662/2911
f 2159/637/2912 2172/662/2912 2160/639/2912
f 2160/639/2913 2172/662/2913 2173/663/2913
f 2160/639/2914 2173/663/2914 2161/641/2914
f 2161/641/2915 2173/663/2915 2174/664/2915
f 2161/641/2916 2174/664/2916 2162/643/2916
f 2162/643/2917 2174/664/2917 2175/665/2917
f 2162/643/2918 2175/665/2918 2163/645/2918
f 2163/645/2919 2175/665/2919 2176/666/2919
f 2163/645/2920 2176/666/2920 2164/647/2920
f 2164/647/2921 2176/666/2921 2177/667/2921
f 2164/647/2922 2177/667/2922 2165/649/2922
f 2165/649/2923 2177/667/2923 2178/668/2923
f 2165/649/2924 2178/668/2924 2166/651/2924
f 2166/651/2925 2178/668/2925 2179/669/2925
f 2166/651/2926 2179/669/2926 2167/653/2926
f 2167/653/2927 2179/669/2927 2180/670/2927
f 2167/653/2928 2180/670/2928 2168/655/2928
f 2168/655/2929 2180/670/2929 2181/671/2929
f 2168/655/2930 2181/671/2930 2169/657/2930
f 2169/657/2931 2181/671/2931 2170/672/2931
f 2169/657/2932 2170/672/2932 2158/659/2932
f 2170/660/2933 2182/673/2933 2183/674/2933
f 2170/660/2934 2183/674/2934 2171/661/2934
f 2171/661/2935 2183/674/2935 2184/675/2935
f 2171/661/2936 2184/675/2936 2172/662/2936
f 2172/662/2937 2184/675/2937 2185/676/2937
f 2172/662/2938 2185/676/2938 2173/663/2938
f 2173/663/2939 2185/676/2939 2186/677/2939
f 2173/663/2940 2186/677/2940 2174/664/2940
f 2174/664/2941 2186/677/2941 2187/678/2941
f 2174/664/2942 2187/678/2942 2175/665/2942
f 2175/665/2943 2187/678/2943 2188/679/2943
f 2175/665/2944 2188/679/2944 2176/666/2944
f 2176/666/2945 2188/679/2945 2189/680/2945
f 2176/666/2946 2189/680/2946 2177/667/2946
f 2177/667/2947 2189/680/2947 2190/681/2947
f 2177/667/2948 2190/681/2948 2178/668/2948
f 2178/668/2949 2190/681/2949 2191/682/2949
f 2178/668/2950 2191/682/2950 2179/669/2950
f 2179/669/2951 2191/682/2951 2192/683/2951
f 2179/669/2952 2192/683/2952 2180/670/2952
f 2180/670/2953 2192/683/2953 2193/684/2953
f 2180/670/2954 2193/684/2954 2181/671/2954
f 2181/671/2955 2193/684/2955 2182/685/2955
f 2181/671/2956 2182/685/2956 2170/672/2956
f 2182/673/2957 2194/686/2957 2195/687/2957
f 2182/673/2958 2195/687/2958 2183/674/2958
f 2183/674/2959 2195/687/2959 2196/688/2959
f 2183/674/2960 2196/688/2960 2184/675/2960
f 2184/675/2961 2196/688/2961 2197/689/2961
f 2184/675/2962 2197/689/2962 2185/676/2962
f 2185/676/2963 2197/689/2963 2198/690/2963
f 2185/676/2964 2198/690/2964 2186/677/2964
f 2186/677/2965 2198/690/2965 2199/691/2965
f 2186/677/2966 2199/691/2966 2187/678/2966
f 2187/678/2967 2199/691/2967 2200/692/2967
f 2187/678/2968 2200/692/2968 2188/679/2968
f 2188/679/2969 2200/692/2969 2201/693/2969
f 2188/679/2970 2201/693/2970 2189/680/2970
f 2189/680/2971 2201/693/2971 2202/694/2971
f 2189/680/2972 2202/694/2972 2190/681/2972
f 2190/681/2973 2202/694/2973 2203/695/2973
f 2190/681/2974 2203/695/2974 2191/682/2974
f 2191/682/2975 2203/695/2975 2204/696/2975
f 2191/682/2976 2204/696/2976 2192/683/2976
f 2192/683/2977 2204/696/2977 2205/697/2977
f 2192/683/2978 2205/697/2978 2193/684/2978
f 2193/684/2979 2205/697/2979 2194/698/2979
f 2193/684/2980 2194/698/2980 2182/685/2980
f 2194/686/2981 2206/699/2981 2207/700/2981
f 2194/686/2982 2207/700/2982 2195/687/2982
f 2195/687/2983 2207/700/2983 2208/701/2983
f 2195/687/2984 2208/701/2984 2196/688/2984
f 2196/688/2985 2208/701/2985 2209/702/2985
f 2196/688/2986 2209/702/2986 2197/689/2986
f 2197/689/2987 2209/702/2987 2210/703/2987
f 2197/689/2988 2210/703/2988 2198/690/2988
f 2198/690/2989 2210/703/2989 2211/704/2989
f 2198/690/2990 2211/704/2990 2199/691/2990
f 2199/691/2991 2211/704/2991 2212/705/2991
f 2199/691/2992 2212/705/2992 2200/692/2992
f 2200/692/2993 2212/705/2993 2213/706/2993
f 2200/692/2994 2213/706/2994 2201/693/2994
f 2201/693/2995 2213/706/2995 2214/707/2995
f 2201/693/2996 2214/707/2996 2202/694/2996
f 2202/694/2997 2214/707/2997 2215/708/2997
f 2202/694/2998 2215/708/2998 2203/695/2998
f 2203/695/2999 2215/708/2999 2216/709/2999
f 2203/695/3000 2216/709/3000 2204/696/3000
f 2204/696/3001 2216/709/3001 2217/710/3001
f 2204/696/3002 2217/710/3002 2205/697/3002
f 2205/697/3003 2217/710/3003 2206/711/3003
f 2205/697/3004 2206/711/3004 2194/698/3004
f 2218/712/3005 2207/700/3005 2206/699/3005
f 2218/713/3006 2208/701/3006 2207/700/3006
f 2218/714/3007 2209/702/3007 2208/701/3007
f 2218/715/3008 2210/703/3008 2209/702/3008
f 2218/716/3009 2211/704/3009 2210/703/3009
f 2218/717/3010 2212/705/3010 2211/704/3010
f 2218/718/3011 2213/706/3011 2212/705/3011
f 2218/719/3012 2214/707/3012 2213/706/3012
f 2218/720/3013 2215/708/3013 2214/707/3013
f 2218/721/3014 2216/709/3014 2215/708/3014
f 2218/722/3015 2217/710/3015 2216/709/3015
f 2218/723/3016 2206/711/3016 2217/710/3016
f 2219/635/3017 2220/636/3017 2221/637/3017
f 2219/638/3018 2221/637/3018 2222/639/3018
f 2219/640/3019 2222/639/3019 2223/641/3019
f 2219/642/3020 2223/641/3020 2224/643/3020
f 2219/644/3021 2224/643/3021 2225/645/3021
f 2219/646/3022 2225/645/3022 2226/647/3022
f 2219/648/3023 2226/647/3023 2227/649/3023
f 2219/650/3024 2227/649/3024 2228/651/3024
f 2219/652/3025 2228/651/3025 2229/653/3025
f 2219/654/3026 2229/653/3026 2230/655/3026
f 2219/656/3027 2230/655/3027 2231/657/3027
f 2219/658/3028 2231/657/3028 2220/659/3028
f 2220/636/3029 2232/660/3029 2233/661/3029
f 2220/636/3030 2233/661/3030 2221/637/3030
f 2221/637/3031 2233/661/3031 2234/662/3031
f 2221/637/3032 2234/662/3032 2222/639/3032
f 2222/639/3033 2234/662/3033 2235/663/3033
f 2222/639/3034 2235/663/3034 2223/641/3034
f 2223/641/3035 2235/663/3035 2236/664/3035
f 2223/641/3036 2236/664/3036 2224/643/3036
f 2224/643/3037 2236/664/3037 2237/665/3037
f 2224/643/3038 2237/665/3038 2225/645/3038
f 2225/645/3039 2237/665/3039 2238/666/3039
f 2225/645/3040 2238/666/3040 2226/647/3040
f 2226/647/3041 2238/666/3041 2239/667/3041
f 2226/647/3042 2239/667/3042 2227/649/3042
f 2227/649/3043 2239/667/3043 2240/668/3043
f 2227/649/3044 2240/668/3044 2228/651/3044
f 2228/651/3045 2240/668/3045 2241/669/3045
f 2228/651/3046 2241/669/3046 2229/653/3046
f 2229/653/3047 2241/669/3047 2242/670/3047
f 2229/653/3048 2242/670/3048 2230/655/3048
f 2230/655/3049 2242/670/3049 2243/671/3049
f 2230/655/3050 2243/671/3050 2231/657/3050
f 2231/657/3051 2243/671/3051 2232/672/3051
f 2231/657/3052 2232/672/3052 2220/659/3052
f 2232/660/3053 2244/673/3053 2245/674/3053
f 2232/660/3054 2245/674/3054 2233/661/3054
f 2233/661/3055 2245/674/3055 2246/675/3055
f 2233/661/3056 2246/675/3056 2234/662/3056
f 2234/662/3057 2246/675/3057 2247/676/3057
f 2234/662/3058 2247/676/3058 2235/663/3058
f 2235/663/3059 2247/676/3059 2248/677/3059
f 2235/663/3060 2248/677/3060 2236/664/3060
f 2236/664/3061 2248/677/3061 2249/678/3061
f 2236/664/3062 2249/678/3062 2237/665/3062
f 2237/665/3063 2249/678/3063 2250/679/3063
f 2237/665/3064 2250/679/3064 2238/666/3064
f 2238/666/3065 2250/679/3065 2251/680/3065
f 2238/666/3066 2251/680/3066 2239/667/3066
f 2239/667/3067 2251/680/3067 2252/681/3067
f 2239/667/3068 2252/681/3068 2240/668/3068
f 2240/668/3069 2252/681/3069 2253/682/3069
f 2240/668/3070 2253/682/3070 2241/669/3070
f 2241/669/3071 2253/682/3071 2254/683/3071
f 2241/669/3072 2254/683/3072 2242/670/3072
f 2242/670/3073 2254/683/3073 2255/684/3073
f 2242/670/3074 2255/684/3074 2243/671/3074
f 2243/671/3075 2255/684/3075 2244/685/3075
f 2243/671/3076 2244/685/3076 2232/672/3076
f 2244/673/3077 2256/686/3077 2257/687/3077
f 2244/673/3078 2257/687/3078 2245/674/3078
f 2245/674/3079 2257/687/3079 2258/688/3079
f 2245/674/3080 2258/688/3080 2246/675/3080
f 2246/675/3081 2258/688/3081 2259/689/3081
f 2246/675/3082 2259/689/3082 2247/676/3082
f 2247/676/3083 2259/689/3083 2260/690/3083
f 2247/676/3084 2260/690/3084 2248/677/3084
f 2248/677/3085 2260/690/3085 2261/691/3085
f 2248/677/3086 2261/691/3086 2249/678/3086
f 2249/678/3087 2261/691/3087 2262/692/3087
f 2249/678/3088 2262/692/3088 2250/679/3088
f 2250/679/3089 2262/692/3089 2263/693/3089
f 2250/679/3090 2263/693/3090 2251/680/3090
f 2251/680/3091 2263/693/3091 2264/694/3091
f 2251/680/3092 2264/694/3092 2252/681/3092
f 2252/681/3093 2264/694/3093 2265/695/3093
f 2252/681/3094 2265/695/3094 2253/682/3094
f 2253/682/3095 2265/695/3095 2266/696/3095
f 2253/682/3096 2266/696/3096 2254/683/3096
f 2254/683/3097 2266/696/3097 2267/697/3097
f 2254/683/3098 2267/697/3098 2255/684/3098
f 2255/684/3099 2267/697/3099 2256/698/3099
f 2255/684/3100 2256/698/3100 2244/685/3100
f 2256/686/3101 2268/699/3101 2269/700/3101
f 2256/686/3102 2269/700/3102 2257/687/3102
f 2257/687/3103 2269/700/3103 2270/701/3103
f 2257/687/3104 2270/701/3104 2258/688/3104
f 2258/688/3105 2270/701/3105 2271/702/3105
f 2258/688/3106 2271/702/3106 2259/689/3106
f 2259/689/3107 2271/702/3107 2272/703/3107
f 2259/689/3108 2272/703/3108 2260/690/3108
f 2260/690/3109 2272/703/3109 2273/704/3109
f 2260/690/3110 2273/704/3110 2261/691/3110
f 2261/691/3111 2273/704/3111 2274/705/3111
f 2261/691/3112 2274/705/3112 2262/692/3112
f 2262/692/3113 2274/705/3113 2275/706/3113
f 2262/692/3114 2275/706/3114 2263/693/3114
f 2263/693/3115 2275/706/3115 2276/707/3115
f 2263/693/3116 2276/707/3116 2264/694/3116
f 2264/694/3117 2276/707/3117 2277/708/3117
f 2264/694/3118 2277/708/3118 2265/695/3118
f 2265/695/3119 2277/708/3119 2278/709/3119
f 2265/695/3120 2278/709/3120 2266/696/3120
f 2266/696/3121 2278/709/3121 2279/710/3121
f 2266/696/3122 2279/710/3122 2267/697/3122
f 2267/697/3123 2279/710/3123 2268/711/3123
f 2267/697/3124 2268/711/3124 2256/698/3124
f 2280/712/3125 2269/700/3125 2268/699/3125
f 2280/713/3126 2270/701/3126 2269/700/3126
f 2280/714/3127 2271/702/3127 2270/701/3127
f 2280/715/3128 2272/703/3128 2271/702/3128
f 2280/716/3129 2273/704/3129 2272/703/3129
f 2280/717/3130 2274/705/3130 2273/704/3130
f 2280/718/3131 2275/706/3131 2274/705/3131
f 2280/719/3132 2276/707/3132 2275/706/3132
f 2280/720/3133 2277/708/3133 2276/707/3133
f 2280/721/3134 2278/709/3134 2277/708/3134
f 2280/722/3135 2279/710/3135 2278/709/3135
f 2280/723/3136 2268/711/3136 2279/710/3136
usemtl Material_#26
f 1465/726/1589 1466/763/1590 1474/763/1591 1473/726/1592
f 1466/764/1593 1467/765/1594 1475/765/1595 1474/764/1596
f 1467/765/1597 1468/766/1598 1476/766/1599 1475/765/1600
f 1468/766/1601 1469/767/1602 1477/767/1603 1476/766/1604
f 1469/767/1605 1470/768/1606 1478/768/1607 1477/767/1589
f 1470/768/1608 1471/724/1609 1479/724/1610 1478/768/1611
f 1471/724/1612 1472/769/1613 1480/769/1614 1479/724/1615
f 1472/769/1616 1465/726/1617 1473/726/1618 1480/769/1619
f 1473/726/1620 1474/763/1621 1482/770/1622 1481/771/1623
f 1474/764/1624 1475/765/1625 1483/772/1625 1482/773/1625
f 1475/765/1626 1476/766/1626 1484/774/1627 1483/772/1627
f 1476/766/1628 1477/767/1629 1485/775/1630 1484/774/1631
f 1477/767/1632 1478/768/1633 1486/776/1634 1485/775/1635
f 1478/768/1636 1479/724/1637 1487/777/1638 1486/776/1638
f 1479/724/1639 1480/769/1640 1488/778/1641 1487/777/1641
f 1480/769/1642 1473/726/1643 1481/771/1644 1488/778/1645
f 1481/771/1646 1482/770/1647 1490/779/1648 1489/780/1649
f 1482/773/1650 1483/772/1651 1491/781/1652 1490/782/1652
f 1483/772/1653 1484/774/1654 1492/783/1655 1491/781/1656
f 1484/774/1657 1485/775/1658 1493/784/1659 1492/783/1660
f 1485/775/1661 1486/776/1662 1494/785/1663 1493/784/1664
f 1486/776/1665 1487/777/1666 1495/786/1667 1494/785/1668
f 1487/777/1669 1488/778/1670 1496/787/1671 1495/786/1672
f 1488/778/1673 1481/771/1674 1489/780/1675 1496/787/1676
f 1489/780/1677 1490/779/1677 1498/788/1677 1497/789/1677
f 1491/781/1678 1499/790/1678 1498/791/1678 1490/782/1678
f 1491/781/1679 1492/783/1679 1500/792/1679 1499/790/1679
f 1492/783/1680 1493/784/1680 1501/793/1680 1500/792/1680
f 1493/784/1681 1494/785/1681 1502/794/1681 1501/793/1681
f 1495/786/1682 1496/787/1682 1504/795/1682 1503/796/1682
f 1489/780/1683 1497/789/1683 1504/795/1683 1496/787/1683
f 1497/789/1684 1498/788/1684 1506/797/1684 1505/798/1684
f 1498/791/1685 1499/790/1685 1507/799/1685 1506/800/1685
f 1499/790/1686 1500/792/1686 1508/801/1686 1507/799/1686
f 1500/792/1687 1501/793/1687 1509/802/1687 1508/801/1687
f 1502/794/1688 1503/796/1688 1511/803/1688 1510/804/1688
f 1503/796/1689 1504/795/1689 1512/805/1689 1511/803/1689
f 1504/795/1690 1497/789/1690 1505/798/1690 1512/805/1690
f 1505/798/1691 1506/797/1691 1514/806/1691 1513/745/1691
f 1506/800/1692 1507/799/1692 1515/807/1692 1514/808/1692
f 1507/799/1693 1508/801/1693 1516/809/1693 1515/807/1693
f 1508/801/1694 1509/802/1694 1517/810/1694 1516/809/1694
f 1509/802/1695 1510/804/1695 1518/811/1695 1517/810/1695
f 1510/804/1696 1511/803/1696 1519/762/1696 1518/811/1696
f 1511/803/1697 1512/805/1697 1520/812/1697 1519/762/1697
f 1512/805/1698 1505/798/1698 1513/745/1698 1520/812/1698
f 1513/745/1699 1514/806/1700 1522/806/1701 1521/745/1699
f 1514/808/1702 1515/807/1703 1523/807/1704 1522/808/1705
f 1515/807/1706 1516/809/1707 1524/809/1703 1523/807/1708
f 1516/809/1709 1517/810/1710 1525/810/1711 1524/809/1712
f 1517/810/1713 1518/811/1711 1526/811/1710 1525/810/1714
f 1518/811/1715 1519/762/1716 1527/762/1703 1526/811/1717
f 1519/762/1718 1520/812/1719 1528/812/1720 1527/762/1721
f 1520/812/1722 1513/745/1723 1521/745/1724 1528/812/1725
f 1502/794/1726 1494/785/1726 1495/786/1726 1503/796/1726
f 1521/745/1727 1522/806/1727 1530/806/1727 1529/745/1727
f 1522/808/1728 1523/807/1728 1531/807/1728 1530/808/1728
f 1523/807/1729 1524/809/1729 1532/809/1729 1531/807/1729
f 1524/809/1730 1525/810/1730 1533/810/1730 1532/809/1730
f 1525/810/1731 1526/811/1731 1534/811/1731 1533/810/1731
f 1526/811/1732 1527/762/1732 1535/762/1732 1534/811/1732
f 1527/762/1733 1528/812/1733 1536/812/1733 1535/762/1733
f 1528/812/1734 1521/745/1734 1529/745/1734 1536/812/1734
f 1466/763/1727 1465/726/1727 1537/726/1727 1538/763/1727
f 1467/765/1728 1466/764/1728 1538/764/1728 1539/765/1728
f 1468/766/1729 1467/765/1729 1539/765/1729 1540/766/1729
f 1469/767/1730 1468/766/1730 1540/766/1730 1541/767/1730
f 1470/768/1731 1469/767/1731 1541/767/1731 1542/768/1731
f 1471/724/1732 1470/768/1732 1542/768/1732 1543/724/1732
f 1472/769/1733 1471/724/1733 1543/724/1733 1544/769/1733
f 1465/726/1734 1472/769/1734 1544/769/1734 1537/726/1734
f 1510/804/1737 1509/802/1737 1501/793/1737 1502/794/1737
f 1731/726/2098 1732/763/2098 1740/763/2099 1739/726/2100
f 1732/764/2101 1733/765/2102 1741/765/2103 1740/764/2104
f 1733/765/2105 1734/766/2106 1742/766/2107 1741/765/2108
f 1734/766/2109 1735/767/2110 1743/767/2111 1742/766/2112
f 1735/767/2113 1736/768/2114 1744/768/2098 1743/767/2115
f 1736/768/2116 1737/724/2103 1745/724/2102 1744/768/2117
f 1737/724/2118 1738/769/2119 1746/769/2120 1745/724/2121
f 1738/769/2122 1731/726/2123 1739/726/2124 1746/769/2109
f 1739/726/2125 1740/763/2126 1748/770/2127 1747/771/2128
f 1740/764/2129 1741/765/2130 1749/772/2131 1748/773/2131
f 1741/765/2132 1742/766/2133 1750/774/2134 1749/772/2134
f 1742/766/2135 1743/767/2136 1751/775/2137 1750/774/2138
f 1743/767/2139 1744/768/2140 1752/776/2141 1751/775/2142
f 1744/768/2143 1745/724/2144 1753/777/2145 1752/776/2145
f 1745/724/2146 1746/769/2147 1754/778/2148 1753/777/2148
f 1746/769/2149 1739/726/2150 1747/771/2151 1754/778/2152
f 1747/771/2153 1748/770/2154 1756/779/2155 1755/780/2155
f 1748/773/2156 1749/772/2157 1757/781/2158 1756/782/2159
f 1749/772/2160 1750/774/2161 1758/783/2162 1757/781/2163
f 1750/774/2164 1751/775/2165 1759/784/2166 1758/783/2167
f 1751/775/2168 1752/776/2169 1760/785/2170 1759/784/2171
f 1752/776/2172 1753/777/2173 1761/786/2174 1760/785/2175
f 1753/777/2176 1754/778/2177 1762/787/2178 1761/786/2179
f 1754/778/2180 1747/771/2181 1755/780/2182 1762/787/2183
f 1755/780/2184 1756/779/2184 1764/788/2184 1763/789/2184
f 1757/781/2185 1765/790/2185 1764/791/2185 1756/782/2185
f 1757/781/2186 1758/783/2186 1766/792/2186 1765/790/2186
f 1758/783/2187 1759/784/2187 1767/793/2187 1766/792/2187
f 1759/784/2188 1760/785/2188 1768/794/2188 1767/793/2188
f 1761/786/2189 1762/787/2189 1770/795/2189 1769/796/2189
f 1755/780/2190 1763/789/2190 1770/795/2190 1762/787/2190
f 1763/789/2191 1764/788/2191 1772/797/2191 1771/798/2191
f 1764/791/2192 1765/790/2192 1773/799/2192 1772/800/2192
f 1765/790/2193 1766/792/2193 1774/801/2193 1773/799/2193
f 1766/792/2194 1767/793/2194 1775/802/2194 1774/801/2194
f 1768/794/2195 1769/796/2195 1777/803/2195 1776/804/2195
f 1769/796/2196 1770/795/2196 1778/805/2196 1777/803/2196
f 1770/795/2197 1763/789/2197 1771/798/2197 1778/805/2197
f 1771/798/2198 1772/797/2198 1780/806/2198 1779/745/2198
f 1772/800/2199 1773/799/2199 1781/807/2199 1780/808/2199
f 1773/799/2200 1774/801/2200 1782/809/2200 1781/807/2200
f 1774/801/2201 1775/802/2201 1783/810/2201 1782/809/2201
f 1775/802/2202 1776/804/2202 1784/811/2202 1783/810/2202
f 1776/804/2203 1777/803/2203 1785/762/2203 1784/811/2203
f 1777/803/2204 1778/805/2204 1786/812/2204 1785/762/2204
f 1778/805/2205 1771/798/2205 1779/745/2205 1786/812/2205
f 1779/745/2206 1780/806/2207 1788/806/2208 1787/745/2209
f 1780/808/2210 1781/807/2211 1789/807/2211 1788/808/2212
f 1781/807/2213 1782/809/2214 1790/809/2215 1789/807/2216
f 1782/809/2217 1783/810/2218 1791/810/2218 1790/809/2219
f 1783/810/2220 1784/811/2221 1792/811/2222 1791/810/2223
f 1784/811/2224 1785/762/2225 1793/762/2225 1792/811/2210
f 1785/762/2216 1786/812/2226 1794/812/2227 1793/762/2228
f 1786/812/2219 1779/745/2229 1787/745/2230 1794/812/2231
f 1768/794/2232 1760/785/2232 1761/786/2232 1769/796/2232
f 1787/745/2233 1788/806/2233 1796/806/2233 1795/745/2233
f 1788/808/2234 1789/807/2234 1797/807/2234 1796/808/2234
f 1789/807/2235 1790/809/2235 1798/809/2235 1797/807/2235
f 1790/809/2236 1791/810/2236 1799/810/2236 1798/809/2236
f 1791/810/2237 1792/811/2237 1800/811/2237 1799/810/2237
f 1792/811/2238 1793/762/2238 1801/762/2238 1800/811/2238
f 1793/762/2239 1794/812/2239 1802/812/2239 1801/762/2239
f 1794/812/2240 1787/745/2240 1795/745/2240 1802/812/2240
f 1732/763/2233 1731/726/2233 1803/726/2233 1804/763/2233
f 1733/765/2234 1732/764/2234 1804/764/2234 1805/765/2234
f 1734/766/2235 1733/765/2235 1805/765/2235 1806/766/2235
f 1735/767/2236 1734/766/2236 1806/766/2236 1807/767/2236
f 1736/768/2237 1735/767/2237 1807/767/2237 1808/768/2237
f 1737/724/2238 1736/768/2238 1808/768/2238 1809/724/2238
f 1738/769/2239 1737/724/2239 1809/724/2239 1810/769/2239
f 1731/726/2240 1738/769/2240 1810/769/2240 1803/726/2240
f 1776/804/2243 1775/802/2243 1767/793/2243 1768/794/2243
f 1997/726/2604 1998/763/2605 2006/763/2606 2005/726/2607
f 1998/764/2608 1999/765/2609 2007/765/2608 2006/764/2610
f 1999/765/2611 2000/766/2612 2008/766/2613 2007/765/2614
f 2000/766/2615 2001/767/2616 2009/767/2617 2008/766/2618
f 2001/767/2605 2002/768/2619 2010/768/2605 2009/767/2620
f 2002/768/2621 2003/724/2622 2011/724/2623 2010/768/2622
f 2003/724/2624 2004/769/2625 2012/769/2626 2011/724/2627
f 2004/769/2628 1997/726/2629 2005/726/2630 2012/769/2615
f 2005/726/2631 2006/763/2632 2014/770/2633 2013/771/2634
f 2006/764/2635 2007/765/2636 2015/772/2637 2014/773/2638
f 2007/765/2639 2008/766/2640 2016/774/2641 2015/772/2642
f 2008/766/2643 2009/767/2644 2017/775/2645 2016/774/2646
f 2009/767/2647 2010/768/2648 2018/776/2649 2017/775/2650
f 2010/768/2651 2011/724/2652 2019/777/2653 2018/776/2654
f 2011/724/2655 2012/769/2656 2020/778/2657 2019/777/2658
f 2012/769/2659 2005/726/2660 2013/771/2661 2020/778/2662
f 2013/771/2663 2014/770/2664 2022/779/2665 2021/780/2666
f 2014/773/2667 2015/772/2668 2023/781/2669 2022/782/2670
f 2015/772/2671 2016/774/2672 2024/783/2673 2023/781/2674
f 2016/774/2675 2017/775/2676 2025/784/2677 2024/783/2678
f 2017/775/2679 2018/776/2680 2026/785/2681 2025/784/2682
f 2018/776/2683 2019/777/2684 2027/786/2685 2026/785/2685
f 2019/777/2686 2020/778/2687 2028/787/2688 2027/786/2689
f 2020/778/2690 2013/771/2691 2021/780/2692 2028/787/2693
f 2021/780/2694 2022/779/2694 2030/788/2694 2029/789/2694
f 2023/781/2695 2031/790/2695 2030/791/2695 2022/782/2695
f 2023/781/2696 2024/783/2696 2032/792/2696 2031/790/2696
f 2024/783/2697 2025/784/2697 2033/793/2697 2032/792/2697
f 2025/784/2698 2026/785/2698 2034/794/2698 2033/793/2698
f 2027/786/2699 2028/787/2699 2036/795/2699 2035/796/2699
f 2021/780/2700 2029/789/2700 2036/795/2700 2028/787/2700
f 2029/789/2701 2030/788/2701 2038/797/2701 2037/798/2701
f 2030/791/2702 2031/790/2702 2039/799/2702 2038/800/2702
f 2031/790/2703 2032/792/2703 2040/801/2703 2039/799/2703
f 2032/792/2704 2033/793/2704 2041/802/2704 2040/801/2704
f 2034/794/2705 2035/796/2705 2043/803/2705 2042/804/2705
f 2035/796/2706 2036/795/2706 2044/805/2706 2043/803/2706
f 2036/795/2707 2029/789/2707 2037/798/2707 2044/805/2707
f 2037/798/2708 2038/797/2708 2046/806/2708 2045/745/2708
f 2038/800/2709 2039/799/2709 2047/807/2709 2046/808/2709
f 2039/799/2710 2040/801/2710 2048/809/2710 2047/807/2710
f 2040/801/2711 2041/802/2711 2049/810/2711 2048/809/2711
f 2041/802/2712 2042/804/2712 2050/811/2712 2049/810/2712
f 2042/804/2713 2043/803/2713 2051/762/2713 2050/811/2713
f 2043/803/2714 2044/805/2714 2052/812/2714 2051/762/2714
f 2044/805/2715 2037/798/2715 2045/745/2715 2052/812/2715
f 2045/745/2716 2046/806/2717 2054/806/2716 2053/745/2718
f 2046/808/2719 2047/807/2720 2055/807/2721 2054/808/2720
f 2047/807/2722 2048/809/2723 2056/809/2724 2055/807/2725
f 2048/809/2726 2049/810/2727 2057/810/2728 2056/809/2727
f 2049/810/2729 2050/811/2730 2058/811/2731 2057/810/2732
f 2050/811/2733 2051/762/2734 2059/762/2733 2058/811/2735
f 2051/762/2725 2052/812/2736 2060/812/2737 2059/762/2722
f 2052/812/2738 2045/745/2739 2053/745/2738 2060/812/2740
f 2034/794/2741 2026/785/2741 2027/786/2741 2035/796/2741
f 2053/745/2742 2054/806/2742 2062/806/2742 2061/745/2742
f 2054/808/2743 2055/807/2743 2063/807/2743 2062/808/2743
f 2055/807/2744 2056/809/2744 2064/809/2744 2063/807/2744
f 2056/809/2745 2057/810/2745 2065/810/2745 2064/809/2745
f 2057/810/2746 2058/811/2746 2066/811/2746 2065/810/2746
f 2058/811/2747 2059/762/2747 2067/762/2747 2066/811/2747
f 2059/762/2748 2060/812/2748 2068/812/2748 2067/762/2748
f 2060/812/2749 2053/745/2749 2061/745/2749 2068/812/2749
f 1998/763/2742 1997/726/2742 2069/726/2742 2070/763/2742
f 1999/765/2743 1998/764/2743 2070/764/2743 2071/765/2743
f 2000/766/2744 1999/765/2744 2071/765/2744 2072/766/2744
f 2001/767/2745 2000/766/2745 2072/766/2745 2073/767/2745
f 2002/768/2746 2001/767/2746 2073/767/2746 2074/768/2746
f 2003/724/2747 2002/768/2747 2074/768/2747 2075/724/2747
f 2004/769/2748 2003/724/2748 2075/724/2748 2076/769/2748
f 1997/726/2749 2004/769/2749 2076/769/2749 2069/726/2749
f 2042/804/2752 2041/802/2752 2033/793/2752 2034/794/2752
f 2077/726/2753 2078/763/2754 2086/763/2755 2085/726/2756
f 2078/764/2757 2079/765/2758 2087/765/2759 2086/764/2760
f 2079/765/2761 2080/766/2762 2088/766/2763 2087/765/2764
f 2080/766/2765 2081/767/2766 2089/767/2767 2088/766/2768
f 2081/767/2769 2082/768/2770 2090/768/2771 2089/767/2772
f 2082/768/2773 2083/724/2774 2091/724/2775 2090/768/2776
f 2083/724/2777 2084/769/2778 2092/769/2779 2091/724/2761
f 2084/769/2780 2077/726/2781 2085/726/2782 2092/769/2783
f 2085/726/2784 2086/763/2785 2094/770/2786 2093/771/2787
f 2086/764/2788 2087/765/2789 2095/772/2790 2094/773/2790
f 2087/765/2791 2088/766/2791 2096/774/2792 2095/772/2792
f 2088/766/2793 2089/767/2794 2097/775/2795 2096/774/2795
f 2089/767/2796 2090/768/2797 2098/776/2798 2097/775/2799
f 2090/768/2800 2091/724/2801 2099/777/2802 2098/776/2802
f 2091/724/2803 2092/769/2804 2100/778/2805 2099/777/2805
f 2092/769/2806 2085/726/2807 2093/771/2808 2100/778/2808
f 2093/771/2809 2094/770/2810 2102/779/2811 2101/780/2812
f 2094/773/2813 2095/772/2814 2103/781/2815 2102/782/2816
f 2095/772/2817 2096/774/2818 2104/783/2819 2103/781/2820
f 2096/774/2821 2097/775/2822 2105/784/2823 2104/783/2824
f 2097/775/2825 2098/776/2826 2106/785/2827 2105/784/2828
f 2098/776/2829 2099/777/2830 2107/786/2831 2106/785/2832
f 2099/777/2833 2100/778/2834 2108/787/2835 2107/786/2836
f 2100/778/2837 2093/771/2838 2101/780/2839 2108/787/2839
f 2101/780/2840 2102/779/2840 2110/788/2840 2109/789/2840
f 2103/781/2841 2111/790/2841 2110/791/2841 2102/782/2841
f 2103/781/2842 2104/783/2842 2112/792/2842 2111/790/2842
f 2104/783/2843 2105/784/2843 2113/793/2843 2112/792/2843
f 2105/784/2844 2106/785/2844 2114/794/2844 2113/793/2844
f 2107/786/2845 2108/787/2845 2116/795/2845 2115/796/2845
f 2101/780/2846 2109/789/2846 2116/795/2846 2108/787/2846
f 2109/789/2847 2110/788/2847 2118/797/2847 2117/798/2847
f 2110/791/2848 2111/790/2848 2119/799/2848 2118/800/2848
f 2111/790/2849 2112/792/2849 2120/801/2849 2119/799/2849
f 2112/792/2850 2113/793/2850 2121/802/2850 2120/801/2850
f 2114/794/2851 2115/796/2851 2123/803/2851 2122/804/2851
f 2115/796/2852 2116/795/2852 2124/805/2852 2123/803/2852
f 2116/795/2853 2109/789/2853 2117/798/2853 2124/805/2853
f 2117/798/2854 2118/797/2854 2126/806/2854 2125/745/2854
f 2118/800/2855 2119/799/2855 2127/807/2855 2126/808/2855
f 2119/799/2856 2120/801/2856 2128/809/2856 2127/807/2856
f 2120/801/2857 2121/802/2857 2129/810/2857 2128/809/2857
f 2121/802/2858 2122/804/2858 2130/811/2858 2129/810/2858
f 2122/804/2859 2123/803/2859 2131/762/2859 2130/811/2859
f 2123/803/2860 2124/805/2860 2132/812/2860 2131/762/2860
f 2124/805/2861 2117/798/2861 2125/745/2861 2132/812/2861
f 2125/745/2862 2126/806/2863 2134/806/2864 2133/745/2865
f 2126/808/2866 2127/807/2867 2135/807/2868 2134/808/2869
f 2127/807/2870 2128/809/2871 2136/809/2872 2135/807/2873
f 2128/809/2874 2129/810/2875 2137/810/2876 2136/809/2877
f 2129/810/2865 2130/811/2878 2138/811/2879 2137/810/2880
f 2130/811/2869 2131/762/2868 2139/762/2881 2138/811/2882
f 2131/762/2883 2132/812/2870 2140/812/2884 2139/762/2883
f 2132/812/2876 2125/745/2876 2133/745/2875 2140/812/2875
f 2114/794/2885 2106/785/2885 2107/786/2885 2115/796/2885
f 2133/745/2886 2134/806/2886 2142/806/2886 2141/745/2886
f 2134/808/2887 2135/807/2887 2143/807/2887 2142/808/2887
f 2135/807/2888 2136/809/2888 2144/809/2888 2143/807/2888
f 2136/809/2889 2137/810/2889 2145/810/2889 2144/809/2889
f 2137/810/2890 2138/811/2890 2146/811/2890 2145/810/2890
f 2138/811/2891 2139/762/2891 2147/762/2891 2146/811/2891
f 2139/762/2892 2140/812/2892 2148/812/2892 2147/762/2892
f 2140/812/2893 2133/745/2893 2141/745/2893 2148/812/2893
f 2078/763/2886 2077/726/2886 2149/726/2886 2150/763/2886
f 2079/765/2887 2078/764/2887 2150/764/2887 2151/765/2887
f 2080/766/2888 2079/765/2888 2151/765/2888 2152/766/2888
f 2081/767/2889 2080/766/2889 2152/766/2889 2153/767/2889
f 2082/768/2890 2081/767/2890 2153/767/2890 2154/768/2890
f 2083/724/2891 2082/768/2891 2154/768/2891 2155/724/2891
f 2084/769/2892 2083/724/2892 2155/724/2892 2156/769/2892
f 2077/726/2893 2084/769/2893 2156/769/2893 2149/726/2893
f 2122/804/2896 2121/802/2896 2113/793/2896 2114/794/2896
s 1
usemtl Material_#25
f 1542/808/1735 1540/808/1735 1539/800/1735 1543/806/1735
f 1543/806/1735 1539/800/1735 1538/800/1735 1544/745/1735
s 0
f 1537/726/1735 1544/769/1735 1538/800/1735
f 1540/766/1735 1542/808/1735 1541/767/1735
s 1
f 1535/782/1736 1531/764/1736 1532/773/1736 1534/782/1736
f 1536/791/1736 1530/764/1736 1531/764/1736 1535/782/1736
s 0
f 1533/810/1736 1534/811/1736 1532/773/1736
f 1530/806/1736 1536/791/1736 1529/745/1736
s 1
f 1808/808/2241 1806/808/2241 1805/800/2241 1809/806/2241
f 1809/806/2241 1805/800/2241 1804/800/2241 1810/745/2241
s 0
f 1803/726/2241 1810/769/2241 1804/800/2241
f 1806/766/2241 1808/808/2241 1807/767/2241
s 1
f 1801/782/2242 1797/764/2242 1798/773/2242 1800/782/2242
f 1802/791/2242 1796/764/2242 1797/764/2242 1801/782/2242
s 0
f 1799/810/2242 1800/811/2242 1798/773/2242
f 1796/806/2242 1802/791/2242 1795/745/2242
s 1
f 2074/808/2750 2072/808/2750 2071/800/2750 2075/806/2750
f 2075/806/2750 2071/800/2750 2070/800/2750 2076/745/2750
s 0
f 2069/726/2750 2076/769/2750 2070/800/2750
f 2072/766/2750 2074/808/2750 2073/767/2750
s 1
f 2067/782/2751 2063/764/2751 2064/773/2751 2066/782/2751
f 2068/791/2751 2062/764/2751 2063/764/2751 2067/782/2751
s 0
f 2065/810/2751 2066/811/2751 2064/773/2751
f 2062/806/2751 2068/791/2751 2061/745/2751
s 1
f 2154/808/2894 2152/808/2894 2151/800/2894 2155/806/2894
f 2155/806/2894 2151/800/2894 2150/800/2894 2156/745/2894
s 0
f 2149/726/2894 2156/769/2894 2150/800/2894
f 2152/766/2894 2154/808/2894 2153/767/2894
s 1
f 2147/782/2895 2143/764/2895 2144/773/2895 2146/782/2895
f 2148/791/2895 2142/764/2895 2143/764/2895 2147/782/2895
s 0
f 2145/810/2870 2146/811/2870 2144/773/2870
f 2142/806/2895 2148/791/2895 2141/745/2895
